md5	sha1	sha256	vt_first_seen	mime_type	file_type	pe_file	file_type_extension
37012488e2939941b1a49ab4016f8f4e	cee87403a0b6abb21411846aae64b6039d218f4b	00bc8de5fdfa19329bbcbdcf1708ac9e49c10542b6ed686c51a3e6b825692843	2018-03-14 05:11:20	application/octet-stream	Win32 EXE	PE32	exe
6782e011f4249ef28c5f4a6b4de34bf6	1a27b7c503bff9f8a585b0b620372ac979015259	0105490d19742a77f36de11daf4a1ca187dba1c3aece7dd90659c799bf921caa	2018-03-14 05:11:41	application/octet-stream	Win32 EXE	PE32	exe
b60e1c4f43c9af0b948a904632d143c7	07d594151d282f760b17232549f9456f2d058c23	01571499a098780e3cf0a93cf2ab28351abbd0982c029265b5c7ba45192ebd27	2017-11-24 06:05:28	application/octet-stream	Win32 EXE	PE32	exe
ffe9751d0ee1a747ddd63be5ad7453ee	d3317babeb58dfac2bb071c5bb90631379b6386d	01687ac146d01f84897000ffc52902eca77a5bbdd2782ace426f2969a09a9ce5	2018-03-09 15:36:58	application/octet-stream	Win32 EXE	PE32	exe
9476e043b9718dc47162b946936187a2	9d5594db9e1ab3f242fa50bec6fd52de4719d2cc	0172be0907967f5ff8e7798868c6dd18ba6d38c86878155076337b3980a42319	2018-03-13 20:28:15	application/octet-stream	Win32 EXE	PE32	exe
6bf0ff4a811ec6ab9ba4d119d3e50a33	5ea5117b0dd7c5cb5f3b8bae803fea5ff07537db	01be5a68b9c93f9c7b352b1b5806f80f2342960c73f471510966b7a2c9244892	2018-03-13 21:42:53	application/octet-stream	Win32 EXE	PE32	exe
839ee124331cd8c61c6ec6ea74a4427c	6cf329619aafabe97cbd168cd10d953ce7bc2b5e	01c2f3a8f4036a9def144879049110335b2e9d95032710692ecb88a4fdb56f8b	2018-03-13 20:39:07	application/octet-stream	Win32 EXE	PE32	exe
7a3d4edf09c10c561b088e6d7bce154c	5ba45207a4b6f8bf2dfcb6bb59ef04a0255dbf7d	02023b5e01b7c6e1e32f31582c0f0746b079e161a0c549406d0d621aec7185df	2018-03-14 10:38:12	application/octet-stream	Win32 EXE	PE32	exe
a32ed9479aff0c508c119b3bb3f716a5	ccbc13b8edf5c7dd5176f765483e0c5e36112ba5	0217097848bccb299d1fe93ef65fb4e7a39ec39af4800652f5e400c8f9f520ac	2018-03-13 23:33:10	application/octet-stream	Win32 EXE	PE32	exe
754bea1ef38d03ced4e00766def6a03e	c99c165a324309eb9147ce877aeb91c9f8cd8e1e	02555f8802f58e2ad64d0b31f60b20a0fbeb6114631314f601479279ef1f1d1a	2018-03-14 04:50:16	application/octet-stream	Win32 EXE	PE32	exe
4684354f1decd0d2a38cc1571b78f99d	ce6f82b63bfd469d8089958184c3a39d632be0f3	02acf6970cb5b05d5d6fa4206dafd556d3db88dc3aa9cffc0c0abd3019a0e271	2018-03-14 13:17:04	application/octet-stream	Win32 EXE	PE32	exe
5050f47a2b1e4bd157b3d903dec9dd1d	407017de52b74247db73f722cc5a1441bc7c91e9	037709b3d5f4cdb5132d5f45ad892ae1e62d473e2f5bf75aea8a0f74b779cc99	2018-03-13 20:23:19	application/octet-stream	Win32 EXE	PE32	exe
c8304309db39bbbebe5e49401096a628	588e3df64507f6fa2b3983c305446fe8e2d786bb	038d76b190b7c67cf1de75eec51b0e9a056bc2f559a6c443fad495d7145d8940	2018-03-13 21:44:30	application/octet-stream	Win32 EXE	PE32	exe
f0b804ef75b9447687ed5d6c73c6de29	7150179d2754dba3a4113730c57ef6f152627723	0397af9de833fc46a1184034edc743cb31ca27617af5030f0c10f4fe97f139e6	2018-03-13 20:32:33	application/octet-stream	Win32 EXE	PE32	exe
2d4bd371fd8d31456922a42ed52e206d	d31b9ab604c6cbeb02b8e7407bb7459e22873bc9	03c6f2393f2fd1cba55780b091c4063047f655ca263fa97f9f5b826f1185e702	2018-03-13 21:06:03	application/octet-stream	Win32 EXE	PE32	exe
fcc73a6ad47697c4a7fa630fb7978f5d	1366816126bb4292e2d10f5ffe30e610aa2bba11	0415697ff46068934cc6f1ffaad2c0c487809dbb16e265d23e1c1efe2e9848f7	2018-02-28 19:51:37	application/octet-stream	Win32 EXE	PE32	exe
3b9aad78fe5d1495f45bbce0995e865c	aa5e52f4ef789e6414fe6af6b1c3dc243e198960	0432989607b40c15273b916a458a2f6f0c6147da217f24e5621f91b4e65cfea3	2018-03-10 12:38:06	application/octet-stream	Win32 EXE	PE32	exe
c976e6a5f7055e02215a4ac343b71f9f	c203f16c24d51a098d8c54ff62c1848ec9076352	0492c4fc63100f6b115ad1a6e0437091a51d4ad89e9373a1c8b18197f3c1b751	2018-03-12 19:20:03	application/octet-stream	Win32 EXE	PE32	exe
f1df22cb3389d8217098398304740266	c14398158c934c7968b926943e22a97c4fe77bdb	04c1181417d48d45cae95c3b07f10e058cfd6d522e00e9c9fdfc9260d2919997	2018-03-13 21:26:04	application/octet-stream	Win32 EXE	PE32	exe
bdfacd23f0dd140a0f95c673afbce117	b9bc212fb25f2fa95a6405404c7c66675b109038	04c6d2b7e1446c622206c09e8808043984c1a91c1e605d54a652200c5ab243e9	2018-03-14 02:14:12	application/octet-stream	Win32 EXE	PE32	exe
c2ad06ea7b80d64fa5a175371f7d0927	f38960c22bd6b300a6e79e9ae50fd43084cb7ca5	04f91163a4015faef9fdd7ae5d8e61db0e9a50906431a2816fc52634a8c3aef2	2018-03-14 06:23:52	application/octet-stream	Win32 EXE	PE32	exe
ba0683a710fda946ca2f2f78719c73cc	04af128758b921cf83029965741d342ecc488617	056d654a9f3bcf797725b5af0a03dccac43d0b5762101e93f7a06640707ada8b	2018-03-14 03:48:41	application/octet-stream	Win32 EXE	PE32	exe
95159da015314146639bab4e78396f9d	2d19a808568b0fbf5152cd3e8992f87728c4928e	057278b1a0422f50c5273d833a881ff3a9b82c676253a6ceeb6c08ff982e6122	2018-03-13 20:28:36	application/octet-stream	Win32 EXE	PE32	exe
f7dc2a8472b5d9c8b933618e385f67eb	0fa5a8668c9027b568680c0092ced7a56aa2b017	05e0079b667fa1b59aa44c4befecbc310eddb066a391ae7f86c2458f16a017bf	2018-03-14 01:37:25	application/octet-stream	Win32 EXE	PE32	exe
e6d87c11b4306356a1a8f0af80853880	a3416749f36e17ccde6f601ce6edf803ba353a66	05f79a61b163352353b3f240127e984da6bef2fcaf98f2e24e8bf3f3deddc82a	2018-03-13 17:38:10	application/octet-stream	Win32 EXE	PE32	exe
e0276f997ffb064cb131baeab95dc1cd	97faf991618b28b3dd13e070cad70881abc9aabd	062ccb27411484990132c9bdd687ed25be99749b158c1e069139e19e23f03710	2018-03-13 22:36:04	application/octet-stream	Win32 EXE	PE32	exe
4240675d5b41ae1ee46c4d88fbf4378c	f4f0e3e3e4855b0b847f3a8e49fa36b811e9d41e	066a6c62bf8714ef8c09e1c15965409fd13b817ec78f1343c79631cd8a7f0981	2018-03-13 21:40:15	application/octet-stream	Win32 EXE	PE32	exe
822e9a3f3bfe9b16790f537d7a0e1ea9	0d733c90d496e0dc486f60eb3ce8595af7d1ba22	06d05f8c4bad366fa28a822da3be355a26d41c5dbca25a5faaa8cf61c45db63d	2018-03-13 18:08:34	application/octet-stream	Win32 EXE	PE32	exe
b6b4d9166a56f602e83359f7dc20fe35	bc42bf67074ffb51040b56768c3753f48201deb8	06f672a3dee400967d98ecbff2608a9d237a988d042f4f85b71c0e52ed9126b4	2017-02-14 03:15:15	application/octet-stream	Win32 EXE	PE32	exe
76af0f5241f8b0f2c9721fd3229ac087	4ea469e03fe6a7fbb2cf01d3ff2074a1ddf21243	07042065cd080b8fa8134230c4237177e450c072c9d40bdb7ed536a235564f9b	2018-03-13 06:14:48	application/octet-stream	Win32 EXE	PE32	exe
26a1002e4e4da9fcfa33a69b283ce131	6907ce0e2af7e700d726e901b9f5427c64f08f61	0721db58d76216266e3b006f5e187606d32df8d290a6f92a6016e7136fb6c2c5	2018-03-14 06:11:49	application/octet-stream	Win32 EXE	PE32	exe
d51a6450a01afb49b9dbdef2f60f6736	50ae5249683f1aaba3898b5b34a9b083dd637ba5	07a8eeea7c280a0af31f0afeaf531db2faef9c928dd33003d69f93c00199688e	2018-03-13 18:08:21	application/octet-stream	Win32 EXE	PE32	exe
12381e721200121ffde587cf12336039	ed25eaf1e7983da065b3f0383c7764f4413de49d	08058df852abd52ad0ceb94d67eb11a75204d92d79106f4f72fadf5cc14fa98a	2018-03-14 12:03:03	application/octet-stream	Win32 EXE	PE32	exe
980ff638af12294e9f94c0a05b826882	ccbf8f3deda17b0d9a889b0ea373cef0fe30de44	080c181686f7ac5333e1e7f0a2d659542df0272731e1c1d1dda5b97d133bf044	2018-03-14 06:29:55	application/octet-stream	Win32 EXE	PE32	exe
38f15273a6b44372e87324991e10e5f9	2ac6020832025a327c4bf2135555676fcc0d0c07	086b1f21abff82c95464c4d424a90f6ba6c3c0c7d843e25c32f10ef8aafe882e	2016-03-26 16:26:53	application/octet-stream	Win32 EXE	PE32	exe
860cc9632522797d54ec92fe6df8c545	db84ace7480409513b9e33564795c0cb8aebfaa8	087500f15b96123e21ab48e6b13eb01a2679fd2c53b5dba72449fbf46562c778	2018-03-13 19:08:38	application/octet-stream	Win32 EXE	PE32	exe
8903c3cd3e234def3ab3d18d5ed139d3	8ae45f1a21a7a2c28c0e459387bf5e6ba6789ab0	087ac6c38fa7c2ae23dc9026917ddc9b07b0975042320e9079197030fb7927a2	2018-03-13 23:59:11	application/octet-stream	Win32 EXE	PE32	exe
9c6b2834feb39ad7cd1820ea90895f96	fad16b82c7e53259a9859e1f2f832c229d7d25f1	090f0eca928ebb42f5b87a108dbcadbc07938ee9f2982d40d2e9e4ebc8b0bf86	2018-03-14 12:28:07	application/octet-stream	Win32 EXE	PE32	exe
6edda5a4379f01eb9fdb87fcd75d234a	2299e768ddebb39d8b72cf9c2d4a566c33d3215a	092b9c53565fc4951c07f9182bef68a267f59a18e138b9d857b0cdd8e569d14a	2018-03-13 22:06:45	application/octet-stream	Win32 EXE	PE32	exe
fc648e44804f333c45df0f55f9f73f2c	935b23e4e2eeeb602f9f100b2d7ea8bf8b7db669	093c33ddfed80671f06a60e318f69b7645a25b3b7ea79634afd089ff0da2f1bd	2018-03-13 14:12:25	application/octet-stream	Win32 EXE	PE32	exe
5342e5272bd7cda790ecf9eab9f16df2	c1e50cc6e07b0609bd594cc7bdb645b7ed233d42	095bfd0ddada74dec8429fd5cfcdf7238e352d5faf2f29328de272910dd58a53	2018-03-13 18:00:56	application/octet-stream	Win32 EXE	PE32	exe
af1a704a60a50e297d3817f43b79d6d3	f1f6cb4342aee8ca1d1428accdb6dc328c6447da	09d1bf66dede443564ea88157c33f36bc25c45f874085c5fdace613e331f8eaf	2018-03-12 19:09:52	application/octet-stream	Win32 EXE	PE32	exe
13250a10d2a921c60a97e0455c774692	a83bf2f9e6b36517e9a75abd9fa17303ce396d8e	09f232c3e452def2897ec19f8a2373ba38d1f19487986704b8326291df256068	2018-03-13 16:25:36	application/octet-stream	Win32 EXE	PE32	exe
1e028f0209a3b0e6c09c3417fa7b0581	eec8747cb85cf1709ea1d1a1bdfea9a63e109a6a	0a22de5abef2bb02172a47fbd502b9ae5f829f88f46d2d619544da697d2b1808	2018-03-14 01:16:21	application/octet-stream	Win32 EXE	PE32	exe
11f725b419e33e84186772d5c9879ea8	453ba4d2b0f0fa85fa701af411c7038f4f6eea82	0a388a7992834f1cb66a2dbd1091d728eaa26357e3d885957fdde604379f04c1	2018-03-13 21:03:02	application/octet-stream	Win32 EXE	PE32	exe
cae4211159d7b2e3fe6a55c520572f47	762651e14186f3f7b9d53539b2abecef2c37faef	0a5e6955036669a3ecbc3c1dae905294fd4ada647b736d65119d2d569ed4c0a7	2018-03-12 21:09:32	application/octet-stream	Win32 EXE	PE32	exe
a67c311c9ba07fd816d61694dadad4d7	a9e6212734b0ff9c2582f89f88865bb7bda9b1a6	0a6a34dedfc2cc99b54108de8d0b749a29d058e6a934027523a14434bdea8cda	2018-03-13 20:49:03	application/octet-stream	Win32 EXE	PE32	exe
4c571997283fa5a16c756e8ac7968ab8	5e627f3a773dc717776dcc1d2e059ba0f3ae31ae	0adcb796f796af6827eee6d1cab05e1ef471354651c6c11953c7cf9e6955deaa	2018-03-13 21:06:25	application/octet-stream	Win32 EXE	PE32	exe
d892f9e0e84c0a724dfa6eab7a4fd3ea	3ee4c2d975fbe40560c7f512475f0d296287923e	0b426605c5f6c5d47f9166b043aee627511d5e110b0ea114b390aeb139bb04d3	2018-03-13 20:20:06	application/octet-stream	Win32 EXE	PE32	exe
0b67526f9715f84fa70b54a93570c2ac	bb60e09bac1925e74e0b9ea041d1b99e3941b11c	0b74cb34f28916a659267738cea5700d6ed28af2ce03529590370fc0ebba1e08	2018-03-03 23:53:51	application/octet-stream	Win32 EXE	PE32	exe
ed24baca310ab0018d5b068f846ede18	54303d1b2aa007c40b3d5dc3048e28ae1cc32a20	0b7b1f5dec080d2a0dde8f7c4ebedab236e1cad1343271d8aa495bfad2754b78	2018-03-14 13:21:22	application/octet-stream	Win32 EXE	PE32	exe
1f6f039bae1ba1e2e0808ec5ed431d7c	d054d71b7a6c7350819ab5eeb5e572c6cb8cfa90	0b8af75d20007664790e4bf91bcca22b7d875c7495af0e979144ed4eb41d6619	2018-03-14 06:42:19	application/octet-stream	Win32 EXE	PE32	exe
c49a8c8f6c43f2f3175fef9dbe6aecf1	a4a86025a48c0647669b9f8cecb31f6e1f0b8887	0baff4b241bff180bef9197e9bc4dabd20eef43a11a53995842104034995b506	2018-03-14 03:53:46	application/octet-stream	Win32 EXE	PE32	exe
d5ca1ea0bb417ef4c7e8cdb56c4f5371	5922fd9d2ae79b092a58fed6c7a019594c0f8ccb	0bfd7c5c63c0e7e9d88d0e10c3bfca2a751c6c3f565bd321f066b216f4c0153e	2018-03-14 00:20:54	application/octet-stream	Win32 EXE	PE32	exe
903886e8b1af5840e3be00de89072989	f090ff714471d0f3dbc2b86764291134f368fe33	0ccf47dcb8d78b9294f4617da49396fea25357060b358b6843aae92d4c77768b	2018-03-14 07:57:04	application/octet-stream	Win32 EXE	PE32	exe
c0c1bd0930eeb1206e4b6512cf710642	6b56893e247cb1cbd1704f06b6c7cd23316050eb	0d41f32f6f5441a7b41a321b689385a7cea7d6f8d24b60fd96a660d2b87e768b	2018-03-12 18:08:49	application/octet-stream	Win32 EXE	PE32	exe
34a21acbdd9740b13ca14329afcff127	a285a42f671bde3b9636c020c6424efb75b384a5	0d76e897a6076d8450bb03d2affda840f4e5fab56ad058582411f768833949ae	2018-03-14 00:26:04	application/octet-stream	Win32 EXE	PE32	exe
b2bdc30b367901765ab36db4abe820e9	37339d5ea9683048267e400e992799220de7d8ca	0dd495c7b821b8f5219dbc4986fe893131bb05a35995f9ce10c5f4a1c02e1e9e	2017-12-18 21:18:51				
34d877a8fb47ddd068bc369c222bb937	ba9fe99d32f757e1c961b1f08d2aaadfd66e92fa	0dda1def622c1026b9a9c73f3c172eeb465d65fccf8d7f082def6a6545996b07	2018-03-13 17:12:51	application/octet-stream	Win32 EXE	PE32	exe
ef58384c39227c11f1ee18568527f757	7753e956abf82704cb6751db92340a086fe07419	0ebfb5af4f4dfc3740fbea5611d2152b81c043d7a88e83484ee1b433095521f2	2018-03-13 18:06:57	application/octet-stream	Win32 EXE	PE32	exe
bf9624358fa977d2d3abb60ebbf4e74b	0932d2ac4cebf5a4cc5b6a99a2d082eb47aaaf84	0f146bd3ec89f2cfa058949e159d1dd602e22e3101bd518cf62c4516dcc8ed45	2018-03-14 06:48:37	application/octet-stream	Win32 EXE	PE32	exe
a3af27adc2c83db1223c1301714ffd15	5a3e840fc7485977f1bdd7a8da752fb5efce92ce	0f19c15231bad98a328f5d8704a8e1fdcd42916cdb6d8f00458c00108b82ee62	2018-03-01 11:12:24	application/octet-stream	Win32 EXE	PE32	exe
6b143267bf4e1cdadb8eb7aecbb9d13f	2be48c200f8e26aa3cb3709839f2f6986c86617a	0f57ecf882e1f23cb719eb2995d24d7c196af15971b9d20bbf251f59def8d45f	2018-03-14 15:09:23	application/octet-stream	Win32 EXE	PE32	exe
f6c45b2d0d541abadd0b0c0dccbfea87	8b99749aa750403bb9cdc81130cd3f8bee46ddb7	0f5be624ba4d0c41271d6f85bcaf6d842b1dafda9d202e62ad9c22419ff63319	2018-03-14 02:03:54	application/octet-stream	Win32 EXE	PE32	exe
1b21c2374e4a7c5c9cf48c2fe30ddc15	a0aa84f6c8bd960cd52edfdd427fdac38d3487c7	0f7247418339c334f44cd0e60787b54cc7f9fa959850598200e975b647c6afa4	2018-03-14 01:58:58	application/octet-stream	Win32 EXE	PE32	exe
f16210522846d31abd80c3456d2727a3	71970a70f10c3642ca9a40f1f7f7ca4fc474c549	0fa2fe4f8be72342abe547819d9144ed5b8a908964dee85a265024ca2e73ca57	2018-03-04 12:57:03	application/octet-stream	Win32 EXE	PE32	exe
c2ca58f5d40d362c480544b40902478d	1d30cc08a264c825129af1bc2bb2d599a0ba24b1	0faa19a3a57519c1995dc31bbcc00fb9ac43cd101de719c2fb083c53dbd5c940	2018-03-13 22:06:49	application/octet-stream	Win32 EXE	PE32	exe
a232702039c1143369a454b6ba2580b5	4cee64c9eb43f4c9002c153baf917bdd63152989	0fdad21451920e207e4565f7de8c2b071ff62d76401cf8142a33870a1c72de8d	2018-03-13 21:03:55	application/octet-stream	Win32 EXE	PE32	exe
5a9f91b0a5460fef3f9c529670000583	71667260b587fb13f6c7664cfacbe739feb3a67f	100ac0c485c209a2cd0e5aa9e5ccd03a1ebb428e39e0ae74d1a8161cd20d63a1	2018-03-13 17:57:38	application/octet-stream	Win32 EXE	PE32	exe
6d4d7a72d1b528f8766fe3d8bcfb314f	13cd0559b12f2b4bc7b5c48bdfd8657966523847	1019d2158ad86ce66b39dd64f386e836b160bb7bff7cdbb66a702dd6239d2883	2018-03-08 01:25:37	application/octet-stream	Win32 EXE	PE32	exe
ae6c8b69870fd8299cdb9905e014eed9	fc5cef1fe2ea089ee9779f13bece7720a0d74361	10393933e2344d0c42829377cf757a7cabd7fde7618bdcf77573b63d3b00a33d	2018-03-14 08:28:56	application/octet-stream	Win32 EXE	PE32	exe
5487d40c501ad4b2c8a4d4d74b2382f9	ed7e991b960063a0c6b6e3aef9b03705e59bc1a8	1096e30cb0ac6817a6f17ada7dc02c83208ccd20690db073c978211940634b57	2018-03-13 20:58:20	application/octet-stream	Win32 EXE	PE32	exe
ccccc9a9681717fc739f9590893f8e08	69e99c46bd53505f794871f174d27d153bb410cb	10cc5db29bb0aef8696e8a4907026b4b9c51000778baf73ebbc5403d63ef3d1d	2018-03-14 05:15:21	application/octet-stream	Win32 EXE	PE32	exe
4091528a0b8016b4d69bfdca27779a19	467df46e9b70cfdfb49cfd0fe66226d756c54aca	11a2b389df8ae70eb6c39fd6eaa97bd37688de4fe188bd0b30b8a249281296a2	2018-03-14 02:25:01	application/octet-stream	Win32 EXE	PE32	exe
f797dee2a4f90c9d65b14d1bd9a45ffe	2e607ef7f61027463990b908bced5ac96befba4d	11c5b1a7757f815abcd1e373931d37b071320c0c5d69fc565f5c76119c1d3e48	2018-03-14 10:01:21	application/octet-stream	Win32 EXE	PE32	exe
dadfb23a1b00f85745662cd44b8b9a4e	39e022cf48baa3a70a400a30bfd8ec86b61c481a	11e293e29151a6f1ad234567e3308a912e049884538a4eb6407190464f597f2b	2018-02-23 10:38:10	application/octet-stream	Win32 EXE	PE32	exe
79bd001e21e5c7949dac2d80cf893ab8	da42a22b079e0675d0d9bdc98ad5658419f9cedd	11f16b530d658bc90d789186127ae4fa14ca69346c3e90a910ce4da720cb3bd2	2018-03-14 13:15:59	application/octet-stream	Win32 EXE	PE32	exe
d1fddd753db2a2634ae8c64a30517445	e16e5a7c0e9f619fa0c4e5b114407c91ff2df6b2	1223eb58f6e16907eba9319e62f1fdd838ebe469ccd0a3650ff43c414b1832a2	2018-03-13 21:41:13	application/octet-stream	Win32 EXE	PE32	exe
f7cc67f3eed3db6e1c442f8ce7a7776c	d5ecdcaa78d631e7a0e733a780089668fa6abbd4	12c295d35ce22ed730369bf579b0ab135ead7023cab1cb3b674e8a99909a54b7	2018-03-13 13:40:49	application/octet-stream	Win32 EXE	PE32	exe
bf4478599f37cbfe2852bf385b5fba79	51e242ddee620bac6bdc535c0e7958a2f5c77d4f	12cdef3d2e63f6f331604850f273cc3a275454543030c6fc08ef729273cae460	2018-03-13 19:50:54	application/octet-stream	Win32 EXE	PE32	exe
80d9a6c031b2641d5f094a74e0347ef8	8047ed8c7e21b87f92869e16d9503ee4a165a2e3	133b14ef54b65533fde67b2dc6e7d42b7bdb3cf6492c2f9499f9c627fd8d8497	2018-03-01 11:22:11	application/octet-stream	Win32 EXE	PE32	exe
ddd9e0f7c6cd5b8fa2f847585e8d40b7	d862ff1904761dc5ae593f8877d0c4d69d196214	13483a6f961dd70f3a0e1315dc253c6ce8f6f5b1a25464f7573373fa33950e65	2018-03-14 01:32:06	application/octet-stream	Win32 EXE	PE32	exe
fda7dda89a3171c32e6c36a8054e630b	e19a9177d684c094a6697ab58021dce367b6ae43	13cf0720b51ddd5502e05e4254f0583c6e2548fe8da08b1c32c3fb1ee05bfe85	2018-03-13 18:01:32	application/octet-stream	Win32 EXE	PE32	exe
9945351b9297c5891948dac725e448c4	7ad78cb08700c03b10b936b7b3bac32231b9c402	13defb8b0ef2d5b097b9435d556892fad5e5d2f2e6a08b2496e02a9b3dbd68c6	2018-01-17 11:40:52	application/octet-stream	Win32 EXE	PE32	exe
b5a29fdf90e0c9c65887e321bc88ee59	ab0d1ef8806be613f14f16bd88519ad0b9b0e22a	140e5de974a88887173fd83b23974681b67f580a14544a330db9a72dfbb71002	2018-03-14 05:11:25	application/octet-stream	Win32 EXE	PE32	exe
e67c5d6fb77db95c3b41a88df11f5f7b	b1be51bf7b828bf3f63ff12a8fef16e877b6028f	14c323f2aa17afa29064c15e5a43e097906d3f8021a8155f538232058f68d008	2018-03-14 14:00:57	application/octet-stream	Win32 EXE	PE32	exe
7821967dbb57b7a5fd06d8c8da885aef	2b62797ea59cd287549655b9e8b3c3d4252c8e3b	1515a201cd7a5f581419e18da6e30680699fa6bc09e2c5cea72fe61a15842a99	2018-03-13 21:03:04	application/octet-stream	Win32 EXE	PE32	exe
a0eab1a202a8218df964344eea7403ac	05ff805b307216fd28427feb95365253e1d0c2a9	1518b12b06b68ee9b9c14061fa7c09d18ad437d07029481c7baaaf8e0ef497e8	2018-03-13 20:02:39	application/octet-stream	Win32 EXE	PE32	exe
dcf14b35d3a21d8893e339024dfb9e5c	d1b574b797da1bcb9ad93b3aa25faf9041fe6343	15479a31683e98c4bbfa294ff612bc44aa8b58d67fd154f1f8aaa518239bcdc5	2018-03-14 00:26:46	application/octet-stream	Win32 EXE	PE32	exe
eae28161930472b1c16c14986a5ddaba	7275593dc1933f71bfa6cfe26e9568ab7696edb9	155478113cbd6ca4c4a9dae79cc62e7049e010725a1bde6852ad2e8dda694fa6	2018-02-19 10:12:32	application/octet-stream	Win32 EXE	PE32	exe
febb9b59638797e2f490a41e6cf79512	d77ba7fe068fd35e9a8a4df48c2653a304087208	15a40fce71b9897f1993a26b5a99d6466a719a19b028d18e390fd2b66195eb6f	2018-03-13 17:47:19	application/octet-stream	Win32 EXE	PE32	exe
d948825d710c020e52fbac6225538d19	1dfb4e575bf305e340bd7e323ee922df6b7f55cf	15ab4446504c9510fe377fb8657f9b4b67935c2aedd725058c1a15bf446a4015	2017-12-19 22:55:54	application/octet-stream	Win32 EXE	PE32	exe
ef3846294af0c5f11a79ddb999da5300	3512668ae0238fd57f2f4d73e6d8e5dbe1ca85cb	15b9327e8708eb8fa1ce4f736263efcba32827c7bd10d1566d261e8f92244b11	2018-03-13 20:51:55	application/octet-stream	Win32 EXE	PE32	exe
2a17debbd851a34b2ec8953c69d9787e	a09d02f4946b8aeca8473a931c2af8930190bf07	15eaf40f6d4df3049260acf44127af16d9fa61a338973eefd9709c90ce644a21	2018-03-14 13:48:19	application/octet-stream	Win32 EXE	PE32	exe
35167d9abbc8c45afeab76085590ae51	f7b57e95445e412f6e32ab245bc92e30bb9ebe99	160c8e26a5ee29bf36a4b3a20ad6109837555ec692890fb1a96b719943292d48	2018-03-14 01:35:12	application/octet-stream	Win32 EXE	PE32	exe
0cb0077f98e42f365817e4842b982792	2af50fdc1e1a2aadbc502bd67f54cec2942bcc94	16242a232fb9d90f59afeed5f6582cbd79121b4298455bed202f74834a0775a5	2018-03-12 21:32:56	application/octet-stream	Win32 EXE	PE32	exe
da8de0a763aaa4cb2e4def48c0634b32	a494614949573d4a59ddc343a4e01b6e66d65277	1626b350abf1e59a78b5f7f247cde6690d62af968e729c2f59a0af223a8656d8	2018-02-23 12:39:11	application/octet-stream	Win32 EXE	PE32	exe
b295b304ae6b7ee4f352520a86046e79	6fcafcd779374b1794e30ff13dc660ca5b1f749c	163ffd4b5fb26f69bb073655da474cc005382b0a35a8a24b23543ec8a25d5cc8	2018-03-13 19:20:09	application/octet-stream	Win32 EXE	PE32	exe
461e72e8dc13c25c22b70cf9a4714cff	e6c75933d78054406e61b510f9cee441dbd6a621	16cbb3e185f29c197917570718323f328ed7c8596013e022453d46827f2146ea	2018-03-13 14:00:53	application/octet-stream	Win32 EXE	PE32	exe
e6f0d830c1a21214e67c58024af720d8	34e81d43b8666aabfe7236d65fa1d2368f43603f	16e3cabd39d916972770c4d354ad89a3e47d4b15890c5b1f2ec00d9f0d288cae	2018-03-13 21:17:18	application/octet-stream	Win32 EXE	PE32	exe
f1ae59249113d65a104980e28ce348a2	ae5557d727bc97e694195ff1fed524f526f8e837	1756735ca90aff11d8dbed59e1f9d0dc8357c8ca8f57155cc147afa26d89b618	2018-03-13 21:02:51	application/octet-stream	Win32 EXE	PE32	exe
d397ff510326c52d15ba4b8f8ffc441e	6cd7a4ba7379b6c500753d2d775ff9edd163d733	177d8ac86853042b2299a8c7b758e09e8f0cc0e6e42d13c2540bc13c88da0e18	2018-03-13 17:52:30	application/octet-stream	Win32 EXE	PE32	exe
87561bbe1a7050aab68aed3a1f3349f0	f36607241b1c9717ed4732ae68a1e8e9ddb55088	180b9b85a6093d683a85cf3d97069ccb41f33cd0f1358ba5d9e9b38e65e56419	2018-03-14 00:36:32	application/octet-stream	Win32 EXE	PE32	exe
5a7a2a965feb6f0d37681c60496ccdfa	d15eacadda3bf0b77c3d5af26fd00a731f93b14a	187323be56127ae885fd1f0c03242096e77f80804d619ed175dd831fac9d10d5	2018-03-14 11:16:34	application/octet-stream	Win32 EXE	PE32	exe
c2bce1100cca72df32dc6fde5acd00ba	8b650a69ad543cdf5f78bf4c50d356f75526e855	187c1bd6f586211eae4a5d72caff6c9e408e113b6d6405331896fa90a6ffe367	2018-03-13 21:04:29	application/octet-stream	Win32 EXE	PE32	exe
5752ae916b8679d56100b659939a2489	6896c5c81e98ad396b1e7db383ca7fa94aed6013	188d4a38fbe40c758180549075b4ca1bc122577549d4eaeec95b639ef737b22a	2018-03-13 17:55:28	application/octet-stream	Win32 EXE	PE32	exe
1559a67cbda388b3a960406a0ef903ae	8119963011ed136748d338250adab8eec2a6145d	18a13830071d24ba6e8fbf6d19905b48ca08efdbb7c9445867509b6d2e31b798	2018-03-14 00:29:05	application/octet-stream	Win32 EXE	PE32	exe
8c24e20a60cae4113588d0ff6805d8ac	ec62b7f3619fe477430cebead22ef9c5de915bb4	1a107ce2667108a11b1e442a45efc4805862b24228b19e23b153a16be05c45f8	2018-02-11 10:03:07	application/octet-stream	Win32 EXE	PE32	exe
b775b435cef91548936fd9808695b024	d1551800e794fe4c40c3f55b35cf18c62c716c9d	1a6537c20e8792d01329d778fd6ec5a56ad96c0245249e85e7fd14d7c779781c	2018-03-13 20:10:30	application/octet-stream	Win32 EXE	PE32	exe
5280b1ce0e331103a23bfccc130acf86	6b879ecd73de265a901255d7b30aec9c88d57917	1a6db445d12986ab818226d9a7a8f65d02fc6ef1d311c562057b3e16151bad22	2018-02-22 15:27:12	application/octet-stream	Win32 EXE	PE32	exe
87e4c1d325fbdcca1fefd35620b0e00d	ef8466f223b1938e43454a4663bc9a63e3dcb5bc	1ac020adea5504b16c7075acb3d53da173b68ba359455d1b6604ed2ea0d3e675	2018-03-14 00:33:00	application/octet-stream	Win32 EXE	PE32	exe
6b6cd1d80aae79272bdea86833b6da2e	f0d2ef93b24594eebc7f376de6e6530febe0bfa4	1ac7e01b837dcfcbdb9ea66b8bd23aa5ecbc530cfba9bd28d91d6eae6e5d3fab	2018-03-14 04:55:56	application/octet-stream	Win32 EXE	PE32	exe
ded2db5c2fa5d93b65969d2bb02b2738	63bd597746dc14d6320e7e08ac21fa6a4a37f8ee	1ad70e1f6bf4e5a6cd62bb2f6d53ed9b3a983224245f7aa20570448658c833eb	2018-03-13 21:00:39	application/octet-stream	Win32 EXE	PE32	exe
a8bd992fb81818b4becb103c274c36ef	e0e92f817640e9e4deba52433ee0a2a05a4ae95d	1ae37e8588ee3a8495c024103cc6bc1eaabb4d44bd1334ea30a88c09d1f3c87b	2018-03-13 20:22:52	application/octet-stream	Win32 EXE	PE32	exe
9928fbfa00812ce45d47ae66d890ee4f	9e66858a995c5dc0a44ccba034586fceae875003	1b0b07ccb42e1df83597574096e214dda6c94281a6032ec0107adfffdbf6fd25	2018-03-14 01:00:53	application/octet-stream	Win32 EXE	PE32	exe
c253bfc1df7e6d0d5fdabcc5636fd34c	d06fed221a85556d88e4f9c7adf1f57f61601b23	1b0b64692d3dd22b246565a7516767accb83335060a5a3ece71de613947f3d15	2018-03-13 18:24:17	application/octet-stream	Win32 EXE	PE32	exe
a51b79315ca88301ed4c34af6506fcc3	0c69942f0b645442d1f3158fca4c72dce38b1678	1b629ea65018594f0b8d9a8406fc94fe574ccbfb5910ea539939deb5761919ed	2018-03-14 08:24:49	application/octet-stream	Win32 EXE	PE32	exe
2406a119eecd6212450dee2d7d56d01c	5e45455ba9cb961fab601587250ac0ca52f284fc	1be45e476e5d59ff37f00bb5674fbe4719fb2ce16215570e7ef54b055e84fdfc	2018-03-13 21:43:47	application/octet-stream	Win32 EXE	PE32	exe
5790a10091a0194d4caccfc8a5861907	81847d3d5005f3c6c8b623f3fa2903f6e39db30d	1cb8459fa4f055b7376ca131128dc2b0e91527940368d1a40ae07c96c6ed2338	2018-03-01 12:20:26	application/octet-stream	Win32 EXE	PE32	exe
1a1c4755c01cc0b3112bf0c7bf069fd3	35104a66172d27ed788cabcafe9d4cd66cc0676f	1ccceb6896712085cdd55b2cc1aa94c8557b6bf4dd4cdb9b08f0e70e02e82687	2018-03-14 08:42:09	application/octet-stream	Win32 EXE	PE32	exe
3c7f6b425fcb3ed48a3112bda6928e8e	38459159df61f3f504e2950acc9fd885cf97c155	1cf672027aa8edb0158cadae0c0c3c502c79ba9af799b2a7eda4b05c1261ae5e	2018-03-13 22:16:02	application/octet-stream	Win32 EXE	PE32	exe
10f262273180e9dfcb6b458de5155d3b	dd539beecd313a7363559c132bfd134cd650f4fd	1d4bbaa7b85d5f3d599d955436fe39697d30b27075ecacbae83e49ac1d15c0e9	2018-03-14 06:58:41	application/octet-stream	Win32 EXE	PE32	exe
7dcf319a9a7e4be165718ef148ea2dc8	b308f305ceabab5603dd23d72c44b2076a41c557	1d8fb7c0aabc9862fab17e9ba886ab537f7740358c0da5108246b19ace9808fd	2018-03-14 06:56:03	application/octet-stream	Win32 EXE	PE32	exe
d33206e1c11b861e42898df2e77d1d2e	00d2b0ed6659a2066120d18b76d37db492ae2292	1db7350434360ff8b28eae8b16f24bb141ca3ea04af279a7455076ff142fbc60	2018-03-03 23:21:21	application/octet-stream	Win32 EXE	PE32	exe
4fbf97bbcbdf2ad0581a2348926dd3ee	d9c2e33df727e7e322b546f8a6349eb65d6f6d31	1dd9d944c1fd52ece9a50caf92e4e95be75279841acd1865eb5ce374ddf0492c	2018-03-14 00:49:05	application/octet-stream	Win32 EXE	PE32	exe
8537932c468787c53c1e2b27696e5816	c17a02777e2ba0d3896bb6eaa338b4895f3308b5	1e77b6096d2d3dd3bc06bd5d1cafb46ec2fe84ff2fef43d2ba210459581ed90a	2018-03-01 12:17:49	application/octet-stream	Win32 EXE	PE32	exe
b060953856b6f04010563cf3ad144d72	22de4a74df603fd49aef03138935bfb439a2d25e	1ea8b3b50a58ed9aa67acb792e56b858ba6b0afc437310602750ac66e532281a	2018-03-12 19:16:19	application/octet-stream	Win32 EXE	PE32	exe
e2c0bb4342c045dc3fbf24e05f3a2573	16293053fb615e4d7747c636063280e4cf156fec	1ebf347841f82948b781c832685eaa7705331573fe912d5e427c454b7acaad11	2018-03-13 21:11:00	application/octet-stream	Win32 EXE	PE32	exe
91f6a113b16064cd62c23afa9cfcf1fa	0bd9603df7a230d2f2095a40a67ec643bb48bcda	1f4ab87c79a98531d51517124d24b0a35c58b6da92b0e37e4e45720c17e2935f	2017-04-02 04:55:20	application/octet-stream	Win32 EXE	PE32	exe
ec11d12bc2544470c45fbb0cbf286c0a	1cfe7cb9b96b0d9c7511218503c52cd3ad0e06da	1f5442a65aa742f5b4f5425c94ec1052601fc7acb3c5fcc2f0d9b6335f383fe3	2018-03-13 18:15:54	application/octet-stream	Win32 EXE	PE32	exe
31fe7dc74f835455dd0832dee2a0fc2c	d5c7f745361734273b0ac5c858a5affac40574fe	1f7492709e79edd3ef0cd568b1c1a15db57f4a42825ff4ae4f578ccc200b2880	2015-06-22 07:34:58	application/octet-stream	Win32 EXE	PE32	exe
d83d524fe99acd696494026f1d7b0dad	748cc6216487e06a47e70fefc2d0b7685cac5327	1fd64d68c713ccb0b77f30f848a718714c174db474260504da9740a9236a5ec1	2018-03-13 20:32:57	application/octet-stream	Win32 EXE	PE32	exe
e573c61391654264c08ee429d517f192	21fb06655b227c96de6e7e85ef572bb753570607	1fdcd853ae915b12880ca2470c3ff36a5cdb3d154e3884318cdf1e41ad130de2	2018-03-14 12:11:53	application/octet-stream	Win32 EXE	PE32	exe
09c13aa871394629d510563af8e4345d	aa9764b117061c048674fec5e41818e62cb8caec	1ffa17a1a1cff4f26ede7204df195d0c731d41a8b39824c25b5c4c4f87078c83	2018-03-14 14:10:50	application/octet-stream	Win32 EXE	PE32	exe
93ec4fc9b0974abb65bed1184a971ddd	631e9ac5774c6e7e0381bba4e2d1cea1845d62eb	2026b2a66fd76acbcf9d2f433e7934695d251953adc300f563741deda8acd0b8	2018-03-13 21:22:55	application/octet-stream	Win32 EXE	PE32	exe
e249fb01341782a8ab7cf5b781501c23	1a3909f4881a307fdb955949b57855daced6c586	2029108fe20613df97f7b36d3f6a63c66f00ac698e0dec323a9f5c6540c8f750	2018-03-14 05:10:34	application/octet-stream	Win32 EXE	PE32	exe
e2e35b2bbd2093d5ae8996e93c5c435c	ce7c096026bbb2139d4add460c173decd8a23143	2034cd07ad01f3f741b1e45ca9ca5428ed7aa8d954d96e71c1be20b946b83f31	2018-03-14 09:23:28	application/octet-stream	Win32 EXE	PE32	exe
bcc7e19b7c4fba8907479439689d8278	7d093f7393ecdefc4ba35c7f199a095ec8597c3c	2081679a25a990fa46e7512dc42d72210a8a4e2402e6703e35ab79d27bae9a3e	2018-03-14 07:16:02	application/octet-stream	Win32 EXE	PE32	exe
e88206c97ae164b196a10b024f324291	e1bc77875cc3129cba0cc20bf5bc6ad60d8bb830	218fac37b8d8060fec9930932479c44241fadcfa57327134bca3ab19f107269d	2018-03-14 13:02:40	application/octet-stream	Win32 EXE	PE32	exe
40f76a18085d1c0f8d460192002cbed5	0e8c6ce3126143cf41fa301f3bd1e2d91c1528e9	2206697e26579540624812feba5f420e614c965411d212f2c7d05e42c014f8c8	2018-03-03 17:10:42	application/octet-stream	Win32 EXE	PE32	exe
409f8ad1044d0fdf91c163774860a0bb	db24a7dcacd9d5e3c912d6455a8a99de349138cb	221e2281431da8790a3348b250296d649ae7dfda0798ffba4140f8bdf9a60083	2018-03-14 09:51:16	application/octet-stream	Win32 EXE	PE32	exe
0d9d97140ad3ff284f2af7a147e783c1	2b7528adc6809a66419994f35b0ee72721ec5d46	22dd5fca20d546b9b7b68531c80945e4cffbb8106c487115ab1b41237cbfe8a1	2018-03-13 18:55:44	application/octet-stream	Win32 EXE	PE32	exe
c5d722f0d3ef20a71c791c7798b0409e	f6b84bc2fce65768d7aaa5950f178ac8202a71cb	2307a80ece1c06bf8ff1973b5c641452742d8e6e3a0e1a19f82b2102532b15fe	2018-03-14 07:33:52	application/octet-stream	Win32 EXE	PE32	exe
91e57d2bf7517c1e16ddda9b334daed8	f24e48fdf26b342b2e40d507d2d37ed6d20efcf7	231bb0e8f2f14773d45337387fa5a0f18fe5196765c9de6433d545ac5f369371	2018-03-14 02:12:51	application/octet-stream	Win32 EXE	PE32	exe
d44e0cfd24454c0f480e178485831e48	7a68233d54866eb83c066999f39e34af9d0d6f2f	2371c07db9145342598de22108ea2fd03a127f8213b853d78f2ac9075c9a7bd4	2018-03-13 19:15:10	application/octet-stream	Win32 EXE	PE32	exe
063097f3dd9cb78f7b8ec47aa1d81283	91fdbd3bdc5709ba6bb42816954a09c7984bdded	23952d8d2d1ee765c555ddfe2b4c12f6f1b6f50a42a07c68257395b5e5639168	2018-03-13 23:49:00	application/octet-stream	Win32 EXE	PE32	exe
f641d7053ef5ac564857bc3e3a842328	817d7b99d4e3e6393d7fe3f6e1d39b6113174148	23991d07d4a8ea9fd972b4cdcaabfdb9542bea6b40f15aa6a701b75ebbc8bcc7	2018-03-14 13:06:55	application/octet-stream	Win32 EXE	PE32	exe
804511f525bf6b0b551181d9233e106a	98d0cfd6f13d1fb67eca9ef78bb10efe22aebef2	23c504a9aed86e5233ed513765560e07651a64c208eb82447f4bd5b11be2a21c	2018-03-01 12:21:58	application/octet-stream	Win32 EXE	PE32	exe
bd67e10c377fabfd4b1c7aa8c7e4b954	5863ec7296ba72c9829ad246fb97f0b48ff8d794	2430d67f43850c6c89676d4baca443424467daee5cba86e1f3aea504e2245d3a	2018-03-12 17:20:18	application/octet-stream	Win32 EXE	PE32	exe
e96ce66208c6508f5dd0285f912b87ca	95625397a65c83d57bca663d2b110a7ed675127f	243a66069aa1f01fd4d597302b2e7320e8e366e826864a1723fcf5344b40b42a	2018-03-14 13:55:12	application/octet-stream	Win32 EXE	PE32	exe
a3b70aa650ba933bb1ac3df49d702660	a366f9311d66fb4145aabb314f64bf4b43943b8e	2441186ca243107fbb36455f9484ac98d66cfe9f8b7f18005660ba98e7ff8c5c	2018-03-13 18:35:08	application/octet-stream	Win32 EXE	PE32	exe
c6f5bbc421d434d4f464da8116ae693a	2e8cdb31f74deb6e79d8b6dd59214354d9573798	2480fa8be536582a74b9db2fc3aee75455d19725bbbd6844fae214a6f810ce39	2018-03-13 21:16:34	application/octet-stream	Win32 EXE	PE32	exe
bd166aa16b0f0339063d96aa92ca3713	266124b98313d71529d429ca56aa2a95af4e3cf6	24c6959c4db754482bc3ce0e526f0b36ba7f95a834708ec405e3d24010efd446	2018-03-13 21:03:14	application/octet-stream	Win32 EXE	PE32	exe
be4820fd810c711fe915152852c88423	624f7f14aad3f6fa347757ac957850d3208add7f	24eb3ab6550d77feacc1af766536bc61cf4071f8f4622178f2b1af78fd485dd5	2018-03-13 22:00:06	application/octet-stream	Win32 EXE	PE32	exe
bbdc4ba78c04546ff0b60681b924c97b	a70b542b561da74496e8e140fa8799e503b573c2	24f3f94b976d80e75ad524369387ca23c4af285d59c731dd9d8f67a0c4c267e1	2018-03-01 12:14:44	application/octet-stream	Win32 EXE	PE32	exe
917de6cd82308e6e61b02b9c8dfdf6ca	5e5151125e237fd47eec5bd251727b2c6da13038	24f56adbe96ea6da730381d42c95be8beb450bf2ac32ae6428c0a127117a8d89	2018-03-01 10:39:13	application/octet-stream	Win32 EXE	PE32	exe
b559b933692633c66cd19cd6712662df	30180763c3d1bd1d5664a3879af535cbc0d5e8b3	2562c9cceab1b02642b2ad68077421572c89d24440bc91a99e8690d5ad7c04e0	2018-03-13 16:23:33	application/octet-stream	Win32 EXE	PE32	exe
e2b8c7d7e646c9eedcf42d855593dd33	4187beb1096bc44ec6c504884177fae69b23f7ce	256f091dc949030bb019c6363bd70fa3c26bd22172506e942ac7b8e442c68cb5	2018-03-14 12:21:01	application/octet-stream	Win32 EXE	PE32	exe
0c0e83a6a5a6dbe48dbe3d9584a460f7	e58d33fee99b238010f4e9f9523890659bf2498f	258eea0f1e3dd77b9793f789dd328f624ad91ce75a4327bd0a260330d03cc349	2018-03-13 20:57:57	application/octet-stream	Win32 EXE	PE32	exe
9c6930ab5cfae8cb26fd32ef789fd5bf	fbeac2ad0e0ce21f9a61f6a43acba47b157ab83c	25badc8e691fda19bd30bea841262627a4194be3b8d0d8aa5f1fb2cad8004c92	2018-02-14 03:22:17	application/octet-stream	Win32 EXE	PE32	exe
b90251297992f8b16387e21e8d5fd7fe	431c37bdb2837ad0ac4d109d97d8a7a99a18cbb0	269d0992afef953ead3f9f304d5a7cba338f7aea31312e3ce02cc27b7bc0f5f6	2018-03-13 20:28:15	application/octet-stream	Win32 EXE	PE32	exe
a8efcafdf9756be07ece3a4c240bcf39	1179f210af140ad1aeda6576819781627444104b	27303e34ece942224032d8218bfb83e5beef3a73981ad86a4bad73c6220efd74	2018-03-13 21:03:38	application/octet-stream	Win32 EXE	PE32	exe
f3af161336a95c4524e7b472da7b91a9	3ff6ead816041759c60b52491333880ed32bcab3	27b3ac1478259e4fc514e0038bc615baa52173f5e5132e9e5597fbf1323694a4	2018-03-14 11:21:22	application/octet-stream	Win32 EXE	PE32	exe
c63a537090d34f29daadbef221637435	ba17638bac43e6e3b2faf4bf3a22197b99d8a390	28046c14ea3325885ee1e731cd0bcf9f38445df02675836b851cb2ae94c050eb	2017-07-28 22:57:19	application/octet-stream	Win32 EXE	PE32	exe
a8c3be7349305ee6cb7f4032e8759fdd	c211432025e119c79e7734f74b29362d62d2881d	281476dedb2c070f8d9a493dd969e65dea18a07e4056600f74e058c2a7c10924	2018-03-14 04:46:29	application/octet-stream	Win32 EXE	PE32	exe
da5363942b564704243b3c168c65f79d	f2377542320f548f81b79c4e2a73329d55c9d230	287e8260d6d21b69d883e30d3a790fa78794668bb8404232fb1caa1ffa214125	2018-02-25 11:03:54	application/octet-stream	Win32 EXE	PE32	exe
74b4982a9c6514fdf52f37696142b790	a71f4f634e40c3aea0f4bde683c289045a599895	29276ee95016600cc968f09e6cddedafd5844c8ea9b36a7d4dbe477d2f100ec6	2018-03-05 10:44:51	application/octet-stream	Win32 EXE	PE32	exe
ea52ea12859ddb7dbebea85ec33263ff	8084358b457a95ba6a619287c8e2c63ddbca90e8	29a2fbd6486c9a6ca57d824773cc3dfbb0057503e0ca60dc3b56032181f9c7d5	2018-03-13 20:53:54	application/octet-stream	Win32 EXE	PE32	exe
b57830026f6cae580af1bf9d06df7d7f	2104cf67e2ce7368c7773286184a83911583611d	29eabb81b1a28b10fcabf47100012d1ff4fd383a43a814f220ad01e145142565	2018-03-13 13:56:09	application/octet-stream	Win32 EXE	PE32	exe
ac3b0d920321113ce6220e49ff4c1f15	9059aeaec6f0e1dbed45502bdee3c12aa2ccce87	2a0d8af0cb54a2acaf728c78ff0f0b0018b997b117e054ff7d6f1155694b3ed2	2018-03-13 21:12:24	application/octet-stream	Win32 EXE	PE32	exe
526dd6d89629fcce30a240fb6a138a45	92c376666745145f3578d3ffee8ad7c6e0803109	2a243757281254f0c70934692331e021ddf57cfc831119af76b746380086af45	2018-03-14 09:58:05	application/octet-stream	Win32 EXE	PE32	exe
12d8ffb0f5ee0d16d6210109e92cfd1d	7e3973e7de324ba0a8caecae9a3b030ac2dc1cd4	2a34531c0cacb2dbdc47a6b6b4f6a41fd626436fa5808aff7d86bcb01afe56a7	2018-03-01 13:09:57	application/octet-stream	Win32 EXE	PE32	exe
481369bee2450567288578ee52e44793	eb62473dc1869bd37da2c82b75cd3caa9606c616	2a51910993f1719ba148263beb3ea53b57020f3948a0c841cda5a149a5f707c3	2017-05-16 19:00:40	application/octet-stream	Win32 EXE	PE32	exe
ecaf6cb72ffddc9e0fc3445f97499668	c4765822423702a76c9b0969846878eeada2ef29	2a7dacedd1f708924170ea69085a290cb8e0eb3dbf779848f991c85a08842ae2	2018-03-13 18:06:11	application/octet-stream	Win32 EXE	PE32	exe
cedde0fc4eb05b4ce5ad83e0fbb3e4ef	79a3d92afc27346fb039623d973f1508516a1eae	2a8c41db24cba1527a65cd180f04eb7f8b7c7ca54923480639decd0ebcc1b77b	2018-03-01 13:07:54	application/octet-stream	Win32 EXE	PE32	exe
6d4f2b4a84844c3d0b4f295239b7676c	d3481879e1ec9fe20f4b8afdcbbdf52a373b4aab	2a961ee15ee9a173c351c1b396eb190cdc40cada7d51bb605e13e16d85468827	2018-03-14 05:11:51	application/octet-stream	Win32 EXE	PE32	exe
5eb3c829a8636a57fd8029e6731589b1	59ca111bc8778753868d5dab8d92a3d174e4ddf8	2b02d352bfb1adef2bbf32a7eb0ac9da1d2a7dc91c0b6ec40c49d6eb5e6c5170	2018-03-14 14:21:05	application/octet-stream	Win32 EXE	PE32	exe
c04887588b926ce4ab8c9641e05d6403	d83b17e8b60f3e2328f2a83ddfba2eef33222a4b	2b0c3bb3da6e749fdaa3c6512392de61aad4ff761291ce3469557c0ae19eb690	2018-03-14 05:09:29	application/octet-stream	Win32 EXE	PE32	exe
dfcde22a98da2883ff772d6f9c81aeec	f616a2b7160a0d85ad01ec102a6ac80255526cb6	2b5fd482afe4b288c71f9cf5758e7b8d9a8925b697c5529086bda21d12686ce1	2018-03-13 03:23:01	application/octet-stream	Win32 EXE	PE32	exe
bb59a786bdfafbfaa418d7ad647d7c72	95ddb732fe39c2395a8038f96ea852b11908b4da	2c29120540eefbae434b3b89a3bbdfe0cf9e316886d537a158f045d955de707a	2018-03-01 12:36:48	application/octet-stream	Win32 EXE	PE32	exe
b00bf697eaa38069e38f668186f764e1	1cd61b7ba4f6957376e58bff8325a0616b3f138e	2ca5cafaa8640bdae3876fdd5e883dddaf894bffcc327dd3dd9577f62535ff51	2018-02-15 19:33:51	application/octet-stream	Win32 EXE	PE32	exe
b5a700403ab01d482a88616c9d7a485a	adcd029812c24285f43cf1fa4ba31cdf1bb5ca36	2cbaf5fa3cb255c82b059013e038651d8583ee93c9055004a40865288c47c670	2018-03-13 19:06:23	application/octet-stream	Win32 EXE	PE32	exe
99b6ddbb1058d8e839ef56df93d968b0	792aedccf51aa7c817fde793bf5dc1e43be7fcc6	2cc57d8f19e3127de631f0c0cd00c040fe72b499f603b5e1246deedbf8127ab3	2018-02-26 14:18:40	application/octet-stream	Win32 EXE	PE32	exe
e32a1d2a8d5dc0cbbb8f7abfeafdb983	b2d926e89de2918cdab6d7fd7b2453442de2c9c6	2ccaa31b1eb6863e740ea37b43912fa0078e43b2d508f555da9f86f9867bc85d	2018-03-14 08:56:19	application/octet-stream	Win32 EXE	PE32	exe
70df89d54a9b83b4947589a6c87c6782	73948d5eff91adcdbbf6ace033df9ea2be33a207	2d2594762de2aaa5f7daf6bd19f01c7349b3b99e2508fa4cafdbd226a9c4c4cc	2018-03-13 20:32:48	application/octet-stream	Win32 EXE	PE32	exe
3e7351a2ca0699b188ac98fcdedf5f20	f812ec0dd7b548896a0a102e8ce42e7e9aa001d0	2d5ffa35b48d5434c5294343543acd712775dba009ad83716e788789ff9b6508	2018-03-14 01:37:14	application/octet-stream	Win32 EXE	PE32	exe
e80ce6ec92f61cdf69ea14e1f9767699	c06b9b357ac6455c5c7b63dd5b02381bed76ae10	2d9099bbabdfbdf27ba30b524d40e9f4c7bf813196f6f3372a43f98620386669	2018-03-01 13:06:10	application/octet-stream	Win32 EXE	PE32	exe
6a614701be96e10f0160de44fc51d7d3	cefd05f8d756c97f715449601d128891b296f137	2dffe9c98a5e9710c525d0173be6c39763ab808cd2ba4e18cf1700306caf2908	2018-03-14 14:28:27	application/octet-stream	Win32 EXE	PE32	exe
64cccc47aec9e13a463311f5edd43093	870581cf438908992a5432043d0e949ba07c54a4	2e338e1c45fd0a4aac1b03f6db51319f653866dbf86bcf51aa1d1c1a573de29c	2018-03-14 08:32:20	application/octet-stream	Win32 EXE	PE32	exe
81aa1064fb44fae65e88816061a5bff9	116775d9673a42c8b9d499b0866b99cd76147372	2e84c15c228f7e3231211d0845e028150febb3d75d2c48496b4110093c9406bd	2016-11-18 07:40:50	application/octet-stream	Win32 EXE	PE32	exe
e6c6e4b8f16c61ea42acbd7583f72353	ff92715b92c3ed6c0246733234fb68ed5456c59a	2e9ca7aa98f176d018d67e71dbfae8e43d549411a93fa771ec953377fa2ea012	2018-03-14 10:19:13	application/octet-stream	Win32 EXE	PE32	exe
5a284718590741adae6118edfaa7adb3	bc3f5fda67d866678b5957773e4f676b924df0b2	2efaa68a3934b91ec5d826c7fb74d7261f3999b61a575f704efafd52ca510f83	2017-02-14 03:46:46	application/octet-stream	Win32 EXE	PE32	exe
edbc7cb93914d23ce007d2fc8fcc34ec	a8483078fb2ce0694fffffa08e2d09db7ceb769d	2fa393e4e1b664df5fe16ddebf5f349f44d564c146b7171b36cd31871aa2b774	2018-03-14 06:24:56	application/octet-stream	Win32 EXE	PE32	exe
2e13026578b1df600a99076956b12aea	ba68cf12840134af3204b598df633dcfdb03a392	2ff83221e555b90a2c29aecb43ef560df37ca83b5e6c1c996279164dea42ca4d	2018-03-13 18:35:45	application/octet-stream	Win32 EXE	PE32	exe
cafa7a53fd532b6305d158955762c520	c84bc298d39310d01697b7e37835595d1143fac5	30355b05caa88f0e53d3ab9a27ecc587fadda01d14c3cf1c315fa7572d234e86	2018-03-14 02:10:01	application/octet-stream	Win32 EXE	PE32	exe
c8d81407e6c8d630dcb91e90d7b2b6ba	0cce6ceb09346759d7871e94d6ecebc997779195	30cfb74348d472221f4ac88af6285a7f244c2514864df08092cdb0e468725cea	2018-03-01 13:17:30	application/octet-stream	Win32 EXE	PE32	exe
df5e3b66388026e6555d27a6e04054fd	4705191a9a5dd525aeded4e521cac4d0d3f0ed85	30e956e1e267ce556292a7f481f957b58892e4fd318f87512657ea4759fe1b41	2018-03-13 21:23:38	application/octet-stream	Win32 EXE	PE32	exe
e593988469cdcb2d53d4b4450db820c4	15166295596cb35d80e002245b1249c3fcb64f65	31384546e5da990b0738a67bcb9e4bf18652117cf803776b456071fe6d9ddd2e	2018-03-13 17:53:21	application/octet-stream	Win32 EXE	PE32	exe
6ce62771a33d95c60019b16c4c8d3ed4	304171fe7d96e619045181c202e04a3ab8f08f55	313d5d2d114c5c17dd5dd3da1bfa518e7fb628403a396275466c127fc9deba92	2018-03-14 15:37:18	application/octet-stream	Win32 EXE	PE32	exe
24913f734e2b638081d66b6057b03241	2418b08a1fe42bb8fc9f389b00e9ef7917215d32	31463a794c054199430c33f33ce90677ac033a39cc91f39d9e2c30c2b2c05455	2018-03-13 21:25:48	application/octet-stream	Win32 EXE	PE32	exe
9c27f497cbe6683f6718eaf1cf096a2c	405c0485a72488744803b279e814212a7040558e	315fe8ce95525d1be82aa4cdc92137506b1e4b9cc1948020e27bf55657b3c41f	2018-03-14 14:50:57	application/octet-stream	Win32 EXE	PE32	exe
03ec2aa246406a90cc99a551118520f3	0cd5b1a6d510c5e8900a2126e10f2073f4fc7447	31dce49a793cb905e7d590bb58d152a086ed984aa0f76f230b03a80e6d9cdb15	2018-02-13 22:41:19	application/octet-stream	Win32 EXE	PE32	exe
e8c8f3ed121ea7385fa1fc08fc8526fc	b2a7da962bbe88db13d820e6a5123461704cbb50	321c0ffaeb3334c9086fd31c4c2db1f936d08282f59cd12e2adbe92df54abc84	2018-03-14 14:49:08	application/octet-stream	Win32 EXE	PE32	exe
be0a0c14d4f001d57065adced37de463	a158362db5661b21f309143aa9835b0e09e50097	322578ef87c3a10e2c41e6faa2fae6765c3b5977ed0cd1a5279a3a1cd04ea3c7	2018-03-12 21:48:35	application/octet-stream	Win32 EXE	PE32	exe
ee48b842c0a1922b4d463dd26eb6d46a	c3ee0f3db9adc4e553933aaf01da2fa6e93349ca	3292d7ae05ccb0f85a832080ea41fef8384721c5e207017be2f669577f3c7f14	2018-03-13 21:24:21	application/octet-stream	Win32 EXE	PE32	exe
6208c7bac8f95f817eb9b7ed3031a7b3	a62171767dbdf14e6b9a35feaf6c20e032c688db	32f088d54ee6c4fcd3a9f3a6f9ad660ddbdd37efdf9544e35743b625e4cd63bd	2018-03-13 21:27:23	application/octet-stream	Win32 EXE	PE32	exe
d0cd195146e6d83d5fcc853ff149ccb4	d01e78030a366e2a53c70c7d936eb288ae5b3f24	337a9a4f037fbbae181005e0f73fa053833bb6c52c8a0e4fca1f264a4a302913	2018-02-15 17:57:47	application/octet-stream	Win32 EXE	PE32	exe
5e65f0a85a2242116a2785d1d57a3c61	0a7014144d826eb216532196a0daa0a259e7dabc	3381477c5fb10777c3090da225958d7ad9a4673338a6c3d82c71c524e7827de3	2018-03-13 20:33:24	application/octet-stream	Win32 EXE	PE32	exe
51076707504732d49a15a3e9ac66b2fe	a6481b038847f2141773f339af2db0b17a88603d	33b742d34f5d20657c1bcb64961f611597df6017af95c43aba902d939fe985c5	2018-03-14 05:12:31	application/octet-stream	Win32 EXE	PE32	exe
9d639a335c5dde0a476e7e804463ccc0	184b1c100814e781c23408d001a4481e33537337	340cf87c5a56799fa9d55bc224e4ad623c4d63c711bcd206f46d8eb31fdd6361	2018-03-14 05:15:01	application/octet-stream	Win32 EXE	PE32	exe
374defdc47cdb5da9f425949672a67d3	1c190041fdebfce820e04c46be3db65bc8e381b6	34c1ad636daddbf0d21e0daa4896640a9e4f5c7f514dd99909244f6f159f2503	2018-03-14 06:37:24	application/octet-stream	Win32 EXE	PE32	exe
f112bee8dc6208e6b4431953a49af506	c04e09a65c23b2036acfff18069358c12e2fbc81	351a1608a39152747e9d32553a275cc8d83a2b0e68f0d87e6c84f40dac774d25	2018-03-14 10:24:49	application/octet-stream	Win32 EXE	PE32	exe
78fdf9a0e8a59a9fe2602cf6543c77c1	7c3ba2f41a80b486ca3af73f6ecef4477d65caaf	352a22dd1498ce610042e3a9d9bb9163bb5e5045713757f67e040ed86f8354e2	2018-03-14 09:17:57	application/octet-stream	Win32 EXE	PE32	exe
46cb9dbe64d21bfd27f77029cf2be129	0425ccc9097fa9e064d3854657028432fa6fae6b	3536a2d93ddede5cff762dcdd65b5c535b060aa24538335d6eb8abafffd09d65	2018-03-14 09:17:37	application/octet-stream	Win32 EXE	PE32	exe
f4782f195ae5d15fde1fe508bcccb4e4	1e5fa12088e227061315e2021de5e28247fa429c	35a2a38508abd66acebda7fb8b60f591a6be6b6bb7e17c79afeafb438b3b0a8f	2018-03-14 00:32:57	application/octet-stream	Win32 EXE	PE32	exe
d378f331856e305b9e71aaebaee7cc22	f8febb4e6ade3ae463aa19f9d590b913abe88aa3	35a694fba89f4171aef26f1f65e9d50baf5a85c0da16cf87a9ba7916d15e6cd5	2018-03-14 14:54:41	application/octet-stream	Win32 EXE	PE32	exe
823681c3b8c2dafd4eaeb8044d43688d	3b4a0ee19fb0b6286d28256ac52a4471f0a018b8	366ca8e4c5caf96fae0ba85d98c9f6a339312f20b828b9b279bc2b33d758c05e	2018-03-14 14:14:47	application/octet-stream	Win32 EXE	PE32	exe
0c54af3a5908fb727ba25278dc7c37de	cdb2a71c0b14bbc3a425e18e4b999ae4527d8c1f	36c1f35121d756d2464618256d7a90e8e3a80a3a67f7b8dee9c2e4ea83c68547	2018-03-14 05:13:59	application/octet-stream	Win32 EXE	PE32	exe
5df1181cee24471eb0018e9d9b5b8e37	409289e7a5b4bb9e3133a89a8ecc1cf8a3dd5f2a	36d46e75ed7a238bdb9f6fb8a17b885a93d1f6ebbd38ec96f5af5e3db20d6090	2018-03-13 18:57:27	application/octet-stream	Win32 EXE	PE32	exe
105e3c83c875f2a8733fe94afc37d052	dae14323d932c0cb70b46d7da2b4b796b4402f26	36e81fc10cc035210381fdce32e04b9a1572598766f02e6a3b72d7c41077dde5	2018-03-12 21:02:15	application/octet-stream	Win32 EXE	PE32	exe
4941032422321c7800a70cf51344a48d	573eb2ce379b996fcc5a6b5b0b35e8e075026d98	37227432efeb1a2aca31070b571b606cc1f4815d2fc306ef9b892530e7cc6f2d	2018-03-14 11:17:44	application/octet-stream	Win32 EXE	PE32	exe
b6a47da8c81c720f6825518bfcd1ab15	c77ae3a50210068ecddae9dec7c3b70836c147ac	37237aa37edc0780020ce5fdd79a44ff71dd937e27b8eaf2ea391e9eb6b6f55c	2018-03-13 18:21:10	application/octet-stream	Win32 EXE	PE32	exe
24c859d59748fe892ec51e12ff8503c1	6dedb7e907ac8c4a999cc062b99d021a49c7dae3	374c474a94d7b76a6616a7fa959633de9d6d1d19395164a50271188e0c0aaead	2018-03-14 05:10:38	application/octet-stream	Win32 EXE	PE32	exe
7335847d8594d0d5aa9aa1b4d43ce8d4	7dd7992a0ab04e71e580b3a8538ecdd63ff0e507	375300f56590ec0cd783acca2e2cdadce3222561b13f413cf488ca242b99f9eb	2018-02-28 02:59:17	application/octet-stream	Win32 EXE	PE32	exe
abebd76e8423a6a84d0a28ebedae7e1c	c1c556b81fdf73cb5b55d0188efa720b84f79788	375745fb33be81c27a26f239211840b1fc99a084a8af2dbd58ab9b0c68292326	2018-03-14 05:09:52	application/octet-stream	Win32 EXE	PE32	exe
b9758071aea7b04598b7961e306785df	3d6f70401c15a4977855390be45f3d98c9d11f5d	37b313afa9b2957fefc2afd0d22267dd54684b66e392c95ed941ee960d10bff3	2018-02-11 18:18:10	application/octet-stream	Win32 EXE	PE32	exe
71953cb05cf78dbf90a0a6844930778e	7fab5da299fd069c5c601152bad73b5f4146df4f	387dc8ebe6d8f071e147ce131b03dc3f3d885bf7fb4782b97539ab7a8e5f088d	2018-03-12 21:02:43	application/octet-stream	Win32 EXE	PE32	exe
e6b7e0214d81aafaa8e2cebf34508fa6	6d9ef3c783da2756af30159e4b77a23c7b2ff020	38e7891e3bf544929e78559646e08eb02f2fe5b3e878f176f1db540ae3deef07	2018-03-14 05:14:54	application/octet-stream	Win32 EXE	PE32	exe
dbfaa85cb0309d1d4d058cd8f9bd75ea	2a976bdc9aebeec2a4a6b3d36bab567f0c671daa	38fafdfa72b43ffb7ac72f87cd0644ef150dc8283a45b019f27d457753cc3ace	2018-03-13 20:21:43	application/octet-stream	Win32 EXE	PE32	exe
dcc8402861e608ccd1ef4c3b008ca5bb	33c084a7614e9f3f1fa0d00f428f220098e56489	3904f9d1718604154e9f0849167d738119643fe5abdfab287d83e3df73f4464f	2018-03-13 21:08:36	application/octet-stream	Win32 EXE	PE32	exe
d8c90853bb6a355485933fa0f9888701	4c5f354358e5299c548113098113dc1a27d855d9	390570f3dc60a43cc24773de2bf919c2820d7583e9d436c96597b84ee98a21e4	2018-03-13 20:32:22	application/octet-stream	Win32 EXE	PE32	exe
813e8cb8cdc03b73dc1c8e4ecb4a6446	a9579c215c870129b43830f6da7677cd717079a6	39bc76491efa249144b0e53945345e5b5f07fae052dc8c9eb0b1ff9ac29cc9eb	2018-03-13 18:06:02	application/octet-stream	Win32 EXE	PE32	exe
588e99afb627d3c0ed90763f46f31be3	e24cf6bd6ea4cb9a06ccd8b611d69524d2c742cd	39c447d2783f71b78227e73bea065842ddac6a5c87c93b67bf1c25d69fec0f9c	2018-03-06 10:55:56	application/octet-stream	Win32 EXE	PE32	exe
ff7dff984ccbe09f8a1823810ecfd4a6	346c87b16e3b5121df48a57171178efcdaf72cb0	39d259d0442fb7fcde7e3ec0d9dcdc077aec3a5ee2078f6571d94b9b03e3183a	2018-03-13 20:27:25	application/octet-stream	Win32 EXE	PE32	exe
7ce20ea5f190559f9bd618b89400e42c	7c0746808433b9e8e2449f1d74aa7b749b720e95	39ee2e541f993203e68db2687415612deb120c18f649c28353775321d2fd1c34	2018-03-14 05:13:57	application/octet-stream	Win32 EXE	PE32	exe
81e574e732232323e4f46fd737eedbc7	d558476118141f890615980b592300e4193624a4	39f97108571039d1dc82b223b546218987bac95c5ba7ca625eb9a5ca9a5e59ec	2018-03-13 14:58:28	application/octet-stream	Win32 EXE	PE32	exe
c5e3d898c58abda9ff39b61334bb9db9	d82d65f3d7795efe4b1b515cdce9f356f07ec2fb	3ad638726249070871c44ee4352089b3c07341953d1b9f4ead459f64ce56aba8	2018-03-12 06:33:59	application/octet-stream	Win32 EXE	PE32	exe
98706c2be70e8201e6a6c61e9ae901e0	70a777de7401abf04ce379619dc122177efbf6a1	3adf2d0e995f78af3f4705b2d05d5542392dba8dca8a3089f1f1e83014cf2580	2018-03-14 07:20:27	application/octet-stream	Win32 EXE	PE32	exe
3f5e1034fc3a7476b2885468e76b797d	3d2c6e5fb088a31bf8aacbf7c6a730be3881a4cc	3ae7948a75b5a9bf3c39009f91629d1aae506d72356111110e52dbbbd53be1b5	2018-03-14 07:57:41	application/octet-stream	Win32 EXE	PE32	exe
f25f35ca6c8a19a43d9b5bd44e6af930	a5e843cd96c696330efc9c8986e04d16efbc4885	3b207bbfbea4530e527a4ff6f8080d1ca59b243d7b8c60f7bb1d82b577407097	2018-03-13 21:08:58	application/octet-stream	Win32 EXE	PE32	exe
f5aae832ddb2913993e93c96bc6a2932	a77afb9136480f12e4064990d5f981b248beecc1	3be47a9d49c7bc96345fa7dceee8ee04d54239c732e19b1b2cab6aa6d45524b2	2018-03-14 05:12:10	application/octet-stream	Win32 EXE	PE32	exe
e3e65acdd531fd4c0e512cc4f0dc6a69	c4df5d0a8135620e3f01838e75da869c5ea66636	3c2d83c8fd46b45c11f564c7ca3bf4351e096f53243a6d923639d1c5a05b05d5	2018-03-13 17:11:12	application/octet-stream	Win32 EXE	PE32	exe
f3fc29b374cbc5e453511633a8c6dfe5	d70bcd6914dc8476b66a51b1d8410ce707d5b3be	3c7f99833e8756d46929f19d8457ecad3031a0d11e2615a598f1bbde85644e18	2018-03-14 13:15:00	application/octet-stream	Win32 EXE	PE32	exe
3d064037c8807b73c68785a963438826	22bd5a22bd5febbcf78cb0a27b83ebfe21935fb0	3d00c1af9d5ee474981d8fd65a5e675ea73c68d10db3100c7ffbbde390a5993a	2018-03-14 12:11:11	application/octet-stream	Win32 EXE	PE32	exe
d2dd0f478464c31bb4f742494e04abd6	bd6cd5c4e8c768bac4c5749269b2e5323fc9a502	3d6d18246b62fe191af09b6c22af346a321181512106e255c631919c5fd67a6c	2018-03-14 01:24:43	application/octet-stream	Win32 EXE	PE32	exe
9f5ae4bbc76e8324726a8b7c82d12b6b	d6d14cedecad9c699cd80caad04c3630395b4aa1	3d8ed44fb1cea4fb03872b095529fcc484f95041e2503b31ef6ba64b2094e4d1	2018-03-14 05:12:07	application/octet-stream	Win32 EXE	PE32	exe
c39d980781dd76414b8d1a692bf3d9b1	d9a958a8dd58a5d384d879fe0e8c21859e9fd531	3dd7f5fe182c3207fe78f2322478a76dcae04202371b602a8277fa7fba835412	2018-03-13 17:37:27	application/octet-stream	Win32 EXE	PE32	exe
f29bdac92fc1a0997cd2366a4ac1f6cc	2cb571062d8aa05074ec540f4d4a7342c5092bfc	3e749898a706436aeff1204fa365b22e84796a2c280a182c6c95841088a225a2	2018-03-14 07:27:51	application/octet-stream	Win32 EXE	PE32	exe
51fd656fd3423f952b1f05471448e72d	a9660b7a02375cc0497ea598498ebde350c9a0e4	3ea0381e49ddd655bade772ffa75fd436714acacd81e9e654cdaeda195ee12fe	2018-03-13 20:54:52	application/octet-stream	Win32 EXE	PE32	exe
7de87a9e83f002c10977802d0dca19ba	6ca9a968caa137623fc4199b5d47741b8e4fd7ba	3eb2d1ecd3e6492fd8249510fbd2ee82aa54006b46b0f336fa636535c70ce686	2018-03-14 09:21:36	application/octet-stream	Win32 EXE	PE32	exe
50b9afd7408b97fdd91cddbe9f276643	73622a5b9a17db9f195abe77429eefcef26b7f65	3f16e47beb90f7e5021696f967d99ae8c8ede9a97cdc654a8fe491a803cb338e	2018-03-01 14:15:41	application/octet-stream	Win32 EXE	PE32	exe
2748684ebe9b823b9609e4b4e99fb9fa	7b25967b48c8107598916729997434b508a6c31c	3f45343f2b6feb37b8e5e5a5371653064e0bdf14b11c55490ef2132c0caeb73a	2018-03-13 20:46:11	application/octet-stream	Win32 EXE	PE32	exe
43afa4c61f9a51cd21ecf47262a75c72	cfc98440572fac8374cb9747259332c389527d88	3f7f1947af7b771b271bcacaf86561a8e84921ac2c72afa2f288a5ebbb3d424c	2018-02-11 18:36:20	application/octet-stream	Win32 EXE	PE32	exe
253c6c9598498931c52ef49a02610e19	0228c87cf1960ca68fcaf0023e68f8a739f3a35b	3fc5b93b6e1ca724d7729ba23ca27f86d36bdd036641d435685b3e7894e28a44	2018-03-14 05:14:24	application/octet-stream	Win32 EXE	PE32	exe
8efed66c3b7f4ffa790d0b2dd4db527f	f73526c3c35d9d3c4c801e0e7b6cef2cee2c23b1	3ff1cb5a446a486a6139c4131145d3e82e5a9bf8569497dd342b1d950cd7d24e	2018-03-14 05:14:27	application/octet-stream	Win32 EXE	PE32	exe
461ed9a62b59cf0436ab6cee3c60fe85	3f41a2796cc993a1d2196d1973f2cd1990a8c505	40fe74d3a1116ed8ca64c62feb694327a414059eeaef62c28bc5917e2e991b3d	2016-01-19 23:48:42	application/octet-stream	Win32 EXE	PE32	exe
5416baf1c059c4ff34cf40f4205b33d6	285899f2d23f539e4b88e096b481b0da0a4bbd8b	419b0c4781df3e1ef2d3003a6aceda77c84b10f853c25b6297ab9d06ca3cb657	2018-03-13 20:00:00	application/octet-stream	Win32 EXE	PE32	exe
edf5da738b492355f54d001aa51fe8f8	43d585d4119dcc992b633a19601f6273336061c7	419cc33daca8cd5e09f5539ae882452c384ca9daa988bc2b00dd46b50744dbe8	2018-03-13 21:25:37	application/octet-stream	Win32 EXE	PE32	exe
b47d0270803b6ba91783292b7fffca22	62d15ab4f6c0425bb592af5e62ff30f18d299caf	41f106c2693121ed5acd38010da1f71c72420bfaafe36376a91c1aefbb3a370e	2018-03-12 19:39:33	application/octet-stream	Win32 EXE	PE32	exe
f28dc430db6e432251ad8e676b585d76	90efafaf6636d5a5d2ab1468e7f1da652a77cff0	426bd9e480ff75f87d06446565cba5cac8a40921600d9d9a25240438cd14a554	2018-03-13 16:55:22	application/octet-stream	Win32 EXE	PE32	exe
a0be079a5c5de737a6b343d5e36e6563	1d528cfa5f779ddf45f72f917494e3d7810bada2	428d9214c97d03f577011a6e81124c7545d779c7d50a1b95c20b95379d93015b	2018-03-13 19:55:07	application/octet-stream	Win32 EXE	PE32	exe
afd89f2156faf1fa407b261d52166834	a7e7f6318cbf13326098bea3164bd9a6f1e8dd42	4297b004212bc44fa97766d19e5ee40d4810728cf0848aec9e4e145467e3c066	2018-03-01 15:16:13	application/octet-stream	Win32 EXE	PE32	exe
b3c05da88ff684b3a621c3991f9c85e9	72c6524c62fb09f3b1a7a79ca7d860aa60541386	42bc2a19005cea3260ce8ca9910717121c36153480aa18617e7b027f2ebee4ce	2018-03-13 16:40:24	application/octet-stream	Win32 EXE	PE32	exe
632fa9da298709a785481771b8313fff	1114a2653fee6df190ea7feea7c34600a847e920	42fc51d1c105d5d95a17b78b07a6de7cef07e390d1fddabeb247a8eb1c0bc8af	2018-03-14 04:29:10	application/octet-stream	Win32 EXE	PE32	exe
df16afc3de4a97c07a71cb281694312e	61c2f3084aa782d22b4ff07e5f4a1295994c8582	4314cfd5e25efe5e0b6da28b243f17ecad149bbcc93d79bd7c3e0f020646f62a	2017-12-12 17:17:58	application/octet-stream	Win32 EXE	PE32	exe
50a498a404cfa69ee1deba6139eb51f3	f9c816bf085b2999ca332750ecb4c8850cbf5da7	43759fb8ecb4003787c8cc142e3116a7a35262e64493f6ac8a855622d578c170	2018-03-14 14:58:01	application/octet-stream	Win32 EXE	PE32	exe
ba8e105453a27896ecade8234174725c	b3f315361ea51825fdbc6f3aef5fefe564678bc5	43cd2c8708f1e2f04bcfd4c333ac7b0d81cedfbd25dbd3a1c8772f8cfc3f28f5	2018-03-13 20:25:18	application/octet-stream	Win32 EXE	PE32	exe
eed189949076a188a57c87b068648ccb	64b18efc6fe2e91c46c9d8667b42215eecf3e9e2	43cdc72972d9b9cc165c63b17c34d8cfdd1ab090739c362434a4b972bdddda67	2018-03-13 20:40:39	application/octet-stream	Win32 EXE	PE32	exe
ff5e67d3d4239c3a784b75c1c996a0db	f97f87c66ddf01ba58711b59b9b36c469d745758	443031d7e6128a43e7f5079b4a87bf5756d78cf980d7e08c22e87f6d12c69d66	2018-03-13 18:00:31	application/octet-stream	Win32 EXE	PE32	exe
30cc30d640ddb928e9eb1fe6d2d1155f	f26e50afa5042af950dc46e622100f64f3b07c87	446e5a41f0b2904ae0d8a0833f0f17ce0a9fefc535f481a39d0bd1731683eade	2018-03-13 21:13:46	application/octet-stream	Win32 EXE	PE32	exe
af423724dc27829305dfee093744943a	f847379ab5f397db04f22ddc9968c87c6c801dc2	44a6bdc1d9a947a0e8b00d22da769fa2068aeff91a631b5bac01de556a55735f	2018-03-14 02:19:17	application/octet-stream	Win32 EXE	PE32	exe
becd26db62864ac38fe8ace266165f5a	dda4caff83e59a65fd580015960c1a9622110c81	44a7f0c7042b2d2550fab12eeb177f3b0e387d1ea41af9dae7a390ab54ac6eeb	2018-03-13 18:22:59	application/octet-stream	Win32 EXE	PE32	exe
52dad8dd0116b4136ee4cad48d6a4dee	b7b0ad5b57584a1c2daa1ff4b25f26387ea1add3	44c9d90687a0f2af1e04d5874c9d03188f427f683864d591a387a7817d698ba8	2018-03-01 15:14:45	application/octet-stream	Win32 EXE	PE32	exe
0679c3bd2efc1015a351f2f0c38a36e3	dd4f6551b3a64ff0de02937658bc7c83d3e2c0d1	44ddf242405593ee4308e817cdb0431c3ae8ecac7741c8cb48334dbf226f8b82	2018-03-07 13:55:55	application/octet-stream	Win32 EXE	PE32	exe
5c7321448dd6103355e1d209c8a70a29	6f102161890ed453f3b95af578b981155ef2d954	45716605237b48848e248b58f87e059a93b8199759a4a4a836ab2095872cdc74	2018-03-14 14:19:22	application/octet-stream	Win32 EXE	PE32	exe
a0cc7e9195748041f542f07f6b7bbc73	f32ce479b5538ed090226546da527a67d14cdd9a	45ab4851d91534c3557749116c9f5ecb58441841204069a1ed41dd2e32583785	2018-03-13 19:01:10	application/octet-stream	Win32 EXE	PE32	exe
413af21f7c0033ca632362acc337e2da	132c1888e9d2ba1ff2722b9fcbeabe88e128e1bf	462147e67887bd553c9ff2269fc41cf1db63a17d5f2d116d2bc5a6ad6a2eb8a9	2018-03-13 20:20:14	application/octet-stream	Win32 EXE	PE32	exe
68fe8ffa9290ad67055503396fb4feb6	69dd7d15d2605507d82d5d9b3e9f24525556cb61	464a037f3bb57f4d9d182dde576d186c6ef8242c84beb65224d659ce51518f2d	2018-03-14 04:38:16	application/octet-stream	Win32 EXE	PE32	exe
4a35a2f256ee343ac9b58062f36a1140	c445848296fdd12b6c8eec6ca0993c0a1a0d1324	46696088855d9a9d5a666953e43680001fcf91c53ece07d39003418c34a3ac9e	2018-03-13 21:34:07	application/octet-stream	Win32 EXE	PE32	exe
f6bbb7a78c72089a237281e12b364b52	e5bc0877f5df9dae22f7f32391538c1e0af2cfc6	46707cb77defc95a6bdae95108ec98da8063b01726e34f9e2111c69e6862a0bb	2017-02-20 08:40:36	application/octet-stream	Win32 EXE	PE32	exe
921229e0f11775f6054265486f2e71c9	9e68055d0715da73f3cee743baa79c0d9cae0195	472cd5769e9dde2fe51bda7b1dfad1825b806157dad50485027e781cad344a08	2018-03-14 01:59:14	application/octet-stream	Win32 EXE	PE32	exe
ce5c4ccd48fdd8ff1e5edfb5eae54c3e	053113bd191a332b69dc77463af41b55844f4232	47bbcd7bbb9399d53564296be6ed347b7de6f47ab3b90beaba3fe0651db3f5c2	2018-03-14 11:41:24	application/octet-stream	Win32 EXE	PE32	exe
e5197d64dc9772b872e37f10b6e43a06	925afc53c53dd53ca6ab188256bd0696ed4b7a42	480eece6982290ef5c4d8a6b19c3ef795e74648afaa60145c42a08e8abb1a811	2018-03-13 18:13:26	application/octet-stream	Win32 EXE	PE32	exe
fa4c288c3f3469982d0b95cf4dd54a9b	dfd90b92b3dd7e37e85365f06671acbb3eb6f6ea	48b146259d7a7ff3b59a75968beb39440516f3cc18fbfb189fb672b61b79b0d6	2018-03-12 08:37:22	application/octet-stream	Win32 EXE	PE32	exe
97f96448a8d9fa18946e0e4ff88f42e8	8f03385db8f0d7a631285fd468c2a4675af7738e	48d8dc524756e58a86f591f5a6b21732c1a1748f85b53b48ac91c5e46c2fcdeb	2018-03-13 22:15:55	application/octet-stream	Win32 EXE	PE32	exe
b26af5aa63c0d1134f29413fa940aed3	a9d37e7fadfeb5d94c6b9f606a096f6264c0022d	48e60f9d8cab6c0dd82ef4f3a8ce18165066a5e6937a58987c3bfafa1045d37b	2018-02-23 01:59:20				
af77e678ca54830a92a9c2938f12c359	585d475fb8f916b816a0ef0dcbb6d05b5650b483	490b3f3ef3895d4a7341fc5e7643791f35bd46782abfcf9b86416eb9f7942d8e	2018-03-12 21:06:08	application/octet-stream	Win32 EXE	PE32	exe
7bf783af8ec39914f102e0cc83b34403	df1e6c9022e4b11e9b5681c945defec35f657631	49742ee7d1f5d444e091984b6c80002351da3183706dbf092462639a1328c63d	2018-03-13 16:58:37	application/octet-stream	Win32 EXE	PE32	exe
0597b82d23f47f8c9f3d2e5416113fbe	d9daea590c1836e18485c52e8d79e97fc8a134c0	4a11e7c8b91c42cc6fe6afb2fd5bb9522a3a2e512320f3128d48e696f6eac729	2017-04-02 04:45:28	application/octet-stream	Win32 EXE	PE32	exe
d6fc1208cb9f49b627ce29853ff11270	cc35ba6292dd28efbe15f985601d2303edaa7a4e	4a59b40da06a52404dc0c6dc67c51230da6cf0e32a5787003b14bf918252981c	2018-03-14 08:32:14	application/octet-stream	Win32 EXE	PE32	exe
7294559e8252d584c072d4f05c40b770	3671228863e8d1ce045760700c2d79fa00891c45	4a7fce8af2a232671d0ae76928173fa458548bcd6636ce357e98d2a6e9f01372	2018-03-14 13:12:03	application/octet-stream	Win32 EXE	PE32	exe
8f54a0438adf3c1f2d4153c24d2ea6d6	5c7e7e3c6244d3102fee7942f765f3c2b2e09f9e	4ab405ea1768525998cbe3ddcdfd50a627460095ad490f218db12aeac182c277	2018-03-13 19:13:14	application/octet-stream	Win32 EXE	PE32	exe
9028d298af2640ec73585692144f1b42	161d6f96083574df111bf7acba991938292b3c04	4ac407a77ed7f875712145e596d83b39a3c5d8c8109ba04e8128a7a4736b2b15	2018-03-14 11:12:58	application/octet-stream	Win32 EXE	PE32	exe
fdbdd6939ccbebcc178af85f1bca6346	b7638c8fb34eacf9502922a2c595d0b3a712c5d7	4aca71f15647a70cef0794a63771f59cdd2a5ad104fae0a7215ecc0a9b7b4d3e	2018-03-07 06:32:19	application/octet-stream	Win32 EXE	PE32	exe
999897cbacf43444237bc5a5f9efc823	af03706206af183b7e327c3dd99b04786e6be4cd	4b6d877a49cdfbc59bcba6a8b3fe1879bbb680facdfbb9e2c0abd73f5a970146	2018-03-14 07:06:30	application/octet-stream	Win32 EXE	PE32	exe
cf8b1b76e2afaa0cd5d45a6246a08f8f	f892c3ad3f79810e2a164b4034601d4dfc5d7684	4bbdd599bf963ff35ea117cf5a5ad6e20f15806564eca5476bfb146c8d7b890f	2018-03-14 05:11:59	application/octet-stream	Win32 EXE	PE32	exe
6602e1b6e6c7d396dcb7743b2c113cbf	cbc25aaf31d9d0d8444c0bc4199a736d726a86b4	4bf464a661665586d3a02d88d4d5ad36853aae1c44a329b0575312e58d4eda21	2017-08-03 07:19:32	application/octet-stream	Win32 EXE	PE32	exe
bf5f4ebb8dc7d261ef5e8a05c508e239	254745a7c81e63fe11499338e353893c50e893f6	4bf4b21f448f25e7a5ec179499039b341887d3fdc27e09105f8040d17013805d	2018-03-13 06:56:18	application/octet-stream	Win32 EXE	PE32	exe
45ba11cce3e4727b4877a859c209c197	aad6badd4a51ddedbebbaaf166217ba7cc17074f	4c0adf54363741e4bc32ee2e289577d1cccb1821d318be3acacd1cdbe68a5c26	2018-03-13 21:03:34	application/octet-stream	Win32 EXE	PE32	exe
ef527c9dab75735576d50a9ab0321d8a	806150496038154d47412b152f948ec79d282877	4c1597806f8ef7572139fdf5548bd55a141394e42f437c6ecd364a25b7adca88	2018-03-13 20:46:38	application/octet-stream	Win32 EXE	PE32	exe
450d0347639c24bce1d22c5e7881cb9c	d9597a0c0991fa447935a0d76c3c55a53022f331	4c16f98a12859870c806dde66505d4857d7d962054d9376c26b680d9824cdf2b	2018-03-14 06:35:38	application/octet-stream	Win32 EXE	PE32	exe
329eb3d444fdf057f06b0f525e6c4063	3a9f9faf5a498ab56a9b5ed3480a92092d2a6f9b	4c25d1602deed0c13b6ba2c20d7b65b012dd06c89efea83511202b766131e9e4	2018-03-13 18:45:10	application/octet-stream	Win32 EXE	PE32	exe
3072b864540b53a39f979329dd63c524	7573a1b7d435506c7aa522c350b5cd97193ef049	4c4132cbd97060a0669f81dd6001bef5e3f67512ba102f83328477f803b3223c	2018-03-14 05:12:25	application/octet-stream	Win32 EXE	PE32	exe
5c82009636b0ca498a7707c55363155e	de54253d6e2c4a8b96ce8d793f8a670798446fee	4c5de77ae78912ef116598c7a7850cc7764588d86823524a56cfd1f72f8a96d9	2018-03-13 21:12:33	application/octet-stream	Win32 EXE	PE32	exe
c2e2ac40e3e19e645e52ceac9fb3bf49	0ce3eba10df2ae0e3cb0e0261d3fcc9740cfe2ec	4c653db06f0b94fbdb814cfd34c56a4286d00017110f52984670085e6fe9ade2	2018-02-25 11:42:04	application/octet-stream	Win32 EXE	PE32	exe
5d20f4655faf795bcc6fa8f9599892a8	9a943c7987cc9b402be83575bfa4e85ed14a89c3	4cbb305a87f8e4d9e15efa17a09ab540ad9cf2792cbc0985ab1f55f4f0ce280b	2018-03-14 01:56:52	application/octet-stream	Win32 EXE	PE32	exe
4f7cc501483bb2c2a9d7d2594b1559ce	7021eb538197a6a212bc80bf975f8cb9a4b02a4a	4ce7eff3b5534f6879bee7c66e03f2f4f97d2ab7e296f94e701623eac9fab89e	2018-03-14 05:11:34	application/octet-stream	Win32 EXE	PE32	exe
5da975f435c1469a57c5c1b0d05381fa	8d4fbc24ef66d0184b54328faa25cda2f0136906	4cf02ee16b9f84406b397306006878cf854d87c4538d3569b1b09fdbe643a716	2018-03-14 00:34:04	application/octet-stream	Win32 EXE	PE32	exe
d26ab604bccedd959bea6b550c630a63	c809fbf48c7fdaf4527fb543ff9f8edbeb5029bb	4d23d91ba9da652b6011889e76f7ebaefb381a897474acdf2272a26cf77170f6	2018-02-20 13:09:07	application/octet-stream	Win32 EXE	PE32	exe
e4807868d3a654ede9136e3d7853874c	a5aa7d248b0e66192bf5d21ddf72ea1a3c11632e	4d8b3b1c8a7daaf7103338c334531c1898867e4fcc9559c772cd6dc270a290d1	2018-03-13 13:55:03	application/octet-stream	Win32 EXE	PE32	exe
f175139a962da46c1a7c35c08d2617d6	3d300ef9446086c5290e066a112ef8f73c9fb471	4dd76b163aa801f1c24106a392b713cf2d6a32eaa1b6ead26c0923ec7b6396c8	2018-03-14 01:47:51	application/octet-stream	Win32 EXE	PE32	exe
dfb0fd1bd218e8e5c731b910155a7346	a5a45d14f54c1f5687a654966bf95230aaeb069a	4de4e447729e5caa18513c6373ebf5ffdbb9f31ce846da804d5832fa98b87ef3	2018-03-14 12:24:11				
81d70034e3964cdc0038182b10490888	13695dbddb60444ab73c1391a61d8cad049cb5fe	4e48fec01917b0dcb1803b0d2c0d45ceaefb97c7bb151aae554668e97c6a0573	2018-03-14 08:46:56	application/octet-stream	Win32 EXE	PE32	exe
dfadbe9f7532ea36f16a5ec40d7f3c16	9179e01625177fa3a663c560e46a7c5740385a84	4e5d441062b69e725a39ea9aa752a05af46e9984cad33069fb4bddf87bc4cbe5	2018-03-01 13:12:42	application/octet-stream	Win32 EXE	PE32	exe
e517da7d95ca953a8526bc19f07ba159	613a19a7c71f0a6c2fa594d6ec0297e4848137f1	4ebbe9c6fdf5b7b3981c4455f3c88872e2bee1a9451aaa621e0d8edd8e848ff8	2018-03-13 17:40:45	application/octet-stream	Win32 EXE	PE32	exe
4c376738505255d0de3eb5b0cf6fc23e	cc50cd4d6a21a1a205592b288312674a9c802595	4efbc46de9741f5e92270487973c9174fb9ddbfe1958d8ac86246044072911f3	2018-03-13 22:11:38	application/octet-stream	Win32 EXE	PE32	exe
8cd4f9da0fe60d80d5c3582034700d36	8debaae8d5c2531878cf8e671916ef7f1ad3e984	4f564472658ae9fb1e9c3d337d22eaba8785cea9dea758cbba04c46af2edd935	2018-03-14 00:25:22	application/octet-stream	Win32 EXE	PE32	exe
203e3c4916f65945010011d25d1f47d3	5374a5615605660bab151b13381bc84241e8061e	4f9ec7fa5bfb5a742b50a223d93830fd298d8d2713798f0b303e808e5c4e0a88	2018-03-14 05:09:49	application/octet-stream	Win32 EXE	PE32	exe
a82a43f46b3c539a19126ba682362d1e	16b60a35acf4c39c658d69f55e1ffd2fabd232c9	4fa779c5bf1c10838ccd24d64f4e7a2f2348f4c2943837704c9586468f0f447d	2018-03-14 05:11:11	application/octet-stream	Win32 EXE	PE32	exe
fd40fa13cb1349a2e14daee745c1f594	7bfa09fc3a7d3aeb9742159b9fc5d2c812bd0f27	5029606fe5d13c0b5c2ff1bd73a9bbab96058d65508448b76c1d33d8e380081d	2018-03-13 18:42:05	application/octet-stream	Win32 EXE	PE32	exe
ecf4a1d646205e916e0b2c59c42097fc	1d455974fd0beddf2c6d8d29caa2b198c190fcc0	50638ac7a0eb6edb403c0b6a3d01b82aa433d0f5ba7f07e4c092ec84945df726	2018-03-13 18:01:12	application/octet-stream	Win32 EXE	PE32	exe
807a24237a93dd8061512a7aae2caa5d	a8966e6d37fb8219b253aa76a34f0395f75110c2	515f34faa94fb83c235d12a2d5ca72a738d52339c44e15b9b1d4c12d2691153a	2018-03-14 08:56:15	application/octet-stream	Win32 EXE	PE32	exe
6c8e4418425aedd090145a378647f816	b780a980dd9b331e50038653cf7014a844101859	516bac9f22d0c2483bdd085560070a2db373a133bd180f10d9d9e87cb10d01f0	2018-03-13 20:58:24	application/octet-stream	Win32 EXE	PE32	exe
0a2d6a60bd298b2fcc04a618095a6a97	259137996f18541c9fe4f4553e4cca28f8c932de	51b180e0be45e1502ef54a7d491d84145c76ebeae9d18ece3e833c22105d006c	2018-03-14 05:16:13	application/octet-stream	Win32 EXE	PE32	exe
aebb40ad1ccf08d0a1c1fb3e67a81e49	f5823406a01be6782c2fce9e94df9feb70f2b31d	51ddeff7598330ca7c2a816a6ee6123ef323a7322fefd14fe69d2f514e88a047	2018-03-13 19:40:48	application/octet-stream	Win32 EXE	PE32	exe
24751890c0f8ec4516e9f0ee9b8af6d2	8a5edbb41092c0352523880b21e2549502a1baa5	521aa772993cad10abaaa68b326456000d48eeb16853d4e195e3e9a5000f908f	2018-03-14 03:30:11	application/octet-stream	Win32 EXE	PE32	exe
0e2393207a89bf6bd9bee8cbe1ddab5f	6e58821594b994375fc9588f6ce778dfd5a96b98	52a3a855fcd23112aa2fcd1d5ed235a93cc480c5d7309c598ddd0466362a831d	2018-03-14 06:56:36	application/octet-stream	Win32 EXE	PE32	exe
a3ee324462ffe38b4e8776c4eda35188	227ce6c6a03812a03a8df463d82786638d79204b	52cff8e1f0fcb271fdbde861b23ddef0220cb240950d5959eb802b53a9a186d2	2018-03-13 22:09:26	application/octet-stream	Win32 EXE	PE32	exe
36ea6f44f742af83397668b4074c0b56	d67b87bf76b89269ced33f36295426f75d48a60a	52e983e9c82e4b8700d02062762e4c46dd4577648c7817ce340736456282d15d	2018-03-14 03:30:31	application/octet-stream	Win32 EXE	PE32	exe
a9fbe1ad3259c0e39807a897e035b4cc	8e9275e1084651ae1483158eabc68625f5df7da0	535256a4dc05e44a845bf7521d7cd797b3af0f4396e704e0aa5617b856030bb2	2017-02-25 13:57:43	application/octet-stream	Win32 EXE	PE32	exe
532d7c5017ccd63114df861e6412b364	669db87114f11dbdd3746a67f3137848babbfe66	5374acee06666a08f0877d5f4881946f836835152904eab47193e3fd0c6efa2b	2018-03-13 21:01:42	application/octet-stream	Win32 EXE	PE32	exe
faef7072005ebb5466ef1dc1ba9c125c	5fcc04ae674d92cae4d6cc96efc2839fe4acb5a1	53bd55c57c7e71a217152aafccc0df79f9dc715686a3ba490720d37526c59252	2018-03-13 06:46:37	application/octet-stream	Win32 EXE	PE32	exe
5f809caf59dc5b9107db3cf0e333a433	344feb689273e77c83ca7f724cdd71d00f8845eb	5401a2ea8b0cb4665a25c4b7cb9719e8fa9fa6c64fd9adcdbb1ed8297dc107fe	2018-03-14 00:45:17	application/octet-stream	Win32 EXE	PE32	exe
a189d2bc9013832a442e00b6cd4db7bf	448aac8bb38b6996901c7a82dbbd5f175c2bde19	54282ac066964a6d039c2a15d29756227cf58115054cec5ec2a9c3cb14c8c236	2018-03-13 16:23:16	application/octet-stream	Win32 EXE	PE32	exe
cb6debafb215ab7681689cb86d73e036	9c8ca316737f526f9c9f8d5f8eefe372f72a260c	543192101c3b9d95d33252cfa71338704b7dba2a0329e33d8d8ca37ac67677b9	2018-03-13 23:39:34	application/octet-stream	Win32 EXE	PE32	exe
6fa027b671c8c6cdca6964a0c81b779d	595a26222f10fde066326e08656686c2b78cfb1b	54507d82572c1d133ef76ac45bef6cc3d6324a3cbe0b4c78ac4bfb6949e81b11	2018-03-13 16:36:05	application/octet-stream	Win32 EXE	PE32	exe
d78d581aa90b5bfe9174057003f3ab47	98135896b91fd49b4022ae95a5251a9af9ed0812	546c884d0d56f74e9213e38062128fc0084419e0a5e7a48dd996786a275f4777	2018-03-14 14:34:44	application/octet-stream	Win32 EXE	PE32	exe
a08d8b4101519dc1fda3b19687f794c5	56258f9eb8d66902b61bf711f3c6c08c946d9deb	54bf9eb1a89bb1579800ca524e34a1c5411458e0fce86b166521e50a6fe0c652	2017-04-03 23:05:06	application/octet-stream	Win32 EXE	PE32	exe
ce6741a0ba7159377f1c4e364ea280d5	a701a0f2a50209ff781103bcbaf7755747a6b1cd	5515975f9328ef625344361ce42ed66a4a6cc0984944abd2f802108dc63eca7d	2018-03-13 23:33:05	application/octet-stream	Win32 EXE	PE32	exe
d6067fc20665ee8a2a4fe48680da8a92	876a7acba7cabf7f88904e60f81a0927130029f1	555f2ad39cda8eb9f43e4178c7290bac3265e7ae0846ed07ed3b1fa7ab7cda44	2018-03-14 14:58:44	application/octet-stream	Win32 EXE	PE32	exe
e78fb8c1fe03a2e794f629a69cbb9fb4	93c1a22a95d0a1290ee6baff84d0fd71e14e5474	5568130a0e67efe85d78924a0233be61964dcd6e13203d08df58c3f45da9e8dc	2018-03-13 17:47:37	application/octet-stream	Win32 EXE	PE32	exe
8384353a1867254ad5517984f7781f2b	da49d9d98e32e109d3a4048affa30f535919a467	5570f42c24968357978634048509b26fe3ee2b597b54c70d4dcd5caaf3018392	2018-03-14 07:35:43	application/octet-stream	Win32 EXE	PE32	exe
0312a1cdbf0d9250db06ec75a5917268	8a36926fadf64f71f914e4c8a47b2dbe21b44b44	557b8a1aee5d7117fbe2347af027e775b839c723cb87dfd3dc813b67409335b2	2018-03-13 21:03:48	application/octet-stream	Win32 EXE	PE32	exe
af1f034f22690096b5cfa55676f69368	ed596ce125d5413c6bc1b615384b2a9d9e0a607f	55c117944b1e4d68b0c3a8cf9d58e6742ced34c23a52bfa98857047525cbc3f6	2018-03-13 21:14:58	application/octet-stream	Win32 EXE	PE32	exe
2c7eb50850ecee3390a0ebe411cc54c3	b98fcb30dcb712f7be18b42e141564ca9b9507c8	55c6998c880abfa68b02cb249f76df027a882a204f7cced498782f8c49840e29	2018-03-14 00:37:51	application/octet-stream	Win32 EXE	PE32	exe
32137db58509d26fbe616e6e50f6b336	643f4befa1908e6411ee00ef1300b62c1dc5a897	55da1f1eb87ada7ea65fd8bac387e42a9670d02cc78f3ccd9274833ff3d5e4e2	2018-03-14 00:25:34	application/octet-stream	Win32 EXE	PE32	exe
e3c989ac2adf3ad111a6c87ef3ed0bf1	0727e376ab21999236d6044369f9789d7dda1982	55dfc8751887dea9da27633fb0ffa50f5b548af1c41e53f963065b70b3387d8d	2018-03-01 16:07:19	application/octet-stream	Win32 EXE	PE32	exe
ff3fbd71dbc40995511d26b9ca1ccf95	c33129005c87f4b33e7f9f1f7ddb6dc8e0d61e04	56aaa48017e350038fb913812781a3d12aba79fe00c3af765b3a745327416d29	2018-03-13 18:00:05	application/octet-stream	Win32 EXE	PE32	exe
880212f8e5f0c926487be2e3d7e59c58	ea8536a7538f7b31f982fabeef39d4e677bd869f	56b9fe307fbd61884877dc1f5ab50a64dcb754f9edcab196a3a1437de9fca64b	2018-03-14 14:10:29	application/octet-stream	Win32 EXE	PE32	exe
c01e90a893f161ae230ddae983ae159c	1c4328ca6b081b783cf273b9d2f6a5378b508854	572b45e5cd75853e920f34ad3a26306060a4280b6bf7439d50dc92b15f047fd0	2018-03-13 19:26:27	application/octet-stream	Win32 EXE	PE32	exe
0898ae6d282150161455b7ea5eefbb5f	7a5d28361a53d2bfd07808f512e8638af3a8afb7	5796344bedeee43ab662bd358e38c887603b53694d6b42c46c38e840395f4f5d	2017-03-19 09:51:27	application/octet-stream	Win32 EXE	PE32	exe
3e20d05a64da0a45b5d44854d7bde875	7524f937e2d2555b1ee48d22cbedf7e4199e2106	57972cc496050f1696558fb096772c0f082db3ff75e4ed2ace43a4ea7ce88cce	2018-02-22 17:05:33	application/octet-stream	Win32 EXE	PE32	exe
34496e26c8d80876d19ef50ab5d0f699	d8e3a9b487147723fae95ac4cca9792a3430832f	579e266bc379dd7ea1603393fbb7dd355cf91fbf0eb6f1f91411b52c612d8271	2018-03-01 16:08:22	application/octet-stream	Win32 EXE	PE32	exe
6774b7f23af07dda368b705aea069b10	f8907390161a3f8f7d86b0beb9ced611eb129d80	5819335b7c45ce402aeaeb715e5c182bdb346d28aaca7058000c5cab7a9f36c3	2018-03-14 06:29:19	application/octet-stream	Win32 EXE	PE32	exe
008f31db08c42e5306d060f9e7171ee7	81f9677e032995f95fe20be6f8adc60dfc7469bc	58c0e97b3e2d08ac6290417a123095d54db1e43bbd2b31882456686729f1783b	2018-03-14 05:12:18	application/octet-stream	Win32 EXE	PE32	exe
6b7d1f024fd8a98c933a2c5d7c644285	2a1d9111413503108e3ddb02fa1e7e727331da57	58d87c3168d15b2a420fa26bb022300c9a11889eda5d2c0c004f421ef2b03569	2018-03-14 05:11:47	application/octet-stream	Win32 EXE	PE32	exe
34eb209615c71a389df132f9ba9ff02b	8a1348e8e63659a6d14f287ad46f07269bfd915c	59214b2c26840979204aa54e27e07ea150909bc3d57c1fdb4da7bde05dc36b29	2018-03-13 21:11:10	application/octet-stream	Win32 EXE	PE32	exe
d92db3371150d0801d1814523e5115bc	a3acea7dfb54929ecc0edad25ca44cf2b44e5351	5a33016ec267f1c55fa2aee629d4a1a3ca82e5cacf3cc6de59ba148caee1b6c7	2018-03-13 20:30:52	application/octet-stream	Win32 EXE	PE32	exe
d08bae3942fa1e7d96aeca71f4cb0ee9	fc945934f07b3f35ec7d2d669433458e4e640997	5a514f6bf3945fb3da07a86bd555d279839f0c128dc9df1c528bacdfb4acb224	2018-03-01 16:12:47	application/octet-stream	Win32 EXE	PE32	exe
1238f2fcb835dcfe46ea08a707dba7d2	6ef4c58fe947268b29bf8b46d25b597a2de0068e	5a615d9fcce2bebbfba0ab5a270efb704fc9e34d7f492bb714e3d8dfe7333903	2018-03-14 13:42:00	application/octet-stream	Win32 EXE	PE32	exe
7261fb10d518402e31cd63ad15b38825	6990d4eeea317894a2ef1078413e0172da281b1a	5a861c0573f0056868bd0762647eeb02549a595f3514e0b71d0df658d9f8f390	2018-03-13 20:56:20	application/octet-stream	Win32 EXE	PE32	exe
e11f0c0857338c9382a027953a8b85f9	860dff325c555a9028f24df8964888911bc1a230	5a8e937109f320e949a2f2a1b0ef52fb2f2c73c99f22453a3d82b4964bea9863	2018-03-14 08:28:04	application/octet-stream	Win32 EXE	PE32	exe
6169ae69bbcdb7a6576939604ba86bf1	456dc25be704f966144c383494790ab5783a4d81	5ab9b751e7a8c911ffa3891164002ae451aeb3d7eefab663d2cf35dccfd5eb68	2018-03-14 13:05:49	application/octet-stream	Win32 EXE	PE32	exe
eff35a0874ec4bbee6c3d0dc85a48feb	14ef98e972eb6a10d3bc588d1280e3b4a9c14ea5	5ad5a8830b97a7368d5176429e87cfac657ed7598cee9917be8f464232d6fd13	2018-03-13 20:38:34	application/octet-stream	Win32 EXE	PE32	exe
c2fb70d3cfd7b6ae70a05108dd032e64	574eddb4fc71b5f8ce27e5d27e89b3ad694635b5	5aeea56a089207e42ee7f7e0fb49c6a930aa9be741b9b55e9d9bff13bfbcb85b	2018-03-13 18:00:17	application/octet-stream	Win32 EXE	PE32	exe
79a567e4aadcc99c02463da1d35b99f3	29a085ac236faf3df6bdded86cb80a0072193835	5b02d97e6a58604ad0a6bc5cd142ba0491c633c85e191b8353b20e70dcd5d911	2018-03-14 10:50:05	application/octet-stream	Win32 EXE	PE32	exe
161a56741faeab572b3fc3b573ddb068	615a8832aa4e5dda6ab49d92983ef0e2dd394fc4	5b6dc5775fc811af3a8ca9901b351f400873b9d601d2efac2a80eb1e4b15366c	2018-03-14 08:03:43	application/octet-stream	Win32 EXE	PE32	exe
a1a4c51140a8ba56651c8b915f1cd620	6693a0ddb9980b4a6f29ef1e3e6da5c7a06fe35b	5b738d2fb1ffa643a8285005a6f477a3e74f70003b7b6f19156a30164ed8813c	2018-03-12 18:47:18	application/octet-stream	Win32 EXE	PE32	exe
