md5	sha1	sha256	vt_first_seen	mime_type	file_type	pe_file	file_type_extension
7ba5ce04595768a6ee7814366aa611a8	f7f42b45a0f9f5e088fc24a0b254fe5acce7fd6b	0f1f647d67aac530eeb24cfd6b7ebc35cb003ed8d7d59e95698f73f48fa1b3ac	2018-03-14 07:41:48	application/octet-stream	Win32 DLL	PE32	dll
f985b56f9d8dbe2c5f92edf14b5384f5	6a956e4954831fdb4aa0fe8860ebcaa977e4e83a	1469e6fc1ff674b88bbe3859491831bef34f7131f75d646dad3a15918b0458b6	2018-03-13 18:19:29	application/octet-stream	Win32 DLL	PE32	dll
83b263a3766c13efd24dd8cdb4419cee	8fdf648a93c8af9995022369faf9cb971b7ac35b	14c88e7cf4906756db618d3efbe3a63f3925121c79043db5153bffd8eed4bae2	2018-03-14 00:19:08	application/octet-stream	Win32 DLL	PE32	dll
1750210a0d44924c9f140e61954cc028	90395949d34f7c241486442d9f2957b30e4c9f24	1a37295f60d284aa6668185980180af1f3ec93885a15dbc306960951d3f0c042	2018-03-05 23:21:51	application/octet-stream	Win32 DLL	PE32	dll
faaeabde1c0f2278e4b38fbca152ff85	927ecd067baef3e627ead7791771166e57291d40	1ab151841fe04a9a144367fbddbb2f90fc2e7e9d9c774405e89137b694da6383	2018-03-13 18:14:42	application/octet-stream	Win32 DLL	PE32	dll
182212a6cd19e379d2e99b1a6d574280	6d68150f738246288ef0853a1d94524add283b44	1ac08c4654d5d8a13cc6d1e76348d3899b8349d9f2d5c1e0ddec8805ddd08a00	2018-03-14 05:51:01	application/octet-stream	Win32 DLL	PE32	dll
7e6cf6eca7ffb91f9438fb3e2c8a23d2	71528bdc63a3c38936dd1a674ddeaf098641e42e	1b3bc01c19fd80b40d14bc9937c1f799b4853cc71f9bae2f4c52905636cc4c72	2018-03-13 20:12:44	application/octet-stream	Win32 DLL	PE32	dll
f893c31648ddb18043da19dba47e9d27	8d94a8ee04601b16ebcfa44c0dfdb488462594ed	1ecd7921ac671364cc301f623da4e3aedf797dbb5dfc86658a26ddc4c952409a	2018-03-14 00:53:25	application/octet-stream	Win32 DLL	PE32	dll
1519a3eb7d1cd3b9e7d7db2bdd6d5834	47e07aa1beae92d98fbe5ad9c4b1eeeaeae56afe	276140c194ab512681b5e994d367af5941dbd338f36957da0ceab709e6782d27	2018-03-14 15:57:52	application/octet-stream	Win32 DLL	PE32	dll
6f650979458e62b874fe02c891d8b0de	02872ea8abd0398fc275e6f520168506d90b538f	2d6409c9d65ff84f958eb11dacd4e986f82e99b91853b2159fe558a8ea1faea4	2018-03-12 21:28:21	application/octet-stream	Win32 DLL	PE32	dll
681a5a38f3a1bc79974a66f5c30ca48d	dc367d2ecab2545d05bfb78aa3a2b093714d356c	2e1e039a5112ee6731f307472cfa86873e96d9c6aab2a0eb5ca087b6346e2e1f	2018-03-14 13:56:28	application/octet-stream	Win32 DLL	PE32	dll
20d0fa88bd4ef3819de63c704e849854	e752680ef27c080e708289f55f65a02eb25aa231	33673d1b11efb333336dd209102aa85dce3562c751633f69dc15dc405ebc48c1	2018-03-14 12:17:08	application/octet-stream	Win32 DLL	PE32	dll
dea9316000b70e0ee0ccc973c9ff0590	a0797f0457456255613edfebdd011e28f45a5090	341c307253094617c67236c2e7d0701c3197345dfd9d035f0c9826839014a633	2018-03-14 06:08:55	application/octet-stream	Win32 DLL	PE32	dll
682c3c957b38f99160c788b4e62b109e	02e8ce9d466b7a0efedd623286cc0859131475fd	34f7a122b7394541baceffdfbd937cb59eca95360d9d4d4a5aee668c5f0c5097	2018-03-14 05:49:23	application/octet-stream	Win32 DLL	PE32	dll
0ded766616638f1fc713fd1f7d29e01c	9cc8a2114621e058be9210c20c4c6b62f29c652e	387adf24a18c79e935a3b78599735abf987ccfa3eb102318cf006ad2eadc13f5	2018-03-14 11:34:55	application/octet-stream	Win32 DLL	PE32	dll
901decc503049bc0108dc9cd5eb94ffc	5b2878d347844a0ecc97445b333e5a1aa4e6319c	3be25704191e39ebac3a2501bb1272214999135b6c10d16a9a9d2380c63c88f9	2018-03-13 20:18:38	application/octet-stream	Win32 DLL	PE32	dll
7cf2934f7933938afc419b8fd88fea8d	3ac81e8fa8e2e94e524c622bb714a788bb715d20	3cf79362a08f0e61efaf9e4a4b7bf68edf5c58a9cccc57f739af8f3e498ff87b	2018-03-14 08:59:09	application/octet-stream	Win32 DLL	PE32	dll
a4f8ff96834e5a8105599261ed19ec1e	6fb88c392a9955fe2aa900160610c3494647324f	3f4a491b91790aa2e9cb19dd4c7c4117382d36dcdea8193de686a42c0cffc1db	2018-03-14 08:23:21	application/octet-stream	Win32 DLL	PE32	dll
4ba9d52510d0ef17f97393b53764fb06	556e36ac11288fb43be9f2d1577d7ea70215a337	3ff53b436e9eb3cfda640d8428018deaa07534d6679375473e3bf292e395e939	2018-03-13 18:34:24	application/octet-stream	Win32 DLL	PE32	dll
98e7b5dd7180efdcf6fa2c6a5434365b	6df0b71be385052a615099a7204606b712e4428d	42696d02fe50429eed8ca3d0bc12f298dea208a675cab78e33fb4058c490011c	2018-02-23 11:07:38	application/octet-stream	Win32 DLL	PE32	dll
8db7ea437579a0e6e87370a8c70811b6	6f722b73356c339b975219177ebb6d3165d6e46c	426985858f5927141e431f2f3d75674d5c93adbd09c81e3b3ff2e578e3f88f75	2018-03-03 23:35:54	application/octet-stream	Win32 DLL	PE32	dll
88f70cdde8a50556bc9fa7efa50fd3f0	05061132420dd4b07ad93da3968d9df3bc6aa508	42735e7a941f003a30196409a29b01bfcb5ec07196f1a5d70c80caa32767b480	2018-03-14 12:36:13	application/octet-stream	Win32 DLL	PE32	dll
06d9b8b5dc9f3ccddb9dedc28a69b447	edfa273bc3d6da6429591f6608bf92e36a0762da	44c101f96f2ca14b479c13ceae0b81d03b6e958ea86441fb6dbd4ced4b15776f	2018-03-14 06:02:31	application/octet-stream	Win32 DLL	PE32	dll
05f6e10d6812f71458c5aa49c846eafc	082e36a61b609928781a9025d9123fb4b53a161d	453ede1c9a555c29d9a5aba02d93d175fd2fc01210fe951864f9d64bdfa21c36	2018-03-14 13:45:36	application/octet-stream	Win32 DLL	PE32	dll
423df4f58d05bf6e90dc3da9c0912624	ca09222c85dd3606ba0a63d660087529e0b4378a	474f4edda4ff31ee37c7ba943d9904578e4e35ebc69aa4cf4406fa399fa4c79c	2018-03-14 04:53:17	application/octet-stream	Win32 DLL	PE32	dll
0c89c1432d8ecfa1cda6b99c60fa4f4c	87fd787feafc0ea264e134a464b5864840b3cd73	485e3db790d81fab844e8806511a59735acfd8dd6eeb0c473d2c42f5b34342a4	2018-03-14 05:53:39	application/octet-stream	Win32 DLL	PE32	dll
f8454cce1a1ea4137e1e2e1ec2d945bc	a5c284b9aae8fbd6e10efdfe8b9265a796fa5efe	4a80624823df147bac1384573d6f88dbcdeb123296680b7bec6f6dfdb1255cf3	2018-03-12 21:45:05	application/octet-stream	Win32 DLL	PE32	dll
5cbe6c626c1836d43c31fb013157d9ed	346d9018a5056daed6840b27934fa470fe5e6cdc	4c356dca3c8ce82cf425098e131f85194557e16274d98de64c6934bfe2a0355f	2018-03-14 02:36:07	application/octet-stream	Win32 DLL	PE32	dll
3f3167cb731ef5c251d1d46ec6fcfbba	b8dad5bf1296dca2469d6bcd1a4f1150cc2aaf2d	4ca302c8b5554c2ac2b7a09e7b134a1fe7c4490813f278997f9b85819d6d4ad4	2018-03-14 00:23:39	application/octet-stream	Win32 DLL	PE32	dll
0b97d7daa11324ef3bdd956aa6f88937	d317774788e11221249301b3d00b7363c4a7bd22	4eeb18c6e592dcd8245d98b6c22b58d298eb2ae29bb943570040ea59f11a175a	2018-03-14 13:33:01	application/octet-stream	Win32 DLL	PE32	dll
0aa436ecb20331034fbf52c6d4d096ca	3b241e1dacafe5bd226265211a69ba88caa4468d	502002388aa357073790196fad33df9f0802a041fb79c9e72edbb9bd2cb3b3df	2018-03-14 13:22:59	application/octet-stream	Win32 DLL	PE32	dll
19a7b5f094f944081feb1e30ae031322	19fbcccf2b91719f5ebb4242083c96257e2a074e	515c7946149bc649a36a9bfab097e54af76a551c197c9728b54aa1dbe45d41d7	2018-03-14 06:50:36	application/octet-stream	Win32 DLL	PE32	dll
db957b2ee9345ae72b20faee8c8c0dd3	798e9f75af2fe8d7bc043764768928cefa68b4ae	51c7f5a725fbb8a29d7ff18b3eb2b43fa709d351fbc1e61f5ecdf34590ffafca	2018-03-14 05:03:18	application/octet-stream	Win32 DLL	PE32	dll
839e0c826ca9faccfbaab80f252ed0fb	44e59d338f4fe24249f2f9f23caba22872b3f955	553316fcb50c65f016168fb249e1474db7cf379267b68b6025d43ad368ca8c58	2018-02-22 11:25:49	application/octet-stream	Win32 DLL	PE32	dll
c479e803bc1596360b6a2ffad44711e9	2d83cb7460921114dd70020dd9c189844de36993	588dd3c2fb752c47c39912f6eeff5a2d3e82279c279591db816739974d2f00d3	2018-03-13 16:39:43	application/octet-stream	Win32 DLL	PE32	dll
02f8be8aace2d68fa64285e67b4447e7	c946422fae0dcc9ef0b6bb2ec2ff098f879af81e	59266020a80965de038a0cc6bc513818b27e3b1523bb92d4bbcb9e45b86f3819	2018-03-14 08:46:42	application/octet-stream	Win32 DLL	PE32	dll
71335185ab32b17240ae0140bd83865e	31d4fda42fe745c5ad0325b6d522851a860d56bc	59b2f18d50eb6d716b7adeb0486171aa2350fbdf6bc64be92d057cf5237514a3	2018-03-14 08:21:07	application/octet-stream	Win32 DLL	PE32	dll
27ef281eae4ab5f6ccdf7dfb19bb8dbf	a9a4960da0b951698d8eba7862f457187177fed3	5c204e06f53759cf7a2bdd2e604cf98dc7f90bc38ef4363303e6607fb029c0a4	2018-03-03 20:54:25	application/octet-stream	Win32 DLL	PE32	dll
53074ae4b80f74466f07956e54fd61d3	0f337eb5e5590e045a46b3571afde5880b6ea4e0	61bc12f6a58853ab1571184690b168439cbef85413299904047e5202a0cdf4b6	2018-03-14 00:46:41	application/octet-stream	Win32 DLL	PE32	dll
881551e3186baa05d2ccac51609373dd	e974e748e9035c37ecf58145cc7d9bfc87137352	6209fa0503a1f1c00a9715f162f37fa62d49979b57150a205e85eeca187d021a	2018-03-14 06:58:17	application/octet-stream	Win32 DLL	PE32	dll
a05451c6c796bd962ca5767836784b39	104a96804faeb63c74bfa947ee3942556805708c	65a6d77a638451af418fe502f4b0bce3dd78003651455bacf2b1392332da99b0	2018-03-13 19:23:24	application/octet-stream	Win32 DLL	PE32	dll
3ede70ee2c4f8746e84d474ca3910924	e1518bbd654aaccca0f4bd9db7a5e354c93fc1c7	66f03d3047e656a48a6dd204d7174c0dd7adfea1a5b5fc0e992f580d931d592e	2018-03-14 07:39:37	application/octet-stream	Win32 DLL	PE32	dll
e6014aaaddd5e12fad5e479f347f513b	3ec95fd67d5243ed38699d0655802c71ac016cc5	6acfe4b357b5ab26cbfa0f600c8ecc0b25d755dd0c77f59f126ca991f5c884f8	2018-03-14 13:21:21	application/octet-stream	Win32 DLL	PE32	dll
6fe6250504833480c43d4b026bc7c17a	a6a2a77a82bbd55c0dfb8ac014336c64fba08f19	6b7293de97b8f990450aa1b10fbb5f5d41ef29c0241fb82ceef27feac551893d	2018-03-14 12:20:47	application/octet-stream	Win32 DLL	PE32	dll
ce838883cbf59dbe80133f9b3c3b5902	fdbfe67651a5e36753f2297a2e7f52693dff16d5	71b2b893e249074ac53aa6de878c003ff08f88f3f27bebbe214651a94f52b116	2018-03-13 18:22:05	application/octet-stream	Win32 DLL	PE32	dll
1c036e1658a8fff9f6cdef1fbc4b2b17	a0915a81d9b560ffcdd70efb98e3e723e76dc89e	72eaabd9f7e6283abbae7efec34a9d005f7808f8f10eaa7e841c74d9a694a986	2018-03-14 13:13:23	application/octet-stream	Win32 DLL	PE32	dll
665aebd7314a1bf229c7d4fc7a9fde34	def6fdfdbdd28990c5e9101bfd7ea34e093aa6d6	76c16ed85147d3158cc63b3bf25a26840b423439d3b28c04770c73f2402d524c	2018-03-14 13:14:06	application/octet-stream	Win32 DLL	PE32	dll
e1805b7887f66413a9cb6b81e7e2625e	ba7f159d1996a4977bcc57ec25ae44fbdb8ce0be	777b49d3ca3c9dc6c94850a72de2cf337c39d86c3d802c45faada2a883f6084c	2018-03-13 18:37:23	application/octet-stream	Win32 DLL	PE32	dll
04e760086afbcfc0e98ec25397f62d6f	4bf5ec76af0662b4e5f4849ace4e17ab427a9551	7a050a5770051fd0a31a0f60fd8704246c81df660fb7a726ac99704cae542178	2018-03-13 21:19:15	application/octet-stream	Win32 DLL	PE32	dll
51a0db33087aa740665ca9b617533f3d	c621a49361deb6e33fd57cd1bb105d08f8ac2a61	7a5e00666bf2d77ab2413a0c8ffc977c3eb9414ab79c65ed68055c0aeb81b91e	2018-03-14 03:46:05	application/octet-stream	Win32 DLL	PE32	dll
8a421d6e236422a8ad7a8c31cb5f92c4	40e146adbe87d1a514912b221b045862c556e0dc	7ac8b4961ab704aa0b9447cab124d1fa7530b6c5123ca54a08d38116b578a23d	2018-03-14 10:28:19	application/octet-stream	Win32 DLL	PE32	dll
9297aeaff75601cbdec3dec53c307452	8f835f7b855a6d955942f66e11872eab5b40c1f6	7ea916fae251f0070162ff28fddfe063e1721c21b0ca8531d1c9830d6078651e	2018-03-12 21:11:55	application/octet-stream	Win32 DLL	PE32	dll
c10a4fafd18662dcb04451c812b2bef6	b9e53caec819af17a4d6590f2a2658328edbceee	7ef41fa1f09ad4916c8e4fb37509ebbac3d76b2aac43c78127d960170c78714c	2018-03-14 09:27:27	application/octet-stream	Win32 DLL	PE32	dll
fdf7c41f534d960addad6fbb56eedd83	a879c81b73e9ba456baaa44f216e513c7ea8ce3e	7fb913adc94dc7731da02232efb3ec41899a594f116a19110a67db1bcffbf79b	2018-03-14 15:35:47	application/octet-stream	Win32 DLL	PE32	dll
c21b35c31c7e24385a910c1b701ceb08	eeb7c9819c17d4c13fba40c91b13d681d558521d	810c8ef0cfd9e937ecf273239b83c04d46e9faffde1049864726e7539464e8e3	2018-03-13 19:09:17	application/octet-stream	Win32 DLL	PE32	dll
6a8e7766de1f2182bbd1eceb9ce0f797	8ab7e12b30dfbf31987d0b3a7f96634877254da5	834b43ac41a06701077815f0d2043da24417eb9ac27636273ed21b22af855111	2018-03-14 11:40:00	application/octet-stream	Win32 DLL	PE32	dll
b2f842271facd909101692dc82ac7e2f	5f3912b91842a0eea1d451a31a93464e456a12b8	836ec86cd96a5872e337c8e6b5f46fef652aadcd5dce96b1e05ee5467eb91ede	2018-03-02 19:19:38	application/octet-stream	Win32 DLL	PE32	dll
0cb51f022895461e29f9a5cf50d0df5e	7aa018e927768e060b8f107812f488f80776ca05	870af008c2c951d4aafc25e838fec3b0db1dbdc53dbba08e5dc8b3f26fd94316	2018-03-13 19:39:35	application/octet-stream	Win32 DLL	PE32	dll
1e229f5b73e48300cd9af8285dd6370a	accda8f63d9795389899aeb7a2a619a1d3de0d72	986c62ea32ae1103e5beef1adb42773680a163a11c329eb784f1b80379ff9287	2018-03-13 20:06:23	application/octet-stream	Win32 DLL	PE32	dll
0f7fe07e5706fcd7747a62dd3bc95811	cfaf2540b57f3a994dfdafd85b251aa607d30a51	a04d8effbb03120e564c45c8a714bafc1318072ae1c2ace49e1bc0594afda183	2018-02-20 05:27:47	application/octet-stream	Win32 DLL	PE32	dll
8e8b34dab364f9f81c090c1c9a3291ba	d15fbfb38fc6ca52a1b1f5fb4ae478422f209531	a35f83177c5c3921933870460920845acad11ae0c47b9a03e089dfea4b1279c2	2018-03-13 23:46:39	application/octet-stream	Win32 DLL	PE32	dll
af4bddd975dd1b62b4689918329d1d30	0c9370426c2d9d3c9ec1320f1c39908553496c5f	a58c82b69423b72bb944d5a98a964ce17f40cb59b0fccf0cbd5d8e2a341f3aa1	2018-03-14 04:38:43	application/octet-stream	Win32 DLL	PE32	dll
9ee816fddda7934ad12f2afa05ab8aff	8c5f12294714b30654add44506cd2c667be199e1	a6fe46b323acebb22c430014f5bc06728695042b5556f8b2da5b5fa8afee1ca8	2018-03-14 08:58:06	application/octet-stream	Win32 DLL	PE32	dll
032da3c3ca5850223858796b809d8844	e663e4f648eaf897dfbac0cc9f86e57ca92ec07c	a7e021c53480233927b8d0da4478a8134cdfe8bfb42e5642b227970766da78bf	2018-03-14 10:21:52	application/octet-stream	Win32 DLL	PE32	dll
f15b5d9c133c1c7fc6cd280ef96afaae	bb30a513cad44dab9138fa2870831ff63816f969	a858f54ebe852deea5db5a76aaa1c0d6e035cc274ae1f818fb78253fa6fa3ebd	2018-03-14 14:02:34	application/octet-stream	Win32 DLL	PE32	dll
bd0b7dc07465180268c8217800b1b010	c4d6f2fc4360427f5097d3f7555caed3c6889c63	a96f7b322d2d5dafb296ddcc32285d86f79ecc39770bfdd40d3dc9a21fd71f8c	2017-12-02 17:41:10	application/octet-stream	Win32 DLL	PE32	dll
c05268350d5fc98c498505364662d259	15e76dd8aad106f4ccd77c54a31531f30285542c	b0769ae6ac3d34ba5d6b215a8f66cfc16b061e2c82ced1f12e50190ed23dcfb5	2018-03-13 20:41:21	application/octet-stream	Win32 DLL	PE32	dll
25f945b53f6399d444a1277cf5c2a939	210d1de8b486403a6ff00ba84852586ad5c1145d	b432517c4b34141dbd0a78f5da313221d05377d5ef394bccff6fb871946355be	2018-03-13 18:54:43	application/octet-stream	Win32 DLL	PE32	dll
e1cd89eb68cbd53e6dca5dd8970ce49a	09fdd197896ebac47355662e017718ee6773bac4	b60c5275806ef3b8abf474b21b55af4e34a65931a55bc69d7fc2d4e5dc6a3fcb	2018-03-14 08:22:39	application/octet-stream	Win32 DLL	PE32	dll
221825230a51d857fb9ee63ca1aa6fe1	a970789ba056d4319bcf4b996f7b10a178364265	b7405d208f52f4232307b2ff3340161b049a469a99bb5f2596c4542f33fdec24	2018-03-14 11:38:18	application/octet-stream	Win32 DLL	PE32	dll
5713ee6f93fa175290374fabebfe1536	060d535c67b80f0dbb90e5b4ded73c92962835ed	b765cb1c5c45d502a9e4d95940ab6a1f77112195e12022502d6b7745c9536fc9	2018-03-14 10:34:35	application/octet-stream	Win32 DLL	PE32	dll
602d0a22ec2e8bc6e2676927c1eec23d	3a6aa74a90797fdbf378e93ee96960d8ca70001d	b8a9a44bc5587973591dc95593ccd8da6cae80c7a0921cfc310d8d75e51bd09f	2018-03-14 04:40:19	application/octet-stream	Win32 DLL	PE32	dll
b55ff6a7390ced97315c293e20bbf6bd	f1669dd3260c250caa421cf70bdd45c1c301ea21	b9533eb05df765c7868b731b41e7193703642de8aeb1d35b7a342a2ee3a0f571	2018-03-13 20:41:55	application/octet-stream	Win32 DLL	PE32	dll
d16395c3952615e4d93fe0e5fecc25b6	5a3bd80f60bf6f25ff2f5efd718a4073867bbf07	bcaa51b6b9589833a2720ad4b27651caf288d9183ba41c775e83eec628c4c112	2018-03-14 15:45:45	application/octet-stream	Win32 DLL	PE32	dll
34d5a0973172485c2c4f20983ba7a0a4	86289f6dfafc7472c89ab014f79cec59c39805ab	be9f482a0f1b6b7a1d2bf0cd8e7c83d8c278bbe528f8b2830d515f9f719d24a8	2018-03-14 13:12:28	application/octet-stream	Win32 DLL	PE32	dll
a92a07af520607d0b300c113b370b623	ab30fd81937542c56eb4e6f959c5b128f92b0708	c0d03838d5db42509c46b070c1087f687cda6f64d52f8e984cbebc51f5e95604	2017-11-25 20:45:19	application/octet-stream	Win32 DLL	PE32	dll
af0c42264c65b393f3d39dd5f1a21893	08818fa3098fa9001802edb152abf2bda3098f9b	c0fb5aaf7715172a6767c5950e04b161339b6315de3dd8672a030aa8c9e23d64	2018-03-14 12:17:49	application/octet-stream	Win32 DLL	PE32	dll
da1d8d3288090eb3589d832bf687b804	18cfe78eb102e8b02897160d562812edde60ef7d	c1583af87c9c8442b66a75017cc6717414917d7f407af6180ee50e8e6c4bb364	2018-03-14 10:40:24	application/octet-stream	Win32 DLL	PE32	dll
0807856354c3ca7090284fcfa1f852fb	d3fb4e1c967b1718778f7421490fa324ab57135c	c1ee39ffafcb587d3c9bf5a7b0fad27bcced606646ab17d0bd646e25cca614fd	2018-03-14 13:54:00	application/octet-stream	Win32 DLL	PE32	dll
44d8c8d189d1366d3d6fbaefec1512a8	ec312878ad67d407a1d6d00517c959d217618386	c1fa7c21d9ed2bb740432885cc80e2d309ce52708d740ef2141fa93c043025ce	2018-03-14 02:49:14	application/octet-stream	Win32 DLL	PE32	dll
3b61c2df8f9d9b272f538f5ca6696500	6bc7376f5460cdbe6956910cc89f322c54b4726d	c209ce848080041d00124acad2a5d4ef9148ed3e41c9ce97061ac879ad759883	2018-03-14 11:14:44	application/octet-stream	Win32 DLL	PE32	dll
e512b6ff2e853d8baedb55a6523370ec	72a8a1c714d271e13e908a53156218f0da9b27bb	c28abbb132573fa0add7eb71dcd4b6554324e1d2559a5b29902cbed1fe28e800	2018-03-14 14:22:17	application/octet-stream	Win32 DLL	PE32	dll
0c4a0d56a0f38c39a15629cdc79adabc	38f213d8f25354cd15452ea38d15921a72ec4c53	c389baf4ef665964e461880cb18c895d91d693ce56d406b08e5e2f753eeade94	2018-03-13 20:54:47	application/octet-stream	Win32 DLL	PE32	dll
b5db4212e21e18f163c426b97df4cf0b	4467b9c937f2840796ec00a9ba4a4866cf88897f	c3a4b401428bca6fdfb88e4306f0454f6e47de74bbc8471ff8b5b4df8a296b03	2018-03-14 07:39:04	application/octet-stream	Win32 DLL	PE32	dll
c778460dd3624da0c88eb759eff0a277	8f920847105c338cd7cf7f2b2d6eee9a0a1291d1	c3dc0365c33775229f467d8238d291d1e151fb546f0bef1ae041f32e2ed49dc0	2018-02-18 10:57:54	application/octet-stream	Win32 DLL	PE32	dll
b8788523d4ab98b33b6adb0f36a4ffac	f4824c949058590fde3a6672039c9b851c2bce5e	c4373fbfbd8e5aaa01a3f168c11074aabe12a086dd30257c011780269df34088	2018-02-18 10:49:10	application/octet-stream	Win32 DLL	PE32	dll
d3ef2a2925a6dc66735ac5e6aa39f649	7816c0cb46b504ff725d11418f26520c5f64e811	c8d50316cb0d54058e5a3e24120388b0d34066e3a06b28e798be7c359215737f	2018-03-13 22:34:03	application/octet-stream	Win32 DLL	PE32	dll
ef64ea1651ee4c087cedd43af08358e8	92ef8acd3cb91d3438dfd0fa21ae8d5d183e3130	ca16a3caad6741bdfdae26e982c0aa4eee0d3fb6d47779c7ae9f7e5743e96796	2018-03-14 04:22:45	application/octet-stream	Win32 DLL	PE32	dll
1287b4b32bec1e889276e98e3def776e	331379b797e75bf75d02a6c0d006ed3e3cdae799	cc66f9e3a102c69c0058c49af80c850136bd0bdba80ad554f6bc81e155c2031f	2018-03-14 08:32:25	application/octet-stream	Win32 DLL	PE32	dll
368ab4b33d432845dad73ec3254b4f09	8e62f74d241b414c2c777cfe7c08dabc58de6973	cd8e26df951924ea07ab446be839b33b6c7f38a65bc7fa9eac8b33fbde026004	2018-03-14 03:16:59	application/octet-stream	Win32 DLL	PE32	dll
2f802779b916a9eca1d6f47e3de80d2c	27ad9001b4b95e9035364ca1deec4b8de62a12c6	ce0c1ed7a43a24744329748b268a4310415772de48c96fd3474ce3543bd90930	2018-03-14 06:42:11	application/octet-stream	Win32 DLL	PE32	dll
f128f40ab28afd91c02b45a3ab4153b1	ca897605b1f09a1db72e46b2227aaf39b74c57f1	d59fd0c99b451cd4036d4506c1f632722eaa34b95bdd297bb57fd6d8bf2b3c03	2018-03-13 20:50:12	application/octet-stream	Win32 DLL	PE32	dll
399b04575c36235162d7908cbbcf6bcd	4aaacac5a54ccb80121082493668d3106478d1ee	d75f3a0c87925f2194b097a25b920d57c3d81e7b340337a30deed798b609b8ff	2018-03-14 12:56:05	application/octet-stream	Win32 DLL	PE32	dll
055c4477304d17bad79b4f114a6ce1ce	6765703886957ce0f11e5971a6c601e479d91c52	d83d632e0a336a996b4b5a04638a28713b2a31a527209b11b1fcbdb9a44933c4	2018-03-14 11:27:04	application/octet-stream	Win32 DLL	PE32	dll
6df8a60c045b8956f68f1c2e75260279	b91d0ec98493cb3a56d49ab317b73074793d944b	d90527de8a7add089831aa363f44a2358ec6fe9a55b92dd9a1c2daebcc68a643	2018-03-14 09:52:08	application/octet-stream	Win32 DLL	PE32	dll
b5b5ba046a0a7464f6a1571458ac0494	ad6d67ff35d6173d6e53e3393b0a9f3aae77abf6	dad537840e2a8d7e59b7730dffdc1874340faab923a2950687290521c3bf683f	2018-02-21 09:56:33	application/octet-stream	Win32 DLL	PE32	dll
3d4d963eb29da760050e5361bced0869	b1380c5b820f966c6b28da4aa1e57c435140b479	df5437a8e6db92b76654b8856a0847da7178a6d3255c4894ec8da9a4f59423a4	2018-03-14 07:09:44	application/octet-stream	Win32 DLL	PE32	dll
cd98f5d9ef3efccdaada70a41570c682	a986f99f00549cb37b8fe5be7a3604d1cb7fafdd	e3df41a840fcce8c9ee6bf4c39201ac84bb38778765f827de6e550e6a32db1df	2018-02-27 07:41:37	application/octet-stream	Win32 DLL	PE32	dll
0fbde0d034dca19b5231b826c2a5b45f	c2083f04ea0b04fbea6b8a9c973ba29b131846a7	ea85cc81e30c6aec4e48ed69509f2f02db99e602ae83cafbae7d6b0123a3990f	2018-03-13 21:13:26	application/octet-stream	Win32 DLL	PE32	dll
2417d45cf82c82fecdb2a27aa4f02261	74402cd54c71115c62edd66b12d9129c141dc30d	eb3720f52912d63f2b0f3186b7cfd5497a59d812d546233ddb13a23fddd085d4	2018-03-14 12:27:24	application/octet-stream	Win32 DLL	PE32	dll
30c2a982eb99808711d7d77049b28932	9b0526136cb3d047b2021e764d94a0c9141cdbf9	ebbc73a4bc05498df24da7d59fa11fe4b47cea773377098f0f1696c72c7b324a	2018-03-14 14:52:53	application/octet-stream	Win32 DLL	PE32	dll
20af162430253430daf2f2e1d4c34606	1aeadaf2e9ba7f5645c90654d14662a79fe3c381	ef49089f4e80d0aebd728f96bf68c415a78aed2990664d5d790b5fb738dd53ef	2018-03-14 14:12:19	application/octet-stream	Win32 DLL	PE32	dll
bebab977769251e3d4c462cc5225a045	bdfd8822b89b0e00ac081624277d0d44e93c7ffe	efd1bbfd2ea4e6a2d3353d676e7666fa35438ace80eb6af463254d0d5c211cf1	2018-03-13 17:45:54	application/octet-stream	Win32 DLL	PE32	dll
b7967191534c4882fc1c841aba795c9a	cc6713b34371c1c987c5e00c989b21e471e38710	f074a4dcafdd53f546ee5a1b888293b76ac8d79cd9357d7244afef001da5d049	2018-03-14 03:10:14	application/octet-stream	Win32 DLL	PE32	dll
051c607cb68414a3900bd64dc589f1a5	d8971e1358abb195695b51d0098b1a6fd8d1f79f	f0aa126de125913d2ef70e5b924850eb961e8e5e3d55a5d441c72182401fe813	2018-03-14 11:33:29	application/octet-stream	Win32 DLL	PE32	dll
01ee9fed8c7ff0144d6418fb7641aa31	809a007b97b90fb47a621f316efeae599474e2dd	f101be1fa99eb771b14393ba7ff3aa763f464c8824791152ad345325f5e1ab85	2018-03-14 07:44:13	application/octet-stream	Win32 DLL	PE32	dll
12d850a38021ec63ef501446a40878c8	7b8529bb8fd0dd763dfd41de7a543a106c2f8125	f1ffff7811190450948fe2a70f8dc1ac602a7332acd45ece453dbfe6e9e25520	2018-03-14 10:32:26	application/octet-stream	Win32 DLL	PE32	dll
793f420e27a534087703a39f84f672e1	6c366b3f7be32c414cd6de1515f16b8da8d7bf64	f3f254d3d8388e32b6e04ce6da0a9129e9a3fe89a60bae76c9851132bf989afc	2018-03-14 06:07:05	application/octet-stream	Win32 DLL	PE32	dll
69277966c500661a85c5761c66ddbd59	01823d54fdda35ae15812bb8cf22acfd9e728760	f94f3bec251f7637b8c2f5b8021760e8e198cdebf59fd8412eae42182e1b43e2	2018-02-18 23:12:56	application/octet-stream	Win32 DLL	PE32	dll
0e1ce77c9caeae42f3a2f081dbafbbc7	02251a90a7bc355aa29851cdc502298813c4bcaa	fa192fb3044969a3702c124bbe1f74068b642d307125ee6e5f6aef56d1d5cbfe	2018-03-14 10:45:21	application/octet-stream	Win32 DLL	PE32	dll
8846e922b79f07daeb73f82f132ac50a	3bd9c411e1c5816865689a72cc803f69bb4fcb52	faca551c8f190b504439ae863d83fde7ace2f6ff0fdca6185f6af5ee78b34fc1	2018-03-14 07:38:05	application/octet-stream	Win32 DLL	PE32	dll
c8c4a8222006994b4d0d5adfb9dece7a	58c1f8f1067d02497fa5d7ba9190c3d1552e3209	fc3545a8aa633d8b3d6b51987c57cc1334ff6f7244982091847a2225d100fbce	2018-03-14 03:58:45	application/octet-stream	Win32 DLL	PE32	dll
68d4c4e0abdb9b36dbe7e71f0101220a	78b030b98dd52090cae2382365e722ec2df5d44b	fcb94671fa6a688bfc1a1eb584050436d27d24732f7faf759103e36c8f19085f	2018-02-13 05:16:08	application/octet-stream	Win32 DLL	PE32	dll
