subsystem	subsystem_version	machine_type	time_stamp	code_size	initialized_data_size	unitialized_data_size	os_version	magic	pe_entry_point	md5
Windows GUI	4.0	Intel 386 or later, and compatibles	2017:05:11 13:21:37+01:00	4096	5259264	0	4.0	PE32 executable for MS Windows (DLL) (GUI) Intel 80386 32-bit	4585	7ba5ce04595768a6ee7814366aa611a8
Windows GUI	4.0	Intel 386 or later, and compatibles	2017:05:11 13:21:37+01:00	4096	5259264	0	4.0	PE32 executable for MS Windows (DLL) (GUI) Intel 80386 32-bit	4585	f985b56f9d8dbe2c5f92edf14b5384f5
Windows GUI	4.0	Intel 386 or later, and compatibles	2017:05:11 13:21:37+01:00	4096	5259264	0	4.0	PE32 executable for MS Windows (DLL) (GUI) Intel 80386 32-bit	4585	83b263a3766c13efd24dd8cdb4419cee
Windows GUI	5.1	Intel 386 or later, and compatibles	2018:01:18 19:55:13+01:00	319488	1034240	0	5.1	PE32 executable for MS Windows (DLL) (GUI) Intel 80386 32-bit	170476	1750210a0d44924c9f140e61954cc028
Windows GUI	4.0	Intel 386 or later, and compatibles	2017:05:11 13:21:37+01:00	4096	5259264	0	4.0	PE32 executable for MS Windows (DLL) (GUI) Intel 80386 32-bit	4585	faaeabde1c0f2278e4b38fbca152ff85
Windows GUI	4.0	Intel 386 or later, and compatibles	2017:05:11 13:21:37+01:00	4096	5259264	0	4.0	PE32 executable for MS Windows (DLL) (GUI) Intel 80386 32-bit	4585	182212a6cd19e379d2e99b1a6d574280
Windows GUI	4.0	Intel 386 or later, and compatibles	2017:05:11 13:21:37+01:00	4096	5259264	0	4.0	PE32 executable for MS Windows (DLL) (GUI) Intel 80386 32-bit	4585	7e6cf6eca7ffb91f9438fb3e2c8a23d2
Windows GUI	4.0	Intel 386 or later, and compatibles	2017:05:11 13:21:37+01:00	4096	5259264	0	4.0	PE32 executable for MS Windows (DLL) (GUI) Intel 80386 32-bit	4585	f893c31648ddb18043da19dba47e9d27
Windows GUI	4.0	Intel 386 or later, and compatibles	2017:05:11 13:21:37+01:00	4096	5259264	0	4.0	PE32 executable for MS Windows (DLL) (GUI) Intel 80386 32-bit	4585	1519a3eb7d1cd3b9e7d7db2bdd6d5834
Windows GUI	4.0	Intel 386 or later, and compatibles	2017:05:11 13:21:37+01:00	4096	5259264	0	4.0	PE32 executable for MS Windows (DLL) (GUI) Intel 80386 32-bit	4585	6f650979458e62b874fe02c891d8b0de
Windows GUI	4.0	Intel 386 or later, and compatibles	2017:05:11 13:21:37+01:00	4096	5259264	0	4.0	PE32 executable for MS Windows (DLL) (GUI) Intel 80386 32-bit	4585	681a5a38f3a1bc79974a66f5c30ca48d
Windows GUI	4.0	Intel 386 or later, and compatibles	2017:05:11 13:21:37+01:00	4096	5259264	0	4.0	PE32 executable for MS Windows (DLL) (GUI) Intel 80386 32-bit	4585	20d0fa88bd4ef3819de63c704e849854
Windows GUI	4.0	Intel 386 or later, and compatibles	2017:05:11 13:21:37+01:00	4096	5259264	0	4.0	PE32 executable for MS Windows (DLL) (GUI) Intel 80386 32-bit	4585	dea9316000b70e0ee0ccc973c9ff0590
Windows GUI	4.0	Intel 386 or later, and compatibles	2017:05:11 13:21:37+01:00	4096	5259264	0	4.0	PE32 executable for MS Windows (DLL) (GUI) Intel 80386 32-bit	4585	682c3c957b38f99160c788b4e62b109e
Windows GUI	4.0	Intel 386 or later, and compatibles	2017:05:11 13:21:37+01:00	4096	5259264	0	4.0	PE32 executable for MS Windows (DLL) (GUI) Intel 80386 32-bit	4585	0ded766616638f1fc713fd1f7d29e01c
Windows GUI	4.0	Intel 386 or later, and compatibles	2017:05:11 13:21:37+01:00	4096	5259264	0	4.0	PE32 executable for MS Windows (DLL) (GUI) Intel 80386 32-bit	4585	901decc503049bc0108dc9cd5eb94ffc
Windows GUI	4.0	Intel 386 or later, and compatibles	2017:05:11 13:21:37+01:00	4096	5259264	0	4.0	PE32 executable for MS Windows (DLL) (GUI) Intel 80386 32-bit	4585	7cf2934f7933938afc419b8fd88fea8d
Windows GUI	4.0	Intel 386 or later, and compatibles	2017:05:11 13:21:37+01:00	4096	5259264	0	4.0	PE32 executable for MS Windows (DLL) (GUI) Intel 80386 32-bit	4585	a4f8ff96834e5a8105599261ed19ec1e
Windows GUI	4.0	Intel 386 or later, and compatibles	2017:05:11 13:21:37+01:00	4096	5259264	0	4.0	PE32 executable for MS Windows (DLL) (GUI) Intel 80386 32-bit	4585	4ba9d52510d0ef17f97393b53764fb06
Windows GUI	5.1	Intel 386 or later, and compatibles	2018:01:02 18:07:05+01:00	289792	623104	0	5.1	PE32 executable for MS Windows (DLL) (GUI) Intel 80386 32-bit	85276	98e7b5dd7180efdcf6fa2c6a5434365b
Windows GUI	5.1	Intel 386 or later, and compatibles	2018:01:18 19:55:13+01:00	319488	1034240	0	5.1	PE32 executable for MS Windows (DLL) (GUI) Intel 80386 32-bit	170476	8db7ea437579a0e6e87370a8c70811b6
Windows GUI	4.0	Intel 386 or later, and compatibles	2017:05:11 13:21:37+01:00	4096	5259264	0	4.0	PE32 executable for MS Windows (DLL) (GUI) Intel 80386 32-bit	4585	88f70cdde8a50556bc9fa7efa50fd3f0
Windows GUI	4.0	Intel 386 or later, and compatibles	2017:05:11 13:21:37+01:00	4096	5259264	0	4.0	PE32 executable for MS Windows (DLL) (GUI) Intel 80386 32-bit	4585	06d9b8b5dc9f3ccddb9dedc28a69b447
Windows GUI	4.0	Intel 386 or later, and compatibles	2017:05:11 13:21:37+01:00	4096	5259264	0	4.0	PE32 executable for MS Windows (DLL) (GUI) Intel 80386 32-bit	4585	05f6e10d6812f71458c5aa49c846eafc
Windows GUI	4.0	Intel 386 or later, and compatibles	2017:05:11 13:21:37+01:00	4096	5259264	0	4.0	PE32 executable for MS Windows (DLL) (GUI) Intel 80386 32-bit	4585	423df4f58d05bf6e90dc3da9c0912624
Windows GUI	4.0	Intel 386 or later, and compatibles	2017:05:11 13:21:37+01:00	4096	5259264	0	4.0	PE32 executable for MS Windows (DLL) (GUI) Intel 80386 32-bit	4585	0c89c1432d8ecfa1cda6b99c60fa4f4c
Windows GUI	4.0	Intel 386 or later, and compatibles	2017:05:11 13:21:37+01:00	4096	5259264	0	4.0	PE32 executable for MS Windows (DLL) (GUI) Intel 80386 32-bit	4585	f8454cce1a1ea4137e1e2e1ec2d945bc
Windows GUI	4.0	Intel 386 or later, and compatibles	2017:05:11 13:21:37+01:00	4096	5259264	0	4.0	PE32 executable for MS Windows (DLL) (GUI) Intel 80386 32-bit	4585	5cbe6c626c1836d43c31fb013157d9ed
Windows GUI	4.0	Intel 386 or later, and compatibles	2017:05:11 13:21:37+01:00	4096	5259264	0	4.0	PE32 executable for MS Windows (DLL) (GUI) Intel 80386 32-bit	4585	3f3167cb731ef5c251d1d46ec6fcfbba
Windows GUI	4.0	Intel 386 or later, and compatibles	2017:05:11 13:21:37+01:00	4096	5259264	0	4.0	PE32 executable for MS Windows (DLL) (GUI) Intel 80386 32-bit	4585	0b97d7daa11324ef3bdd956aa6f88937
Windows GUI	4.0	Intel 386 or later, and compatibles	2017:05:11 13:21:37+01:00	4096	5259264	0	4.0	PE32 executable for MS Windows (DLL) (GUI) Intel 80386 32-bit	4585	0aa436ecb20331034fbf52c6d4d096ca
Windows GUI	4.0	Intel 386 or later, and compatibles	2017:05:11 13:21:37+01:00	4096	5259264	0	4.0	PE32 executable for MS Windows (DLL) (GUI) Intel 80386 32-bit	4585	19a7b5f094f944081feb1e30ae031322
Windows GUI	4.0	Intel 386 or later, and compatibles	2017:05:11 13:21:37+01:00	4096	5259264	0	4.0	PE32 executable for MS Windows (DLL) (GUI) Intel 80386 32-bit	4585	db957b2ee9345ae72b20faee8c8c0dd3
Windows GUI	4.0	Intel 386 or later, and compatibles	2017:05:11 13:21:37+01:00	4096	5259264	0	4.0	PE32 executable for MS Windows (DLL) (GUI) Intel 80386 32-bit	4585	839e0c826ca9faccfbaab80f252ed0fb
Windows GUI	4.0	Intel 386 or later, and compatibles	2017:05:11 13:21:37+01:00	4096	5259264	0	4.0	PE32 executable for MS Windows (DLL) (GUI) Intel 80386 32-bit	4585	c479e803bc1596360b6a2ffad44711e9
Windows GUI	4.0	Intel 386 or later, and compatibles	2017:05:11 13:21:37+01:00	4096	5259264	0	4.0	PE32 executable for MS Windows (DLL) (GUI) Intel 80386 32-bit	4585	02f8be8aace2d68fa64285e67b4447e7
Windows GUI	4.0	Intel 386 or later, and compatibles	2017:05:11 13:21:37+01:00	4096	5259264	0	4.0	PE32 executable for MS Windows (DLL) (GUI) Intel 80386 32-bit	4585	71335185ab32b17240ae0140bd83865e
Windows GUI	5.1	Intel 386 or later, and compatibles	2018:01:18 19:55:13+01:00	319488	1034240	0	5.1	PE32 executable for MS Windows (DLL) (GUI) Intel 80386 32-bit	170476	27ef281eae4ab5f6ccdf7dfb19bb8dbf
Windows GUI	4.0	Intel 386 or later, and compatibles	2005:10:03 08:17:34+01:00	143360	316416	16384	4.0	PE32 executable for MS Windows (DLL) (GUI) Intel 80386 32-bit	48706	53074ae4b80f74466f07956e54fd61d3
Windows GUI	4.0	Intel 386 or later, and compatibles	2017:05:11 13:21:37+01:00	4096	5259264	0	4.0	PE32 executable for MS Windows (DLL) (GUI) Intel 80386 32-bit	4585	881551e3186baa05d2ccac51609373dd
Windows GUI	4.0	Intel 386 or later, and compatibles	2017:05:11 13:21:37+01:00	4096	5259264	0	4.0	PE32 executable for MS Windows (DLL) (GUI) Intel 80386 32-bit	4585	a05451c6c796bd962ca5767836784b39
Windows GUI	4.0	Intel 386 or later, and compatibles	2017:05:11 13:21:37+01:00	4096	5259264	0	4.0	PE32 executable for MS Windows (DLL) (GUI) Intel 80386 32-bit	4585	3ede70ee2c4f8746e84d474ca3910924
Windows GUI	4.0	Intel 386 or later, and compatibles	2017:05:11 13:21:37+01:00	4096	5259264	0	4.0	PE32 executable for MS Windows (DLL) (GUI) Intel 80386 32-bit	4585	e6014aaaddd5e12fad5e479f347f513b
Windows GUI	4.0	Intel 386 or later, and compatibles	2017:05:11 13:21:37+01:00	4096	5259264	0	4.0	PE32 executable for MS Windows (DLL) (GUI) Intel 80386 32-bit	4585	6fe6250504833480c43d4b026bc7c17a
Windows GUI	4.0	Intel 386 or later, and compatibles	2017:05:11 13:21:37+01:00	4096	5259264	0	4.0	PE32 executable for MS Windows (DLL) (GUI) Intel 80386 32-bit	4585	ce838883cbf59dbe80133f9b3c3b5902
Windows GUI	4.0	Intel 386 or later, and compatibles	2017:05:11 13:21:37+01:00	4096	5259264	0	4.0	PE32 executable for MS Windows (DLL) (GUI) Intel 80386 32-bit	4585	1c036e1658a8fff9f6cdef1fbc4b2b17
Windows GUI	4.0	Intel 386 or later, and compatibles	2017:05:11 13:21:37+01:00	4096	5259264	0	4.0	PE32 executable for MS Windows (DLL) (GUI) Intel 80386 32-bit	4585	665aebd7314a1bf229c7d4fc7a9fde34
Windows GUI	4.0	Intel 386 or later, and compatibles	2017:05:11 13:21:37+01:00	4096	5259264	0	4.0	PE32 executable for MS Windows (DLL) (GUI) Intel 80386 32-bit	4585	e1805b7887f66413a9cb6b81e7e2625e
Windows GUI	4.0	Intel 386 or later, and compatibles	2017:05:11 13:21:37+01:00	4096	5259264	0	4.0	PE32 executable for MS Windows (DLL) (GUI) Intel 80386 32-bit	4585	04e760086afbcfc0e98ec25397f62d6f
Windows GUI	4.0	Intel 386 or later, and compatibles	2017:05:11 13:21:37+01:00	4096	5259264	0	4.0	PE32 executable for MS Windows (DLL) (GUI) Intel 80386 32-bit	4585	51a0db33087aa740665ca9b617533f3d
Windows GUI	5.1	Intel 386 or later, and compatibles	2017:10:13 14:36:08+00:00	341504	718848	0	5.1		183274	8a421d6e236422a8ad7a8c31cb5f92c4
Windows GUI	5.1	Intel 386 or later, and compatibles	2016:10:15 09:00:34+01:00	1227008	1069568	0	5.1	PE32 executable for MS Windows (DLL) (GUI) Intel 80386 32-bit	32222	9297aeaff75601cbdec3dec53c307452
Windows GUI	4.0	Intel 386 or later, and compatibles	2017:05:11 13:21:37+01:00	4096	5259264	0	4.0	PE32 executable for MS Windows (DLL) (GUI) Intel 80386 32-bit	4585	c10a4fafd18662dcb04451c812b2bef6
Windows GUI	4.0	Intel 386 or later, and compatibles	2017:05:11 13:21:37+01:00	4096	5259264	0	4.0	PE32 executable for MS Windows (DLL) (GUI) Intel 80386 32-bit	4585	fdf7c41f534d960addad6fbb56eedd83
Windows GUI	4.0	Intel 386 or later, and compatibles	2017:05:11 13:21:37+01:00	4096	5259264	0	4.0	PE32 executable for MS Windows (DLL) (GUI) Intel 80386 32-bit	4585	c21b35c31c7e24385a910c1b701ceb08
Windows GUI	4.0	Intel 386 or later, and compatibles	2017:05:11 13:21:37+01:00	4096	5259264	0	4.0	PE32 executable for MS Windows (DLL) (GUI) Intel 80386 32-bit	4585	6a8e7766de1f2182bbd1eceb9ce0f797
Windows GUI	4.0	Intel 386 or later, and compatibles	2017:05:11 13:21:37+01:00	4096	5259264	0	4.0	PE32 executable for MS Windows (DLL) (GUI) Intel 80386 32-bit	4585	b2f842271facd909101692dc82ac7e2f
Windows GUI	4.0	Intel 386 or later, and compatibles	2017:05:11 13:21:37+01:00	4096	5259264	0	4.0	PE32 executable for MS Windows (DLL) (GUI) Intel 80386 32-bit	4585	0cb51f022895461e29f9a5cf50d0df5e
Windows GUI	4.0	Intel 386 or later, and compatibles	2017:05:11 13:21:37+01:00	4096	5259264	0	4.0	PE32 executable for MS Windows (DLL) (GUI) Intel 80386 32-bit	4585	1e229f5b73e48300cd9af8285dd6370a
Windows GUI	4.0	Intel 386 or later, and compatibles	2017:05:11 13:21:37+01:00	4096	5259264	0	4.0	PE32 executable for MS Windows (DLL) (GUI) Intel 80386 32-bit	4585	0f7fe07e5706fcd7747a62dd3bc95811
Windows GUI	4.0	Intel 386 or later, and compatibles	2017:05:11 12:21:37+00:00	4096	5259264	0	4.0	PE32 executable for MS Windows (DLL) (GUI) Intel 80386 32-bit	4585	8e8b34dab364f9f81c090c1c9a3291ba
Windows GUI	4.0	Intel 386 or later, and compatibles	2017:05:11 12:21:37+00:00	4096	5259264	0	4.0	PE32 executable for MS Windows (DLL) (GUI) Intel 80386 32-bit	4585	af4bddd975dd1b62b4689918329d1d30
Windows GUI	4.0	Intel 386 or later, and compatibles	2017:05:11 13:21:37+01:00	4096	5259264	0	4.0	PE32 executable for MS Windows (DLL) (GUI) Intel 80386 32-bit	4585	9ee816fddda7934ad12f2afa05ab8aff
Windows GUI	4.0	Intel 386 or later, and compatibles	2017:05:11 13:21:37+01:00	4096	5259264	0	4.0	PE32 executable for MS Windows (DLL) (GUI) Intel 80386 32-bit	4585	032da3c3ca5850223858796b809d8844
Windows GUI	4.0	Intel 386 or later, and compatibles	2017:05:11 13:21:37+01:00	4096	5259264	0	4.0	PE32 executable for MS Windows (DLL) (GUI) Intel 80386 32-bit	4585	f15b5d9c133c1c7fc6cd280ef96afaae
Windows GUI	5.0	Intel 386 or later, and compatibles	2016:06:15 23:32:09+01:00	161280	481280	0	5.0	PE32 executable for MS Windows (DLL) (GUI) Intel 80386 32-bit	163120	bd0b7dc07465180268c8217800b1b010
Windows GUI	4.0	Intel 386 or later, and compatibles	2017:05:11 13:21:37+01:00	4096	5259264	0	4.0	PE32 executable for MS Windows (DLL) (GUI) Intel 80386 32-bit	4585	c05268350d5fc98c498505364662d259
Windows GUI	4.0	Intel 386 or later, and compatibles	2017:05:11 13:21:37+01:00	4096	5259264	0	4.0	PE32 executable for MS Windows (DLL) (GUI) Intel 80386 32-bit	4585	25f945b53f6399d444a1277cf5c2a939
Windows GUI	4.0	Intel 386 or later, and compatibles	2017:05:11 13:21:37+01:00	4096	5259264	0	4.0	PE32 executable for MS Windows (DLL) (GUI) Intel 80386 32-bit	4585	e1cd89eb68cbd53e6dca5dd8970ce49a
Windows GUI	4.0	Intel 386 or later, and compatibles	2017:05:11 13:21:37+01:00	4096	5259264	0	4.0	PE32 executable for MS Windows (DLL) (GUI) Intel 80386 32-bit	4585	221825230a51d857fb9ee63ca1aa6fe1
Windows GUI	4.0	Intel 386 or later, and compatibles	2017:05:11 13:21:37+01:00	4096	5259264	0	4.0	PE32 executable for MS Windows (DLL) (GUI) Intel 80386 32-bit	4585	5713ee6f93fa175290374fabebfe1536
Windows GUI	4.0	Intel 386 or later, and compatibles	2017:05:11 13:21:37+01:00	4096	5259264	0	4.0	PE32 executable for MS Windows (DLL) (GUI) Intel 80386 32-bit	4585	602d0a22ec2e8bc6e2676927c1eec23d
Windows GUI	4.0	Intel 386 or later, and compatibles	2017:05:11 13:21:37+01:00	4096	5259264	0	4.0	PE32 executable for MS Windows (DLL) (GUI) Intel 80386 32-bit	4585	b55ff6a7390ced97315c293e20bbf6bd
Windows GUI	4.0	Intel 386 or later, and compatibles	2017:05:11 13:21:37+01:00	4096	5259264	0	4.0	PE32 executable for MS Windows (DLL) (GUI) Intel 80386 32-bit	4585	d16395c3952615e4d93fe0e5fecc25b6
Windows GUI	4.0	Intel 386 or later, and compatibles	2017:05:11 13:21:37+01:00	4096	5259264	0	4.0	PE32 executable for MS Windows (DLL) (GUI) Intel 80386 32-bit	4585	34d5a0973172485c2c4f20983ba7a0a4
Windows GUI	5.0	Intel 386 or later, and compatibles	2016:06:15 03:31:42+01:00	161280	481280	0	5.0	PE32 executable for MS Windows (DLL) (GUI) Intel 80386 32-bit	163120	a92a07af520607d0b300c113b370b623
Windows GUI	4.0	Intel 386 or later, and compatibles	2017:05:11 13:21:37+01:00	4096	5259264	0	4.0	PE32 executable for MS Windows (DLL) (GUI) Intel 80386 32-bit	4585	af0c42264c65b393f3d39dd5f1a21893
Windows GUI	4.0	Intel 386 or later, and compatibles	2017:05:11 13:21:37+01:00	4096	5259264	0	4.0	PE32 executable for MS Windows (DLL) (GUI) Intel 80386 32-bit	4585	da1d8d3288090eb3589d832bf687b804
Windows GUI	4.0	Intel 386 or later, and compatibles	2017:05:11 13:21:37+01:00	4096	5259264	0	4.0	PE32 executable for MS Windows (DLL) (GUI) Intel 80386 32-bit	4585	0807856354c3ca7090284fcfa1f852fb
Windows GUI	4.0	Intel 386 or later, and compatibles	2017:05:11 13:21:37+01:00	4096	5259264	0	4.0	PE32 executable for MS Windows (DLL) (GUI) Intel 80386 32-bit	4585	44d8c8d189d1366d3d6fbaefec1512a8
Windows GUI	4.0	Intel 386 or later, and compatibles	2017:05:11 13:21:37+01:00	4096	5259264	0	4.0	PE32 executable for MS Windows (DLL) (GUI) Intel 80386 32-bit	4585	3b61c2df8f9d9b272f538f5ca6696500
Windows GUI	4.0	Intel 386 or later, and compatibles	2017:05:11 13:21:37+01:00	4096	5259264	0	4.0	PE32 executable for MS Windows (DLL) (GUI) Intel 80386 32-bit	4585	e512b6ff2e853d8baedb55a6523370ec
Windows GUI	4.0	Intel 386 or later, and compatibles	2017:05:11 13:21:37+01:00	4096	5259264	0	4.0	PE32 executable for MS Windows (DLL) (GUI) Intel 80386 32-bit	4585	0c4a0d56a0f38c39a15629cdc79adabc
Windows GUI	4.0	Intel 386 or later, and compatibles	2017:05:11 13:21:37+01:00	4096	5259264	0	4.0	PE32 executable for MS Windows (DLL) (GUI) Intel 80386 32-bit	4585	b5db4212e21e18f163c426b97df4cf0b
Windows GUI	5.1	Intel 386 or later, and compatibles	2018:01:02 18:07:05+01:00	289792	623104	0	5.1	PE32 executable for MS Windows (DLL) (GUI) Intel 80386 32-bit	85276	c778460dd3624da0c88eb759eff0a277
Windows GUI	5.1	Intel 386 or later, and compatibles	2018:01:02 18:07:05+01:00	289792	623104	0	5.1	PE32 executable for MS Windows (DLL) (GUI) Intel 80386 32-bit	85276	b8788523d4ab98b33b6adb0f36a4ffac
Windows GUI	4.0	Intel 386 or later, and compatibles	2017:05:11 13:21:37+01:00	4096	5259264	0	4.0	PE32 executable for MS Windows (DLL) (GUI) Intel 80386 32-bit	4585	d3ef2a2925a6dc66735ac5e6aa39f649
Windows GUI	4.0	Intel 386 or later, and compatibles	2017:05:11 13:21:37+01:00	4096	5259264	0	4.0	PE32 executable for MS Windows (DLL) (GUI) Intel 80386 32-bit	4585	ef64ea1651ee4c087cedd43af08358e8
Windows GUI	4.0	Intel 386 or later, and compatibles	2017:05:11 13:21:37+01:00	4096	5259264	0	4.0	PE32 executable for MS Windows (DLL) (GUI) Intel 80386 32-bit	4585	1287b4b32bec1e889276e98e3def776e
Windows GUI	4.0	Intel 386 or later, and compatibles	2017:05:11 13:21:37+01:00	4096	5259264	0	4.0	PE32 executable for MS Windows (DLL) (GUI) Intel 80386 32-bit	4585	368ab4b33d432845dad73ec3254b4f09
Windows GUI	4.0	Intel 386 or later, and compatibles	2017:05:11 13:21:37+01:00	4096	5259264	0	4.0	PE32 executable for MS Windows (DLL) (GUI) Intel 80386 32-bit	4585	2f802779b916a9eca1d6f47e3de80d2c
Windows GUI	4.0	Intel 386 or later, and compatibles	2017:05:11 13:21:37+01:00	4096	5259264	0	4.0	PE32 executable for MS Windows (DLL) (GUI) Intel 80386 32-bit	4585	f128f40ab28afd91c02b45a3ab4153b1
Windows GUI	4.0	Intel 386 or later, and compatibles	2017:05:11 13:21:37+01:00	4096	5259264	0	4.0	PE32 executable for MS Windows (DLL) (GUI) Intel 80386 32-bit	4585	399b04575c36235162d7908cbbcf6bcd
Windows GUI	4.0	Intel 386 or later, and compatibles	2017:05:11 13:21:37+01:00	4096	5259264	0	4.0	PE32 executable for MS Windows (DLL) (GUI) Intel 80386 32-bit	4585	055c4477304d17bad79b4f114a6ce1ce
Windows GUI	4.0	Intel 386 or later, and compatibles	2017:05:11 13:21:37+01:00	4096	5259264	0	4.0	PE32 executable for MS Windows (DLL) (GUI) Intel 80386 32-bit	4585	6df8a60c045b8956f68f1c2e75260279
Windows GUI	4.0	Intel 386 or later, and compatibles	2017:05:11 13:21:37+01:00	4096	5259264	0	4.0	PE32 executable for MS Windows (DLL) (GUI) Intel 80386 32-bit	4585	b5b5ba046a0a7464f6a1571458ac0494
Windows GUI	4.0	Intel 386 or later, and compatibles	2017:05:11 13:21:37+01:00	4096	5259264	0	4.0	PE32 executable for MS Windows (DLL) (GUI) Intel 80386 32-bit	4585	3d4d963eb29da760050e5361bced0869
Windows GUI	4.0	Intel 386 or later, and compatibles	2017:05:11 13:21:37+01:00	4096	5259264	0	4.0	PE32 executable for MS Windows (DLL) (GUI) Intel 80386 32-bit	4585	cd98f5d9ef3efccdaada70a41570c682
Windows GUI	4.0	Intel 386 or later, and compatibles	2017:05:11 13:21:37+01:00	4096	5259264	0	4.0	PE32 executable for MS Windows (DLL) (GUI) Intel 80386 32-bit	4585	0fbde0d034dca19b5231b826c2a5b45f
Windows GUI	4.0	Intel 386 or later, and compatibles	2017:05:11 13:21:37+01:00	4096	5259264	0	4.0	PE32 executable for MS Windows (DLL) (GUI) Intel 80386 32-bit	4585	2417d45cf82c82fecdb2a27aa4f02261
Windows GUI	4.0	Intel 386 or later, and compatibles	2017:05:11 13:21:37+01:00	4096	5259264	0	4.0	PE32 executable for MS Windows (DLL) (GUI) Intel 80386 32-bit	4585	30c2a982eb99808711d7d77049b28932
Windows GUI	4.0	Intel 386 or later, and compatibles	2017:05:11 13:21:37+01:00	4096	5259264	0	4.0	PE32 executable for MS Windows (DLL) (GUI) Intel 80386 32-bit	4585	20af162430253430daf2f2e1d4c34606
Windows GUI	4.0	Intel 386 or later, and compatibles	2017:05:11 13:21:37+01:00	4096	5259264	0	4.0	PE32 executable for MS Windows (DLL) (GUI) Intel 80386 32-bit	4585	bebab977769251e3d4c462cc5225a045
Windows GUI	4.0	Intel 386 or later, and compatibles	2017:05:11 13:21:37+01:00	4096	5259264	0	4.0	PE32 executable for MS Windows (DLL) (GUI) Intel 80386 32-bit	4585	b7967191534c4882fc1c841aba795c9a
Windows GUI	4.0	Intel 386 or later, and compatibles	2017:05:11 13:21:37+01:00	4096	5259264	0	4.0	PE32 executable for MS Windows (DLL) (GUI) Intel 80386 32-bit	4585	051c607cb68414a3900bd64dc589f1a5
Windows GUI	4.0	Intel 386 or later, and compatibles	2017:05:11 13:21:37+01:00	4096	5259264	0	4.0	PE32 executable for MS Windows (DLL) (GUI) Intel 80386 32-bit	4585	01ee9fed8c7ff0144d6418fb7641aa31
Windows GUI	4.0	Intel 386 or later, and compatibles	2017:05:11 13:21:37+01:00	4096	5259264	0	4.0	PE32 executable for MS Windows (DLL) (GUI) Intel 80386 32-bit	4585	12d850a38021ec63ef501446a40878c8
Windows GUI	4.0	Intel 386 or later, and compatibles	2017:05:11 13:21:37+01:00	4096	5259264	0	4.0	PE32 executable for MS Windows (DLL) (GUI) Intel 80386 32-bit	4585	793f420e27a534087703a39f84f672e1
Windows GUI	4.0	Intel 386 or later, and compatibles	2017:05:11 13:21:37+01:00	4096	5259264	0	4.0	PE32 executable for MS Windows (DLL) (GUI) Intel 80386 32-bit	4585	69277966c500661a85c5761c66ddbd59
Windows GUI	4.0	Intel 386 or later, and compatibles	2017:05:11 13:21:37+01:00	4096	5259264	0	4.0	PE32 executable for MS Windows (DLL) (GUI) Intel 80386 32-bit	4585	0e1ce77c9caeae42f3a2f081dbafbbc7
Windows GUI	4.0	Intel 386 or later, and compatibles	2017:05:11 13:21:37+01:00	4096	5259264	0	4.0	PE32 executable for MS Windows (DLL) (GUI) Intel 80386 32-bit	4585	8846e922b79f07daeb73f82f132ac50a
Windows GUI	4.0	Intel 386 or later, and compatibles	2017:05:11 13:21:37+01:00	4096	5259264	0	4.0	PE32 executable for MS Windows (DLL) (GUI) Intel 80386 32-bit	4585	c8c4a8222006994b4d0d5adfb9dece7a
Windows GUI	4.0	Intel 386 or later, and compatibles	2017:05:11 13:21:37+01:00	4096	5259264	0	4.0	PE32 executable for MS Windows (DLL) (GUI) Intel 80386 32-bit	4585	68d4c4e0abdb9b36dbe7e71f0101220a
