scan_id	total	number_of_pos	md5
00bc8de5fdfa19329bbcbdcf1708ac9e49c10542b6ed686c51a3e6b825692843-1521004280	67	48	37012488e2939941b1a49ab4016f8f4e
0105490d19742a77f36de11daf4a1ca187dba1c3aece7dd90659c799bf921caa-1521004301	67	52	6782e011f4249ef28c5f4a6b4de34bf6
01571499a098780e3cf0a93cf2ab28351abbd0982c029265b5c7ba45192ebd27-1521033566	66	39	b60e1c4f43c9af0b948a904632d143c7
01687ac146d01f84897000ffc52902eca77a5bbdd2782ace426f2969a09a9ce5-1520963183	67	50	ffe9751d0ee1a747ddd63be5ad7453ee
0172be0907967f5ff8e7798868c6dd18ba6d38c86878155076337b3980a42319-1520972895	67	59	9476e043b9718dc47162b946936187a2
01be5a68b9c93f9c7b352b1b5806f80f2342960c73f471510966b7a2c9244892-1520977373	64	41	6bf0ff4a811ec6ab9ba4d119d3e50a33
01c2f3a8f4036a9def144879049110335b2e9d95032710692ecb88a4fdb56f8b-1520973547	67	25	839ee124331cd8c61c6ec6ea74a4427c
02023b5e01b7c6e1e32f31582c0f0746b079e161a0c549406d0d621aec7185df-1521023892	67	48	7a3d4edf09c10c561b088e6d7bce154c
0217097848bccb299d1fe93ef65fb4e7a39ec39af4800652f5e400c8f9f520ac-1520983990	67	60	a32ed9479aff0c508c119b3bb3f716a5
02555f8802f58e2ad64d0b31f60b20a0fbeb6114631314f601479279ef1f1d1a-1521003016	66	48	754bea1ef38d03ced4e00766def6a03e
02acf6970cb5b05d5d6fa4206dafd556d3db88dc3aa9cffc0c0abd3019a0e271-1521033424	67	53	4684354f1decd0d2a38cc1571b78f99d
037709b3d5f4cdb5132d5f45ad892ae1e62d473e2f5bf75aea8a0f74b779cc99-1520972599	66	55	5050f47a2b1e4bd157b3d903dec9dd1d
038d76b190b7c67cf1de75eec51b0e9a056bc2f559a6c443fad495d7145d8940-1520977470	67	44	c8304309db39bbbebe5e49401096a628
0397af9de833fc46a1184034edc743cb31ca27617af5030f0c10f4fe97f139e6-1520973153	67	53	f0b804ef75b9447687ed5d6c73c6de29
03c6f2393f2fd1cba55780b091c4063047f655ca263fa97f9f5b826f1185e702-1520975163	63	56	2d4bd371fd8d31456922a42ed52e206d
0415697ff46068934cc6f1ffaad2c0c487809dbb16e265d23e1c1efe2e9848f7-1521027984	64	18	fcc73a6ad47697c4a7fa630fb7978f5d
0432989607b40c15273b916a458a2f6f0c6147da217f24e5621f91b4e65cfea3-1520963187	65	22	3b9aad78fe5d1495f45bbce0995e865c
0492c4fc63100f6b115ad1a6e0437091a51d4ad89e9373a1c8b18197f3c1b751-1521024819	67	49	c976e6a5f7055e02215a4ac343b71f9f
04c1181417d48d45cae95c3b07f10e058cfd6d522e00e9c9fdfc9260d2919997-1520976364	67	56	f1df22cb3389d8217098398304740266
04c6d2b7e1446c622206c09e8808043984c1a91c1e605d54a652200c5ab243e9-1520993652	61	41	bdfacd23f0dd140a0f95c673afbce117
04f91163a4015faef9fdd7ae5d8e61db0e9a50906431a2816fc52634a8c3aef2-1521008632	67	61	c2ad06ea7b80d64fa5a175371f7d0927
056d654a9f3bcf797725b5af0a03dccac43d0b5762101e93f7a06640707ada8b-1520999321	65	20	ba0683a710fda946ca2f2f78719c73cc
057278b1a0422f50c5273d833a881ff3a9b82c676253a6ceeb6c08ff982e6122-1520972916	67	61	95159da015314146639bab4e78396f9d
05e0079b667fa1b59aa44c4befecbc310eddb066a391ae7f86c2458f16a017bf-1520991445	66	57	f7dc2a8472b5d9c8b933618e385f67eb
05f79a61b163352353b3f240127e984da6bef2fcaf98f2e24e8bf3f3deddc82a-1520962690	65	51	e6d87c11b4306356a1a8f0af80853880
062ccb27411484990132c9bdd687ed25be99749b158c1e069139e19e23f03710-1520980564	66	59	e0276f997ffb064cb131baeab95dc1cd
066a6c62bf8714ef8c09e1c15965409fd13b817ec78f1343c79631cd8a7f0981-1520977215	63	39	4240675d5b41ae1ee46c4d88fbf4378c
06d05f8c4bad366fa28a822da3be355a26d41c5dbca25a5faaa8cf61c45db63d-1520964514	67	54	822e9a3f3bfe9b16790f537d7a0e1ea9
06f672a3dee400967d98ecbff2608a9d237a988d042f4f85b71c0e52ed9126b4-1521004293	65	48	b6b4d9166a56f602e83359f7dc20fe35
07042065cd080b8fa8134230c4237177e450c072c9d40bdb7ed536a235564f9b-1521024329	67	42	76af0f5241f8b0f2c9721fd3229ac087
0721db58d76216266e3b006f5e187606d32df8d290a6f92a6016e7136fb6c2c5-1521007909	68	49	26a1002e4e4da9fcfa33a69b283ce131
07a8eeea7c280a0af31f0afeaf531db2faef9c928dd33003d69f93c00199688e-1520964501	66	46	d51a6450a01afb49b9dbdef2f60f6736
08058df852abd52ad0ceb94d67eb11a75204d92d79106f4f72fadf5cc14fa98a-1521028983	67	48	12381e721200121ffde587cf12336039
080c181686f7ac5333e1e7f0a2d659542df0272731e1c1d1dda5b97d133bf044-1521008995	65	58	980ff638af12294e9f94c0a05b826882
086b1f21abff82c95464c4d424a90f6ba6c3c0c7d843e25c32f10ef8aafe882e-1520989130	66	52	38f15273a6b44372e87324991e10e5f9
087500f15b96123e21ab48e6b13eb01a2679fd2c53b5dba72449fbf46562c778-1520968118	67	57	860cc9632522797d54ec92fe6df8c545
087ac6c38fa7c2ae23dc9026917ddc9b07b0975042320e9079197030fb7927a2-1520985551	65	55	8903c3cd3e234def3ab3d18d5ed139d3
090f0eca928ebb42f5b87a108dbcadbc07938ee9f2982d40d2e9e4ebc8b0bf86-1521030487	67	45	9c6b2834feb39ad7cd1820ea90895f96
092b9c53565fc4951c07f9182bef68a267f59a18e138b9d857b0cdd8e569d14a-1520978805	63	57	6edda5a4379f01eb9fdb87fcd75d234a
093c33ddfed80671f06a60e318f69b7645a25b3b7ea79634afd089ff0da2f1bd-1521008355	67	52	fc648e44804f333c45df0f55f9f73f2c
095bfd0ddada74dec8429fd5cfcdf7238e352d5faf2f29328de272910dd58a53-1521038746	66	38	5342e5272bd7cda790ecf9eab9f16df2
09d1bf66dede443564ea88157c33f36bc25c45f874085c5fdace613e331f8eaf-1520989331	67	58	af1a704a60a50e297d3817f43b79d6d3
09f232c3e452def2897ec19f8a2373ba38d1f19487986704b8326291df256068-1521015570	67	53	13250a10d2a921c60a97e0455c774692
0a22de5abef2bb02172a47fbd502b9ae5f829f88f46d2d619544da697d2b1808-1520990181	66	60	1e028f0209a3b0e6c09c3417fa7b0581
0a388a7992834f1cb66a2dbd1091d728eaa26357e3d885957fdde604379f04c1-1520974982	64	46	11f725b419e33e84186772d5c9879ea8
0a5e6955036669a3ecbc3c1dae905294fd4ada647b736d65119d2d569ed4c0a7-1521008884	65	46	cae4211159d7b2e3fe6a55c520572f47
0a6a34dedfc2cc99b54108de8d0b749a29d058e6a934027523a14434bdea8cda-1520974143	57	37	a67c311c9ba07fd816d61694dadad4d7
0adcb796f796af6827eee6d1cab05e1ef471354651c6c11953c7cf9e6955deaa-1520975185	67	47	4c571997283fa5a16c756e8ac7968ab8
0b426605c5f6c5d47f9166b043aee627511d5e110b0ea114b390aeb139bb04d3-1520972406	66	52	d892f9e0e84c0a724dfa6eab7a4fd3ea
0b74cb34f28916a659267738cea5700d6ed28af2ce03529590370fc0ebba1e08-1521027994	66	24	0b67526f9715f84fa70b54a93570c2ac
0b7b1f5dec080d2a0dde8f7c4ebedab236e1cad1343271d8aa495bfad2754b78-1521033682	67	48	ed24baca310ab0018d5b068f846ede18
0b8af75d20007664790e4bf91bcca22b7d875c7495af0e979144ed4eb41d6619-1521009739	66	44	1f6f039bae1ba1e2e0808ec5ed431d7c
0baff4b241bff180bef9197e9bc4dabd20eef43a11a53995842104034995b506-1520999626	66	18	c49a8c8f6c43f2f3175fef9dbe6aecf1
0bfd7c5c63c0e7e9d88d0e10c3bfca2a751c6c3f565bd321f066b216f4c0153e-1520986854	62	39	d5ca1ea0bb417ef4c7e8cdb56c4f5371
0ccf47dcb8d78b9294f4617da49396fea25357060b358b6843aae92d4c77768b-1521014224	55	38	903886e8b1af5840e3be00de89072989
0d41f32f6f5441a7b41a321b689385a7cea7d6f8d24b60fd96a660d2b87e768b-1521030393	67	53	c0c1bd0930eeb1206e4b6512cf710642
0d76e897a6076d8450bb03d2affda840f4e5fab56ad058582411f768833949ae-1520987164	64	43	34a21acbdd9740b13ca14329afcff127
0dd495c7b821b8f5219dbc4986fe893131bb05a35995f9ce10c5f4a1c02e1e9e-1520999081	66	54	b2bdc30b367901765ab36db4abe820e9
0dda1def622c1026b9a9c73f3c172eeb465d65fccf8d7f082def6a6545996b07-1521032405	64	49	34d877a8fb47ddd068bc369c222bb937
0ebfb5af4f4dfc3740fbea5611d2152b81c043d7a88e83484ee1b433095521f2-1520964417	67	41	ef58384c39227c11f1ee18568527f757
0f146bd3ec89f2cfa058949e159d1dd602e22e3101bd518cf62c4516dcc8ed45-1521010117	67	44	bf9624358fa977d2d3abb60ebbf4e74b
0f19c15231bad98a328f5d8704a8e1fdcd42916cdb6d8f00458c00108b82ee62-1520988436	65	21	a3af27adc2c83db1223c1301714ffd15
0f57ecf882e1f23cb719eb2995d24d7c196af15971b9d20bbf251f59def8d45f-1521040163	67	15	6b143267bf4e1cdadb8eb7aecbb9d13f
0f5be624ba4d0c41271d6f85bcaf6d842b1dafda9d202e62ad9c22419ff63319-1520993034	68	35	f6c45b2d0d541abadd0b0c0dccbfea87
0f7247418339c334f44cd0e60787b54cc7f9fa959850598200e975b647c6afa4-1520992738	67	56	1b21c2374e4a7c5c9cf48c2fe30ddc15
0fa2fe4f8be72342abe547819d9144ed5b8a908964dee85a265024ca2e73ca57-1520977587	67	37	f16210522846d31abd80c3456d2727a3
0faa19a3a57519c1995dc31bbcc00fb9ac43cd101de719c2fb083c53dbd5c940-1520978809	66	60	c2ca58f5d40d362c480544b40902478d
0fdad21451920e207e4565f7de8c2b071ff62d76401cf8142a33870a1c72de8d-1520975035	68	61	a232702039c1143369a454b6ba2580b5
100ac0c485c209a2cd0e5aa9e5ccd03a1ebb428e39e0ae74d1a8161cd20d63a1-1521024782	67	59	5a9f91b0a5460fef3f9c529670000583
1019d2158ad86ce66b39dd64f386e836b160bb7bff7cdbb66a702dd6239d2883-1521013558	67	41	6d4d7a72d1b528f8766fe3d8bcfb314f
10393933e2344d0c42829377cf757a7cabd7fde7618bdcf77573b63d3b00a33d-1521016136	67	42	ae6c8b69870fd8299cdb9905e014eed9
1096e30cb0ac6817a6f17ada7dc02c83208ccd20690db073c978211940634b57-1520974700	67	60	5487d40c501ad4b2c8a4d4d74b2382f9
10cc5db29bb0aef8696e8a4907026b4b9c51000778baf73ebbc5403d63ef3d1d-1521004521	67	48	ccccc9a9681717fc739f9590893f8e08
11a2b389df8ae70eb6c39fd6eaa97bd37688de4fe188bd0b30b8a249281296a2-1520994301	66	45	4091528a0b8016b4d69bfdca27779a19
11c5b1a7757f815abcd1e373931d37b071320c0c5d69fc565f5c76119c1d3e48-1521021681	67	31	f797dee2a4f90c9d65b14d1bd9a45ffe
11e293e29151a6f1ad234567e3308a912e049884538a4eb6407190464f597f2b-1521002800	64	36	dadfb23a1b00f85745662cd44b8b9a4e
11f16b530d658bc90d789186127ae4fa14ca69346c3e90a910ce4da720cb3bd2-1521033359	67	47	79bd001e21e5c7949dac2d80cf893ab8
1223eb58f6e16907eba9319e62f1fdd838ebe469ccd0a3650ff43c414b1832a2-1520977273	65	40	d1fddd753db2a2634ae8c64a30517445
12c295d35ce22ed730369bf579b0ab135ead7023cab1cb3b674e8a99909a54b7-1521022706	67	62	f7cc67f3eed3db6e1c442f8ce7a7776c
12cdef3d2e63f6f331604850f273cc3a275454543030c6fc08ef729273cae460-1520970654	65	48	bf4478599f37cbfe2852bf385b5fba79
133b14ef54b65533fde67b2dc6e7d42b7bdb3cf6492c2f9499f9c627fd8d8497-1520988443	65	24	80d9a6c031b2641d5f094a74e0347ef8
13483a6f961dd70f3a0e1315dc253c6ce8f6f5b1a25464f7573373fa33950e65-1520991126	65	42	ddd9e0f7c6cd5b8fa2f847585e8d40b7
13cf0720b51ddd5502e05e4254f0583c6e2548fe8da08b1c32c3fb1ee05bfe85-1520964092	67	49	fda7dda89a3171c32e6c36a8054e630b
13defb8b0ef2d5b097b9435d556892fad5e5d2f2e6a08b2496e02a9b3dbd68c6-1520999576	68	59	9945351b9297c5891948dac725e448c4
140e5de974a88887173fd83b23974681b67f580a14544a330db9a72dfbb71002-1521004285	65	50	b5a29fdf90e0c9c65887e321bc88ee59
14c323f2aa17afa29064c15e5a43e097906d3f8021a8155f538232058f68d008-1521036057	67	40	e67c5d6fb77db95c3b41a88df11f5f7b
1515a201cd7a5f581419e18da6e30680699fa6bc09e2c5cea72fe61a15842a99-1520974984	65	57	7821967dbb57b7a5fd06d8c8da885aef
1518b12b06b68ee9b9c14061fa7c09d18ad437d07029481c7baaaf8e0ef497e8-1520971359	67	53	a0eab1a202a8218df964344eea7403ac
15479a31683e98c4bbfa294ff612bc44aa8b58d67fd154f1f8aaa518239bcdc5-1520987206	66	47	dcf14b35d3a21d8893e339024dfb9e5c
155478113cbd6ca4c4a9dae79cc62e7049e010725a1bde6852ad2e8dda694fa6-1520994187	67	47	eae28161930472b1c16c14986a5ddaba
15a40fce71b9897f1993a26b5a99d6466a719a19b028d18e390fd2b66195eb6f-1520963239	66	54	febb9b59638797e2f490a41e6cf79512
15ab4446504c9510fe377fb8657f9b4b67935c2aedd725058c1a15bf446a4015-1520996572	65	54	d948825d710c020e52fbac6225538d19
15b9327e8708eb8fa1ce4f736263efcba32827c7bd10d1566d261e8f92244b11-1520974315	67	56	ef3846294af0c5f11a79ddb999da5300
15eaf40f6d4df3049260acf44127af16d9fa61a338973eefd9709c90ce644a21-1521035299	66	53	2a17debbd851a34b2ec8953c69d9787e
160c8e26a5ee29bf36a4b3a20ad6109837555ec692890fb1a96b719943292d48-1520991312	66	61	35167d9abbc8c45afeab76085590ae51
16242a232fb9d90f59afeed5f6582cbd79121b4298455bed202f74834a0775a5-1520992561	67	57	0cb0077f98e42f365817e4842b982792
1626b350abf1e59a78b5f7f247cde6690d62af968e729c2f59a0af223a8656d8-1520991986	67	42	da8de0a763aaa4cb2e4def48c0634b32
163ffd4b5fb26f69bb073655da474cc005382b0a35a8a24b23543ec8a25d5cc8-1520968809	67	49	b295b304ae6b7ee4f352520a86046e79
16cbb3e185f29c197917570718323f328ed7c8596013e022453d46827f2146ea-1521029522	65	51	461e72e8dc13c25c22b70cf9a4714cff
16e3cabd39d916972770c4d354ad89a3e47d4b15890c5b1f2ec00d9f0d288cae-1520975838	64	54	e6f0d830c1a21214e67c58024af720d8
1756735ca90aff11d8dbed59e1f9d0dc8357c8ca8f57155cc147afa26d89b618-1520974971	66	53	f1ae59249113d65a104980e28ce348a2
177d8ac86853042b2299a8c7b758e09e8f0cc0e6e42d13c2540bc13c88da0e18-1520963550	66	53	d397ff510326c52d15ba4b8f8ffc441e
180b9b85a6093d683a85cf3d97069ccb41f33cd0f1358ba5d9e9b38e65e56419-1520987792	67	53	87561bbe1a7050aab68aed3a1f3349f0
187323be56127ae885fd1f0c03242096e77f80804d619ed175dd831fac9d10d5-1521026194	67	49	5a7a2a965feb6f0d37681c60496ccdfa
187c1bd6f586211eae4a5d72caff6c9e408e113b6d6405331896fa90a6ffe367-1520975069	67	48	c2bce1100cca72df32dc6fde5acd00ba
188d4a38fbe40c758180549075b4ca1bc122577549d4eaeec95b639ef737b22a-1520963728	66	47	5752ae916b8679d56100b659939a2489
18a13830071d24ba6e8fbf6d19905b48ca08efdbb7c9445867509b6d2e31b798-1520987345	66	41	1559a67cbda388b3a960406a0ef903ae
1a107ce2667108a11b1e442a45efc4805862b24228b19e23b153a16be05c45f8-1520979559	67	48	8c24e20a60cae4113588d0ff6805d8ac
1a6537c20e8792d01329d778fd6ec5a56ad96c0245249e85e7fd14d7c779781c-1520971830	56	49	b775b435cef91548936fd9808695b024
1a6db445d12986ab818226d9a7a8f65d02fc6ef1d311c562057b3e16151bad22-1521007808	66	50	5280b1ce0e331103a23bfccc130acf86
1ac020adea5504b16c7075acb3d53da173b68ba359455d1b6604ed2ea0d3e675-1520987580	65	54	87e4c1d325fbdcca1fefd35620b0e00d
1ac7e01b837dcfcbdb9ea66b8bd23aa5ecbc530cfba9bd28d91d6eae6e5d3fab-1521003356	67	47	6b6cd1d80aae79272bdea86833b6da2e
1ad70e1f6bf4e5a6cd62bb2f6d53ed9b3a983224245f7aa20570448658c833eb-1520974839	66	60	ded2db5c2fa5d93b65969d2bb02b2738
1ae37e8588ee3a8495c024103cc6bc1eaabb4d44bd1334ea30a88c09d1f3c87b-1520972572	67	46	a8bd992fb81818b4becb103c274c36ef
1b0b07ccb42e1df83597574096e214dda6c94281a6032ec0107adfffdbf6fd25-1520989253	67	45	9928fbfa00812ce45d47ae66d890ee4f
1b0b64692d3dd22b246565a7516767accb83335060a5a3ece71de613947f3d15-1520965457	67	45	c253bfc1df7e6d0d5fdabcc5636fd34c
1b629ea65018594f0b8d9a8406fc94fe574ccbfb5910ea539939deb5761919ed-1521015889	66	30	a51b79315ca88301ed4c34af6506fcc3
1be45e476e5d59ff37f00bb5674fbe4719fb2ce16215570e7ef54b055e84fdfc-1520977427	67	44	2406a119eecd6212450dee2d7d56d01c
1cb8459fa4f055b7376ca131128dc2b0e91527940368d1a40ae07c96c6ed2338-1520988460	63	21	5790a10091a0194d4caccfc8a5861907
1ccceb6896712085cdd55b2cc1aa94c8557b6bf4dd4cdb9b08f0e70e02e82687-1521016929	66	41	1a1c4755c01cc0b3112bf0c7bf069fd3
1cf672027aa8edb0158cadae0c0c3c502c79ba9af799b2a7eda4b05c1261ae5e-1520979362	67	42	3c7f6b425fcb3ed48a3112bda6928e8e
1d4bbaa7b85d5f3d599d955436fe39697d30b27075ecacbae83e49ac1d15c0e9-1521010721	65	58	10f262273180e9dfcb6b458de5155d3b
1d8fb7c0aabc9862fab17e9ba886ab537f7740358c0da5108246b19ace9808fd-1521010563	66	62	7dcf319a9a7e4be165718ef148ea2dc8
1db7350434360ff8b28eae8b16f24bb141ca3ea04af279a7455076ff142fbc60-1521028020	64	20	d33206e1c11b861e42898df2e77d1d2e
1dd9d944c1fd52ece9a50caf92e4e95be75279841acd1865eb5ce374ddf0492c-1520988545	64	55	4fbf97bbcbdf2ad0581a2348926dd3ee
1e77b6096d2d3dd3bc06bd5d1cafb46ec2fe84ff2fef43d2ba210459581ed90a-1520988462	67	22	8537932c468787c53c1e2b27696e5816
1ea8b3b50a58ed9aa67acb792e56b858ba6b0afc437310602750ac66e532281a-1521023293	67	57	b060953856b6f04010563cf3ad144d72
1ebf347841f82948b781c832685eaa7705331573fe912d5e427c454b7acaad11-1520975460	67	49	e2c0bb4342c045dc3fbf24e05f3a2573
1f4ab87c79a98531d51517124d24b0a35c58b6da92b0e37e4e45720c17e2935f-1521004451	66	51	91f6a113b16064cd62c23afa9cfcf1fa
1f5442a65aa742f5b4f5425c94ec1052601fc7acb3c5fcc2f0d9b6335f383fe3-1520964954	67	39	ec11d12bc2544470c45fbb0cbf286c0a
1f7492709e79edd3ef0cd568b1c1a15db57f4a42825ff4ae4f578ccc200b2880-1521030275	65	48	31fe7dc74f835455dd0832dee2a0fc2c
1fd64d68c713ccb0b77f30f848a718714c174db474260504da9740a9236a5ec1-1520973177	66	47	d83d524fe99acd696494026f1d7b0dad
1fdcd853ae915b12880ca2470c3ff36a5cdb3d154e3884318cdf1e41ad130de2-1521029513	67	28	e573c61391654264c08ee429d517f192
1ffa17a1a1cff4f26ede7204df195d0c731d41a8b39824c25b5c4c4f87078c83-1521036650	66	34	09c13aa871394629d510563af8e4345d
2026b2a66fd76acbcf9d2f433e7934695d251953adc300f563741deda8acd0b8-1520976175	67	60	93ec4fc9b0974abb65bed1184a971ddd
2029108fe20613df97f7b36d3f6a63c66f00ac698e0dec323a9f5c6540c8f750-1521004234	65	47	e249fb01341782a8ab7cf5b781501c23
2034cd07ad01f3f741b1e45ca9ca5428ed7aa8d954d96e71c1be20b946b83f31-1521019408	67	60	e2e35b2bbd2093d5ae8996e93c5c435c
2081679a25a990fa46e7512dc42d72210a8a4e2402e6703e35ab79d27bae9a3e-1521011762	67	59	bcc7e19b7c4fba8907479439689d8278
218fac37b8d8060fec9930932479c44241fadcfa57327134bca3ab19f107269d-1521032560	67	15	e88206c97ae164b196a10b024f324291
2206697e26579540624812feba5f420e614c965411d212f2c7d05e42c014f8c8-1521013567	65	50	40f76a18085d1c0f8d460192002cbed5
221e2281431da8790a3348b250296d649ae7dfda0798ffba4140f8bdf9a60083-1521021076	66	56	409f8ad1044d0fdf91c163774860a0bb
22dd5fca20d546b9b7b68531c80945e4cffbb8106c487115ab1b41237cbfe8a1-1520967344	67	52	0d9d97140ad3ff284f2af7a147e783c1
2307a80ece1c06bf8ff1973b5c641452742d8e6e3a0e1a19f82b2102532b15fe-1521012832	67	49	c5d722f0d3ef20a71c791c7798b0409e
231bb0e8f2f14773d45337387fa5a0f18fe5196765c9de6433d545ac5f369371-1520993571	67	21	91e57d2bf7517c1e16ddda9b334daed8
2371c07db9145342598de22108ea2fd03a127f8213b853d78f2ac9075c9a7bd4-1520968510	67	55	d44e0cfd24454c0f480e178485831e48
23952d8d2d1ee765c555ddfe2b4c12f6f1b6f50a42a07c68257395b5e5639168-1520984940	65	54	063097f3dd9cb78f7b8ec47aa1d81283
23991d07d4a8ea9fd972b4cdcaabfdb9542bea6b40f15aa6a701b75ebbc8bcc7-1521032815	67	54	f641d7053ef5ac564857bc3e3a842328
23c504a9aed86e5233ed513765560e07651a64c208eb82447f4bd5b11be2a21c-1520988468	67	23	804511f525bf6b0b551181d9233e106a
2430d67f43850c6c89676d4baca443424467daee5cba86e1f3aea504e2245d3a-1521016761	66	58	bd67e10c377fabfd4b1c7aa8c7e4b954
243a66069aa1f01fd4d597302b2e7320e8e366e826864a1723fcf5344b40b42a-1521035712	66	40	e96ce66208c6508f5dd0285f912b87ca
2441186ca243107fbb36455f9484ac98d66cfe9f8b7f18005660ba98e7ff8c5c-1520966108	67	60	a3b70aa650ba933bb1ac3df49d702660
2480fa8be536582a74b9db2fc3aee75455d19725bbbd6844fae214a6f810ce39-1520975794	65	35	c6f5bbc421d434d4f464da8116ae693a
24c6959c4db754482bc3ce0e526f0b36ba7f95a834708ec405e3d24010efd446-1520974994	67	58	bd166aa16b0f0339063d96aa92ca3713
24eb3ab6550d77feacc1af766536bc61cf4071f8f4622178f2b1af78fd485dd5-1520978406	67	18	be4820fd810c711fe915152852c88423
24f3f94b976d80e75ad524369387ca23c4af285d59c731dd9d8f67a0c4c267e1-1520988472	61	21	bbdc4ba78c04546ff0b60681b924c97b
24f56adbe96ea6da730381d42c95be8beb450bf2ac32ae6428c0a127117a8d89-1520988473	65	24	917de6cd82308e6e61b02b9c8dfdf6ca
2562c9cceab1b02642b2ad68077421572c89d24440bc91a99e8690d5ad7c04e0-1521025454	63	44	b559b933692633c66cd19cd6712662df
256f091dc949030bb019c6363bd70fa3c26bd22172506e942ac7b8e442c68cb5-1521030061	66	59	e2b8c7d7e646c9eedcf42d855593dd33
258eea0f1e3dd77b9793f789dd328f624ad91ce75a4327bd0a260330d03cc349-1520974677	65	58	0c0e83a6a5a6dbe48dbe3d9584a460f7
25badc8e691fda19bd30bea841262627a4194be3b8d0d8aa5f1fb2cad8004c92-1521035604	67	45	9c6930ab5cfae8cb26fd32ef789fd5bf
269d0992afef953ead3f9f304d5a7cba338f7aea31312e3ce02cc27b7bc0f5f6-1520972895	67	54	b90251297992f8b16387e21e8d5fd7fe
27303e34ece942224032d8218bfb83e5beef3a73981ad86a4bad73c6220efd74-1520975018	67	44	a8efcafdf9756be07ece3a4c240bcf39
27b3ac1478259e4fc514e0038bc615baa52173f5e5132e9e5597fbf1323694a4-1521026482	67	30	f3af161336a95c4524e7b472da7b91a9
28046c14ea3325885ee1e731cd0bcf9f38445df02675836b851cb2ae94c050eb-1521010784	65	58	c63a537090d34f29daadbef221637435
281476dedb2c070f8d9a493dd969e65dea18a07e4056600f74e058c2a7c10924-1521002789	66	46	a8c3be7349305ee6cb7f4032e8759fdd
287e8260d6d21b69d883e30d3a790fa78794668bb8404232fb1caa1ffa214125-1520991993	67	36	da5363942b564704243b3c168c65f79d
29276ee95016600cc968f09e6cddedafd5844c8ea9b36a7d4dbe477d2f100ec6-1521033975	66	50	74b4982a9c6514fdf52f37696142b790
29a2fbd6486c9a6ca57d824773cc3dfbb0057503e0ca60dc3b56032181f9c7d5-1520974434	67	59	ea52ea12859ddb7dbebea85ec33263ff
29eabb81b1a28b10fcabf47100012d1ff4fd383a43a814f220ad01e145142565-1521020212	67	53	b57830026f6cae580af1bf9d06df7d7f
2a0d8af0cb54a2acaf728c78ff0f0b0018b997b117e054ff7d6f1155694b3ed2-1520975544	67	58	ac3b0d920321113ce6220e49ff4c1f15
2a243757281254f0c70934692331e021ddf57cfc831119af76b746380086af45-1521021485	66	40	526dd6d89629fcce30a240fb6a138a45
2a34531c0cacb2dbdc47a6b6b4f6a41fd626436fa5808aff7d86bcb01afe56a7-1521002824	67	26	12d8ffb0f5ee0d16d6210109e92cfd1d
2a51910993f1719ba148263beb3ea53b57020f3948a0c841cda5a149a5f707c3-1521015264	65	61	481369bee2450567288578ee52e44793
2a7dacedd1f708924170ea69085a290cb8e0eb3dbf779848f991c85a08842ae2-1520964371	66	53	ecaf6cb72ffddc9e0fc3445f97499668
2a8c41db24cba1527a65cd180f04eb7f8b7c7ca54923480639decd0ebcc1b77b-1520991994	67	22	cedde0fc4eb05b4ce5ad83e0fbb3e4ef
2a961ee15ee9a173c351c1b396eb190cdc40cada7d51bb605e13e16d85468827-1521004311	60	39	6d4f2b4a84844c3d0b4f295239b7676c
2b02d352bfb1adef2bbf32a7eb0ac9da1d2a7dc91c0b6ec40c49d6eb5e6c5170-1521037265	66	52	5eb3c829a8636a57fd8029e6731589b1
2b0c3bb3da6e749fdaa3c6512392de61aad4ff761291ce3469557c0ae19eb690-1521004169	65	47	c04887588b926ce4ab8c9641e05d6403
2b5fd482afe4b288c71f9cf5758e7b8d9a8925b697c5529086bda21d12686ce1-1521007991	65	36	dfcde22a98da2883ff772d6f9c81aeec
2c29120540eefbae434b3b89a3bbdfe0cf9e316886d537a158f045d955de707a-1520992000	66	21	bb59a786bdfafbfaa418d7ad647d7c72
2ca5cafaa8640bdae3876fdd5e883dddaf894bffcc327dd3dd9577f62535ff51-1520985607	67	56	b00bf697eaa38069e38f668186f764e1
2cbaf5fa3cb255c82b059013e038651d8583ee93c9055004a40865288c47c670-1520967983	67	55	b5a700403ab01d482a88616c9d7a485a
2cc57d8f19e3127de631f0c0cd00c040fe72b499f603b5e1246deedbf8127ab3-1520986150	68	62	99b6ddbb1058d8e839ef56df93d968b0
2ccaa31b1eb6863e740ea37b43912fa0078e43b2d508f555da9f86f9867bc85d-1521017779	65	57	e32a1d2a8d5dc0cbbb8f7abfeafdb983
2d2594762de2aaa5f7daf6bd19f01c7349b3b99e2508fa4cafdbd226a9c4c4cc-1520973168	67	58	70df89d54a9b83b4947589a6c87c6782
2d5ffa35b48d5434c5294343543acd712775dba009ad83716e788789ff9b6508-1520991434	67	60	3e7351a2ca0699b188ac98fcdedf5f20
2d9099bbabdfbdf27ba30b524d40e9f4c7bf813196f6f3372a43f98620386669-1520991997	66	24	e80ce6ec92f61cdf69ea14e1f9767699
2dffe9c98a5e9710c525d0173be6c39763ab808cd2ba4e18cf1700306caf2908-1521037707	64	54	6a614701be96e10f0160de44fc51d7d3
2e338e1c45fd0a4aac1b03f6db51319f653866dbf86bcf51aa1d1c1a573de29c-1521016340	65	60	64cccc47aec9e13a463311f5edd43093
2e84c15c228f7e3231211d0845e028150febb3d75d2c48496b4110093c9406bd-1521017133	67	44	81aa1064fb44fae65e88816061a5bff9
2e9ca7aa98f176d018d67e71dbfae8e43d549411a93fa771ec953377fa2ea012-1521022753	65	28	e6c6e4b8f16c61ea42acbd7583f72353
2efaa68a3934b91ec5d826c7fb74d7261f3999b61a575f704efafd52ca510f83-1521004206	67	54	5a284718590741adae6118edfaa7adb3
2fa393e4e1b664df5fe16ddebf5f349f44d564c146b7171b36cd31871aa2b774-1521008696	62	54	edbc7cb93914d23ce007d2fc8fcc34ec
2ff83221e555b90a2c29aecb43ef560df37ca83b5e6c1c996279164dea42ca4d-1520966145	66	44	2e13026578b1df600a99076956b12aea
30355b05caa88f0e53d3ab9a27ecc587fadda01d14c3cf1c315fa7572d234e86-1520993401	67	22	cafa7a53fd532b6305d158955762c520
30cfb74348d472221f4ac88af6285a7f244c2514864df08092cdb0e468725cea-1521002831	67	22	c8d81407e6c8d630dcb91e90d7b2b6ba
30e956e1e267ce556292a7f481f957b58892e4fd318f87512657ea4759fe1b41-1520976218	67	43	df5e3b66388026e6555d27a6e04054fd
31384546e5da990b0738a67bcb9e4bf18652117cf803776b456071fe6d9ddd2e-1520963601	67	56	e593988469cdcb2d53d4b4450db820c4
313d5d2d114c5c17dd5dd3da1bfa518e7fb628403a396275466c127fc9deba92-1521041838	66	45	6ce62771a33d95c60019b16c4c8d3ed4
31463a794c054199430c33f33ce90677ac033a39cc91f39d9e2c30c2b2c05455-1520976348	67	46	24913f734e2b638081d66b6057b03241
315fe8ce95525d1be82aa4cdc92137506b1e4b9cc1948020e27bf55657b3c41f-1521039057	65	37	9c27f497cbe6683f6718eaf1cf096a2c
31dce49a793cb905e7d590bb58d152a086ed984aa0f76f230b03a80e6d9cdb15-1520992005	66	26	03ec2aa246406a90cc99a551118520f3
321c0ffaeb3334c9086fd31c4c2db1f936d08282f59cd12e2adbe92df54abc84-1521038948	67	43	e8c8f3ed121ea7385fa1fc08fc8526fc
322578ef87c3a10e2c41e6faa2fae6765c3b5977ed0cd1a5279a3a1cd04ea3c7-1521007322	67	58	be0a0c14d4f001d57065adced37de463
3292d7ae05ccb0f85a832080ea41fef8384721c5e207017be2f669577f3c7f14-1520976261	65	57	ee48b842c0a1922b4d463dd26eb6d46a
32f088d54ee6c4fcd3a9f3a6f9ad660ddbdd37efdf9544e35743b625e4cd63bd-1520976443	67	58	6208c7bac8f95f817eb9b7ed3031a7b3
337a9a4f037fbbae181005e0f73fa053833bb6c52c8a0e4fca1f264a4a302913-1520994485	67	62	d0cd195146e6d83d5fcc853ff149ccb4
3381477c5fb10777c3090da225958d7ad9a4673338a6c3d82c71c524e7827de3-1520973204	67	48	5e65f0a85a2242116a2785d1d57a3c61
33b742d34f5d20657c1bcb64961f611597df6017af95c43aba902d939fe985c5-1521004351	67	51	51076707504732d49a15a3e9ac66b2fe
340cf87c5a56799fa9d55bc224e4ad623c4d63c711bcd206f46d8eb31fdd6361-1521004501	53	31	9d639a335c5dde0a476e7e804463ccc0
34c1ad636daddbf0d21e0daa4896640a9e4f5c7f514dd99909244f6f159f2503-1521009444	67	41	374defdc47cdb5da9f425949672a67d3
351a1608a39152747e9d32553a275cc8d83a2b0e68f0d87e6c84f40dac774d25-1521023089	67	44	f112bee8dc6208e6b4431953a49af506
352a22dd1498ce610042e3a9d9bb9163bb5e5045713757f67e040ed86f8354e2-1521019077	67	53	78fdf9a0e8a59a9fe2602cf6543c77c1
3536a2d93ddede5cff762dcdd65b5c535b060aa24538335d6eb8abafffd09d65-1521019057	67	48	46cb9dbe64d21bfd27f77029cf2be129
35a2a38508abd66acebda7fb8b60f591a6be6b6bb7e17c79afeafb438b3b0a8f-1520987577	65	55	f4782f195ae5d15fde1fe508bcccb4e4
35a694fba89f4171aef26f1f65e9d50baf5a85c0da16cf87a9ba7916d15e6cd5-1521039281	67	60	d378f331856e305b9e71aaebaee7cc22
366ca8e4c5caf96fae0ba85d98c9f6a339312f20b828b9b279bc2b33d758c05e-1521036887	65	28	823681c3b8c2dafd4eaeb8044d43688d
36c1f35121d756d2464618256d7a90e8e3a80a3a67f7b8dee9c2e4ea83c68547-1521004439	67	50	0c54af3a5908fb727ba25278dc7c37de
36d46e75ed7a238bdb9f6fb8a17b885a93d1f6ebbd38ec96f5af5e3db20d6090-1520967447	67	55	5df1181cee24471eb0018e9d9b5b8e37
36e81fc10cc035210381fdce32e04b9a1572598766f02e6a3b72d7c41077dde5-1521006745	66	50	105e3c83c875f2a8733fe94afc37d052
37227432efeb1a2aca31070b571b606cc1f4815d2fc306ef9b892530e7cc6f2d-1521026264	67	43	4941032422321c7800a70cf51344a48d
37237aa37edc0780020ce5fdd79a44ff71dd937e27b8eaf2ea391e9eb6b6f55c-1520965270	66	50	b6a47da8c81c720f6825518bfcd1ab15
374c474a94d7b76a6616a7fa959633de9d6d1d19395164a50271188e0c0aaead-1521004238	67	52	24c859d59748fe892ec51e12ff8503c1
375300f56590ec0cd783acca2e2cdadce3222561b13f413cf488ca242b99f9eb-1520963276	67	25	7335847d8594d0d5aa9aa1b4d43ce8d4
375745fb33be81c27a26f239211840b1fc99a084a8af2dbd58ab9b0c68292326-1521004192	53	32	abebd76e8423a6a84d0a28ebedae7e1c
37b313afa9b2957fefc2afd0d22267dd54684b66e392c95ed941ee960d10bff3-1520978442	67	48	b9758071aea7b04598b7961e306785df
387dc8ebe6d8f071e147ce131b03dc3f3d885bf7fb4782b97539ab7a8e5f088d-1521001336	66	51	71953cb05cf78dbf90a0a6844930778e
38e7891e3bf544929e78559646e08eb02f2fe5b3e878f176f1db540ae3deef07-1521004494	67	45	e6b7e0214d81aafaa8e2cebf34508fa6
38fafdfa72b43ffb7ac72f87cd0644ef150dc8283a45b019f27d457753cc3ace-1520972503	67	61	dbfaa85cb0309d1d4d058cd8f9bd75ea
3904f9d1718604154e9f0849167d738119643fe5abdfab287d83e3df73f4464f-1520975316	68	49	dcc8402861e608ccd1ef4c3b008ca5bb
390570f3dc60a43cc24773de2bf919c2820d7583e9d436c96597b84ee98a21e4-1520973142	66	52	d8c90853bb6a355485933fa0f9888701
39bc76491efa249144b0e53945345e5b5f07fae052dc8c9eb0b1ff9ac29cc9eb-1520964362	66	44	813e8cb8cdc03b73dc1c8e4ecb4a6446
39c447d2783f71b78227e73bea065842ddac6a5c87c93b67bf1c25d69fec0f9c-1521024871	65	55	588e99afb627d3c0ed90763f46f31be3
39d259d0442fb7fcde7e3ec0d9dcdc077aec3a5ee2078f6571d94b9b03e3183a-1520972845	67	42	ff7dff984ccbe09f8a1823810ecfd4a6
39ee2e541f993203e68db2687415612deb120c18f649c28353775321d2fd1c34-1521004437	67	49	7ce20ea5f190559f9bd618b89400e42c
39f97108571039d1dc82b223b546218987bac95c5ba7ca625eb9a5ca9a5e59ec-1520977633	65	22	81e574e732232323e4f46fd737eedbc7
3ad638726249070871c44ee4352089b3c07341953d1b9f4ead459f64ce56aba8-1521006247	65	28	c5e3d898c58abda9ff39b61334bb9db9
3adf2d0e995f78af3f4705b2d05d5542392dba8dca8a3089f1f1e83014cf2580-1521012027	67	58	98706c2be70e8201e6a6c61e9ae901e0
3ae7948a75b5a9bf3c39009f91629d1aae506d72356111110e52dbbbd53be1b5-1521014261	67	47	3f5e1034fc3a7476b2885468e76b797d
3b207bbfbea4530e527a4ff6f8080d1ca59b243d7b8c60f7bb1d82b577407097-1520975338	65	53	f25f35ca6c8a19a43d9b5bd44e6af930
3be47a9d49c7bc96345fa7dceee8ee04d54239c732e19b1b2cab6aa6d45524b2-1521004330	67	49	f5aae832ddb2913993e93c96bc6a2932
3c2d83c8fd46b45c11f564c7ca3bf4351e096f53243a6d923639d1c5a05b05d5-1521028321	67	55	e3e65acdd531fd4c0e512cc4f0dc6a69
3c7f99833e8756d46929f19d8457ecad3031a0d11e2615a598f1bbde85644e18-1521033300	61	38	f3fc29b374cbc5e453511633a8c6dfe5
3d00c1af9d5ee474981d8fd65a5e675ea73c68d10db3100c7ffbbde390a5993a-1521029471	66	51	3d064037c8807b73c68785a963438826
3d6d18246b62fe191af09b6c22af346a321181512106e255c631919c5fd67a6c-1520990683	55	49	d2dd0f478464c31bb4f742494e04abd6
3d8ed44fb1cea4fb03872b095529fcc484f95041e2503b31ef6ba64b2094e4d1-1521004327	66	52	9f5ae4bbc76e8324726a8b7c82d12b6b
3dd7f5fe182c3207fe78f2322478a76dcae04202371b602a8277fa7fba835412-1520962647	66	54	c39d980781dd76414b8d1a692bf3d9b1
3e749898a706436aeff1204fa365b22e84796a2c280a182c6c95841088a225a2-1521012471	66	58	f29bdac92fc1a0997cd2366a4ac1f6cc
3ea0381e49ddd655bade772ffa75fd436714acacd81e9e654cdaeda195ee12fe-1520974492	66	33	51fd656fd3423f952b1f05471448e72d
3eb2d1ecd3e6492fd8249510fbd2ee82aa54006b46b0f336fa636535c70ce686-1521019296	67	47	7de87a9e83f002c10977802d0dca19ba
3f16e47beb90f7e5021696f967d99ae8c8ede9a97cdc654a8fe491a803cb338e-1521002851	67	23	50b9afd7408b97fdd91cddbe9f276643
3f45343f2b6feb37b8e5e5a5371653064e0bdf14b11c55490ef2132c0caeb73a-1520973971	66	38	2748684ebe9b823b9609e4b4e99fb9fa
3f7f1947af7b771b271bcacaf86561a8e84921ac2c72afa2f288a5ebbb3d424c-1520979127	67	50	43afa4c61f9a51cd21ecf47262a75c72
3fc5b93b6e1ca724d7729ba23ca27f86d36bdd036641d435685b3e7894e28a44-1521004464	63	40	253c6c9598498931c52ef49a02610e19
3ff1cb5a446a486a6139c4131145d3e82e5a9bf8569497dd342b1d950cd7d24e-1521004467	64	52	8efed66c3b7f4ffa790d0b2dd4db527f
40fe74d3a1116ed8ca64c62feb694327a414059eeaef62c28bc5917e2e991b3d-1520968272	65	48	461ed9a62b59cf0436ab6cee3c60fe85
419b0c4781df3e1ef2d3003a6aceda77c84b10f853c25b6297ab9d06ca3cb657-1520971200	67	55	5416baf1c059c4ff34cf40f4205b33d6
419cc33daca8cd5e09f5539ae882452c384ca9daa988bc2b00dd46b50744dbe8-1520976337	67	61	edf5da738b492355f54d001aa51fe8f8
41f106c2693121ed5acd38010da1f71c72420bfaafe36376a91c1aefbb3a370e-1521016628	67	58	b47d0270803b6ba91783292b7fffca22
426bd9e480ff75f87d06446565cba5cac8a40921600d9d9a25240438cd14a554-1521037763	67	51	f28dc430db6e432251ad8e676b585d76
428d9214c97d03f577011a6e81124c7545d779c7d50a1b95c20b95379d93015b-1520970907	68	55	a0be079a5c5de737a6b343d5e36e6563
4297b004212bc44fa97766d19e5ee40d4810728cf0848aec9e4e145467e3c066-1521002857	67	21	afd89f2156faf1fa407b261d52166834
42bc2a19005cea3260ce8ca9910717121c36153480aa18617e7b027f2ebee4ce-1520968196	66	52	b3c05da88ff684b3a621c3991f9c85e9
42fc51d1c105d5d95a17b78b07a6de7cef07e390d1fddabeb247a8eb1c0bc8af-1521001750	67	61	632fa9da298709a785481771b8313fff
4314cfd5e25efe5e0b6da28b243f17ecad149bbcc93d79bd7c3e0f020646f62a-1521004483	49	26	df16afc3de4a97c07a71cb281694312e
43759fb8ecb4003787c8cc142e3116a7a35262e64493f6ac8a855622d578c170-1521039481	66	59	50a498a404cfa69ee1deba6139eb51f3
43cd2c8708f1e2f04bcfd4c333ac7b0d81cedfbd25dbd3a1c8772f8cfc3f28f5-1520972718	67	55	ba8e105453a27896ecade8234174725c
43cdc72972d9b9cc165c63b17c34d8cfdd1ab090739c362434a4b972bdddda67-1521038651	67	56	eed189949076a188a57c87b068648ccb
443031d7e6128a43e7f5079b4a87bf5756d78cf980d7e08c22e87f6d12c69d66-1520964031	67	48	ff5e67d3d4239c3a784b75c1c996a0db
446e5a41f0b2904ae0d8a0833f0f17ce0a9fefc535f481a39d0bd1731683eade-1520975626	65	44	30cc30d640ddb928e9eb1fe6d2d1155f
44a6bdc1d9a947a0e8b00d22da769fa2068aeff91a631b5bac01de556a55735f-1520993957	67	37	af423724dc27829305dfee093744943a
44a7f0c7042b2d2550fab12eeb177f3b0e387d1ea41af9dae7a390ab54ac6eeb-1520965379	66	53	becd26db62864ac38fe8ace266165f5a
44c9d90687a0f2af1e04d5874c9d03188f427f683864d591a387a7817d698ba8-1521002861	67	24	52dad8dd0116b4136ee4cad48d6a4dee
44ddf242405593ee4308e817cdb0431c3ae8ecac7741c8cb48334dbf226f8b82-1520974517	66	62	0679c3bd2efc1015a351f2f0c38a36e3
45716605237b48848e248b58f87e059a93b8199759a4a4a836ab2095872cdc74-1521037162	66	42	5c7321448dd6103355e1d209c8a70a29
45ab4851d91534c3557749116c9f5ecb58441841204069a1ed41dd2e32583785-1520967670	67	59	a0cc7e9195748041f542f07f6b7bbc73
462147e67887bd553c9ff2269fc41cf1db63a17d5f2d116d2bc5a6ad6a2eb8a9-1520972414	66	40	413af21f7c0033ca632362acc337e2da
464a037f3bb57f4d9d182dde576d186c6ef8242c84beb65224d659ce51518f2d-1521002296	67	52	68fe8ffa9290ad67055503396fb4feb6
46696088855d9a9d5a666953e43680001fcf91c53ece07d39003418c34a3ac9e-1520976847	64	42	4a35a2f256ee343ac9b58062f36a1140
46707cb77defc95a6bdae95108ec98da8063b01726e34f9e2111c69e6862a0bb-1521004336	67	53	f6bbb7a78c72089a237281e12b364b52
472cd5769e9dde2fe51bda7b1dfad1825b806157dad50485027e781cad344a08-1520992754	68	63	921229e0f11775f6054265486f2e71c9
47bbcd7bbb9399d53564296be6ed347b7de6f47ab3b90beaba3fe0651db3f5c2-1521027684	67	42	ce5c4ccd48fdd8ff1e5edfb5eae54c3e
480eece6982290ef5c4d8a6b19c3ef795e74648afaa60145c42a08e8abb1a811-1520964806	66	44	e5197d64dc9772b872e37f10b6e43a06
48b146259d7a7ff3b59a75968beb39440516f3cc18fbfb189fb672b61b79b0d6-1520978475	67	52	fa4c288c3f3469982d0b95cf4dd54a9b
48d8dc524756e58a86f591f5a6b21732c1a1748f85b53b48ac91c5e46c2fcdeb-1520979355	66	41	97f96448a8d9fa18946e0e4ff88f42e8
48e60f9d8cab6c0dd82ef4f3a8ce18165066a5e6937a58987c3bfafa1045d37b-1521003128	63	48	b26af5aa63c0d1134f29413fa940aed3
490b3f3ef3895d4a7341fc5e7643791f35bd46782abfcf9b86416eb9f7942d8e-1521004698	67	52	af77e678ca54830a92a9c2938f12c359
49742ee7d1f5d444e091984b6c80002351da3183706dbf092462639a1328c63d-1521021316	66	49	7bf783af8ec39914f102e0cc83b34403
4a11e7c8b91c42cc6fe6afb2fd5bb9522a3a2e512320f3128d48e696f6eac729-1521004542	68	55	0597b82d23f47f8c9f3d2e5416113fbe
4a59b40da06a52404dc0c6dc67c51230da6cf0e32a5787003b14bf918252981c-1521016334	67	60	d6fc1208cb9f49b627ce29853ff11270
4a7fce8af2a232671d0ae76928173fa458548bcd6636ce357e98d2a6e9f01372-1521033123	66	59	7294559e8252d584c072d4f05c40b770
4ab405ea1768525998cbe3ddcdfd50a627460095ad490f218db12aeac182c277-1520968394	66	47	8f54a0438adf3c1f2d4153c24d2ea6d6
4ac407a77ed7f875712145e596d83b39a3c5d8c8109ba04e8128a7a4736b2b15-1521025978	65	57	9028d298af2640ec73585692144f1b42
4aca71f15647a70cef0794a63771f59cdd2a5ad104fae0a7215ecc0a9b7b4d3e-1521042423	66	17	fdbdd6939ccbebcc178af85f1bca6346
4b6d877a49cdfbc59bcba6a8b3fe1879bbb680facdfbb9e2c0abd73f5a970146-1521011190	67	43	999897cbacf43444237bc5a5f9efc823
4bbdd599bf963ff35ea117cf5a5ad6e20f15806564eca5476bfb146c8d7b890f-1521004319	67	51	cf8b1b76e2afaa0cd5d45a6246a08f8f
4bf464a661665586d3a02d88d4d5ad36853aae1c44a329b0575312e58d4eda21-1521004370	67	51	6602e1b6e6c7d396dcb7743b2c113cbf
4bf4b21f448f25e7a5ec179499039b341887d3fdc27e09105f8040d17013805d-1520973993	67	36	bf5f4ebb8dc7d261ef5e8a05c508e239
4c0adf54363741e4bc32ee2e289577d1cccb1821d318be3acacd1cdbe68a5c26-1520975014	67	59	45ba11cce3e4727b4877a859c209c197
4c1597806f8ef7572139fdf5548bd55a141394e42f437c6ecd364a25b7adca88-1520973998	67	61	ef527c9dab75735576d50a9ab0321d8a
4c16f98a12859870c806dde66505d4857d7d962054d9376c26b680d9824cdf2b-1521009338	64	49	450d0347639c24bce1d22c5e7881cb9c
4c25d1602deed0c13b6ba2c20d7b65b012dd06c89efea83511202b766131e9e4-1520966710	67	33	329eb3d444fdf057f06b0f525e6c4063
4c4132cbd97060a0669f81dd6001bef5e3f67512ba102f83328477f803b3223c-1521004345	67	49	3072b864540b53a39f979329dd63c524
4c5de77ae78912ef116598c7a7850cc7764588d86823524a56cfd1f72f8a96d9-1520975553	60	39	5c82009636b0ca498a7707c55363155e
4c653db06f0b94fbdb814cfd34c56a4286d00017110f52984670085e6fe9ade2-1521002870	65	39	c2e2ac40e3e19e645e52ceac9fb3bf49
4cbb305a87f8e4d9e15efa17a09ab540ad9cf2792cbc0985ab1f55f4f0ce280b-1520992612	66	57	5d20f4655faf795bcc6fa8f9599892a8
4ce7eff3b5534f6879bee7c66e03f2f4f97d2ab7e296f94e701623eac9fab89e-1521004294	67	48	4f7cc501483bb2c2a9d7d2594b1559ce
4cf02ee16b9f84406b397306006878cf854d87c4538d3569b1b09fdbe643a716-1520987644	67	47	5da975f435c1469a57c5c1b0d05381fa
4d23d91ba9da652b6011889e76f7ebaefb381a897474acdf2272a26cf77170f6-1521005647	67	46	d26ab604bccedd959bea6b550c630a63
4d8b3b1c8a7daaf7103338c334531c1898867e4fcc9559c772cd6dc270a290d1-1521020169	67	53	e4807868d3a654ede9136e3d7853874c
4dd76b163aa801f1c24106a392b713cf2d6a32eaa1b6ead26c0923ec7b6396c8-1520992071	66	48	f175139a962da46c1a7c35c08d2617d6
4de4e447729e5caa18513c6373ebf5ffdbb9f31ce846da804d5832fa98b87ef3-1521030251	66	52	dfb0fd1bd218e8e5c731b910155a7346
4e48fec01917b0dcb1803b0d2c0d45ceaefb97c7bb151aae554668e97c6a0573-1521017216	53	33	81d70034e3964cdc0038182b10490888
4e5d441062b69e725a39ea9aa752a05af46e9984cad33069fb4bddf87bc4cbe5-1520999145	67	21	dfadbe9f7532ea36f16a5ec40d7f3c16
4ebbe9c6fdf5b7b3981c4455f3c88872e2bee1a9451aaa621e0d8edd8e848ff8-1521024916	65	52	e517da7d95ca953a8526bc19f07ba159
4efbc46de9741f5e92270487973c9174fb9ddbfe1958d8ac86246044072911f3-1520979098	67	46	4c376738505255d0de3eb5b0cf6fc23e
4f564472658ae9fb1e9c3d337d22eaba8785cea9dea758cbba04c46af2edd935-1520987122	66	44	8cd4f9da0fe60d80d5c3582034700d36
4f9ec7fa5bfb5a742b50a223d93830fd298d8d2713798f0b303e808e5c4e0a88-1521004189	66	45	203e3c4916f65945010011d25d1f47d3
4fa779c5bf1c10838ccd24d64f4e7a2f2348f4c2943837704c9586468f0f447d-1521004271	67	53	a82a43f46b3c539a19126ba682362d1e
5029606fe5d13c0b5c2ff1bd73a9bbab96058d65508448b76c1d33d8e380081d-1520966525	66	29	fd40fa13cb1349a2e14daee745c1f594
50638ac7a0eb6edb403c0b6a3d01b82aa433d0f5ba7f07e4c092ec84945df726-1520964072	67	54	ecf4a1d646205e916e0b2c59c42097fc
515f34faa94fb83c235d12a2d5ca72a738d52339c44e15b9b1d4c12d2691153a-1521017775	67	34	807a24237a93dd8061512a7aae2caa5d
516bac9f22d0c2483bdd085560070a2db373a133bd180f10d9d9e87cb10d01f0-1520974704	64	55	6c8e4418425aedd090145a378647f816
51b180e0be45e1502ef54a7d491d84145c76ebeae9d18ece3e833c22105d006c-1521004573	62	45	0a2d6a60bd298b2fcc04a618095a6a97
51ddeff7598330ca7c2a816a6ee6123ef323a7322fefd14fe69d2f514e88a047-1520970048	65	55	aebb40ad1ccf08d0a1c1fb3e67a81e49
521aa772993cad10abaaa68b326456000d48eeb16853d4e195e3e9a5000f908f-1520998211	67	61	24751890c0f8ec4516e9f0ee9b8af6d2
52a3a855fcd23112aa2fcd1d5ed235a93cc480c5d7309c598ddd0466362a831d-1521010596	67	59	0e2393207a89bf6bd9bee8cbe1ddab5f
52cff8e1f0fcb271fdbde861b23ddef0220cb240950d5959eb802b53a9a186d2-1520978966	67	41	a3ee324462ffe38b4e8776c4eda35188
52e983e9c82e4b8700d02062762e4c46dd4577648c7817ce340736456282d15d-1520998231	64	58	36ea6f44f742af83397668b4074c0b56
535256a4dc05e44a845bf7521d7cd797b3af0f4396e704e0aa5617b856030bb2-1521004314	67	51	a9fbe1ad3259c0e39807a897e035b4cc
5374acee06666a08f0877d5f4881946f836835152904eab47193e3fd0c6efa2b-1520974902	67	59	532d7c5017ccd63114df861e6412b364
53bd55c57c7e71a217152aafccc0df79f9dc715686a3ba490720d37526c59252-1520973997	67	35	faef7072005ebb5466ef1dc1ba9c125c
5401a2ea8b0cb4665a25c4b7cb9719e8fa9fa6c64fd9adcdbb1ed8297dc107fe-1520988317	65	47	5f809caf59dc5b9107db3cf0e333a433
54282ac066964a6d039c2a15d29756227cf58115054cec5ec2a9c3cb14c8c236-1520966560	67	51	a189d2bc9013832a442e00b6cd4db7bf
543192101c3b9d95d33252cfa71338704b7dba2a0329e33d8d8ca37ac67677b9-1520984374	67	60	cb6debafb215ab7681689cb86d73e036
54507d82572c1d133ef76ac45bef6cc3d6324a3cbe0b4c78ac4bfb6949e81b11-1521035186	67	52	6fa027b671c8c6cdca6964a0c81b779d
546c884d0d56f74e9213e38062128fc0084419e0a5e7a48dd996786a275f4777-1521038084	67	21	d78d581aa90b5bfe9174057003f3ab47
54bf9eb1a89bb1579800ca524e34a1c5411458e0fce86b166521e50a6fe0c652-1520999774	67	49	a08d8b4101519dc1fda3b19687f794c5
5515975f9328ef625344361ce42ed66a4a6cc0984944abd2f802108dc63eca7d-1520983985	65	57	ce6741a0ba7159377f1c4e364ea280d5
555f2ad39cda8eb9f43e4178c7290bac3265e7ae0846ed07ed3b1fa7ab7cda44-1521039524	67	44	d6067fc20665ee8a2a4fe48680da8a92
5568130a0e67efe85d78924a0233be61964dcd6e13203d08df58c3f45da9e8dc-1520963257	67	52	e78fb8c1fe03a2e794f629a69cbb9fb4
5570f42c24968357978634048509b26fe3ee2b597b54c70d4dcd5caaf3018392-1521012943	67	32	8384353a1867254ad5517984f7781f2b
557b8a1aee5d7117fbe2347af027e775b839c723cb87dfd3dc813b67409335b2-1520975028	64	56	0312a1cdbf0d9250db06ec75a5917268
55c117944b1e4d68b0c3a8cf9d58e6742ced34c23a52bfa98857047525cbc3f6-1520975698	66	58	af1f034f22690096b5cfa55676f69368
55c6998c880abfa68b02cb249f76df027a882a204f7cced498782f8c49840e29-1520987871	67	42	2c7eb50850ecee3390a0ebe411cc54c3
55da1f1eb87ada7ea65fd8bac387e42a9670d02cc78f3ccd9274833ff3d5e4e2-1520987134	65	47	32137db58509d26fbe616e6e50f6b336
55dfc8751887dea9da27633fb0ffa50f5b548af1c41e53f963065b70b3387d8d-1520988536	66	25	e3c989ac2adf3ad111a6c87ef3ed0bf1
56aaa48017e350038fb913812781a3d12aba79fe00c3af765b3a745327416d29-1520964005	67	53	ff3fbd71dbc40995511d26b9ca1ccf95
56b9fe307fbd61884877dc1f5ab50a64dcb754f9edcab196a3a1437de9fca64b-1521036629	65	17	880212f8e5f0c926487be2e3d7e59c58
572b45e5cd75853e920f34ad3a26306060a4280b6bf7439d50dc92b15f047fd0-1520969187	67	60	c01e90a893f161ae230ddae983ae159c
5796344bedeee43ab662bd358e38c887603b53694d6b42c46c38e840395f4f5d-1521004467	67	55	0898ae6d282150161455b7ea5eefbb5f
57972cc496050f1696558fb096772c0f082db3ff75e4ed2ace43a4ea7ce88cce-1520968641	66	40	3e20d05a64da0a45b5d44854d7bde875
579e266bc379dd7ea1603393fbb7dd355cf91fbf0eb6f1f91411b52c612d8271-1521013634	66	26	34496e26c8d80876d19ef50ab5d0f699
5819335b7c45ce402aeaeb715e5c182bdb346d28aaca7058000c5cab7a9f36c3-1521008959	66	27	6774b7f23af07dda368b705aea069b10
58c0e97b3e2d08ac6290417a123095d54db1e43bbd2b31882456686729f1783b-1521004338	67	50	008f31db08c42e5306d060f9e7171ee7
58d87c3168d15b2a420fa26bb022300c9a11889eda5d2c0c004f421ef2b03569-1521004307	67	47	6b7d1f024fd8a98c933a2c5d7c644285
59214b2c26840979204aa54e27e07ea150909bc3d57c1fdb4da7bde05dc36b29-1520975470	66	47	34eb209615c71a389df132f9ba9ff02b
5a33016ec267f1c55fa2aee629d4a1a3ca82e5cacf3cc6de59ba148caee1b6c7-1520973052	68	55	d92db3371150d0801d1814523e5115bc
5a514f6bf3945fb3da07a86bd555d279839f0c128dc9df1c528bacdfb4acb224-1521002891	67	21	d08bae3942fa1e7d96aeca71f4cb0ee9
5a615d9fcce2bebbfba0ab5a270efb704fc9e34d7f492bb714e3d8dfe7333903-1521034920	64	45	1238f2fcb835dcfe46ea08a707dba7d2
5a861c0573f0056868bd0762647eeb02549a595f3514e0b71d0df658d9f8f390-1520974580	66	58	7261fb10d518402e31cd63ad15b38825
5a8e937109f320e949a2f2a1b0ef52fb2f2c73c99f22453a3d82b4964bea9863-1521016084	65	58	e11f0c0857338c9382a027953a8b85f9
5ab9b751e7a8c911ffa3891164002ae451aeb3d7eefab663d2cf35dccfd5eb68-1521032749	66	38	6169ae69bbcdb7a6576939604ba86bf1
5ad5a8830b97a7368d5176429e87cfac657ed7598cee9917be8f464232d6fd13-1520973514	67	54	eff35a0874ec4bbee6c3d0dc85a48feb
5aeea56a089207e42ee7f7e0fb49c6a930aa9be741b9b55e9d9bff13bfbcb85b-1520964017	67	53	c2fb70d3cfd7b6ae70a05108dd032e64
5b02d97e6a58604ad0a6bc5cd142ba0491c633c85e191b8353b20e70dcd5d911-1521024605	67	59	79a567e4aadcc99c02463da1d35b99f3
5b6dc5775fc811af3a8ca9901b351f400873b9d601d2efac2a80eb1e4b15366c-1521014623	67	31	161a56741faeab572b3fc3b573ddb068
5b738d2fb1ffa643a8285005a6f477a3e74f70003b7b6f19156a30164ed8813c-1521018911	67	47	a1a4c51140a8ba56651c8b915f1cd620
