subsystem	subsystem_version	machine_type	time_stamp	code_size	initialized_data_size	unitialized_data_size	os_version	magic	pe_entry_point	md5
Windows GUI	4.0	Intel 386 or later, and compatibles	2017:02:01 12:28:18+01:00	118784	487424	0	4.0	PE32 executable for MS Windows (GUI) Intel 80386 32-bit	87711	37012488e2939941b1a49ab4016f8f4e
Windows GUI	4.0	Intel 386 or later, and compatibles	2017:02:23 16:23:42+01:00	73728	512000	0	4.0	PE32 executable for MS Windows (GUI) Intel 80386 32-bit	43110	6782e011f4249ef28c5f4a6b4de34bf6
Windows GUI	5.1	Intel 386 or later, and compatibles	2004:06:09 06:38:05+01:00	38400	18432	0	5.1	PE32 executable for MS Windows (GUI) Intel 80386 32-bit	35534	b60e1c4f43c9af0b948a904632d143c7
Windows GUI	5.1	Intel 386 or later, and compatibles	2016:10:26 23:27:26+01:00	510464	9728	0	5.1	PE32 executable for MS Windows (GUI) Intel 80386 32-bit	4608	ffe9751d0ee1a747ddd63be5ad7453ee
Windows GUI	4.0	Intel 386 or later, and compatibles	2010:11:20 10:05:05+01:00	28672	3481600	0	4.0	PE32 executable for MS Windows (GUI) Intel 80386 32-bit	30650	9476e043b9718dc47162b946936187a2
Windows GUI	5.1	Intel 386 or later, and compatibles	2015:07:21 07:04:35+01:00	322048	5355008	0	5.1	PE32 executable for MS Windows (GUI) Intel 80386 32-bit	4664	6bf0ff4a811ec6ab9ba4d119d3e50a33
Windows GUI	6.0	Intel 386 or later, and compatibles	2017:12:30 20:20:35+01:00	796672	5120	0	4.0	PE32 executable for MS Windows (GUI) Intel 80386 Mono/.Net assembly	804418	839ee124331cd8c61c6ec6ea74a4427c
Windows GUI	5.0	Intel 386 or later, and compatibles	2018:01:11 00:07:49+01:00	267776	20992	0	3.0	PE32 executable for MS Windows (GUI) Intel 80386 32-bit	5984	7a3d4edf09c10c561b088e6d7bce154c
Windows GUI	4.0	Intel 386 or later, and compatibles	2010:11:20 10:05:05+01:00	28672	3481600	0	4.0	PE32 executable for MS Windows (GUI) Intel 80386 32-bit	30650	a32ed9479aff0c508c119b3bb3f716a5
Windows GUI	5.0	Intel 386 or later, and compatibles	2018:03:05 01:40:21+01:00	29696	287232	0	5.0	PE32 executable for MS Windows (GUI) Intel 80386 32-bit	8661	754bea1ef38d03ced4e00766def6a03e
Windows GUI	4.0	Intel 386 or later, and compatibles	2013:07:07 18:47:24+01:00	4096	259584	0	4.0	PE32 executable for MS Windows (GUI) Intel 80386 32-bit	229760	4684354f1decd0d2a38cc1571b78f99d
Windows GUI	4.0	Intel 386 or later, and compatibles	2010:11:20 10:03:08+01:00	36864	3682304	0	4.0	PE32 executable for MS Windows (GUI) Intel 80386 32-bit	39446	5050f47a2b1e4bd157b3d903dec9dd1d
Windows GUI	5.1	Intel 386 or later, and compatibles	2015:07:21 07:04:35+01:00	322048	5355008	0	5.1	PE32 executable for MS Windows (GUI) Intel 80386 32-bit	4664	c8304309db39bbbebe5e49401096a628
Windows GUI	5.1	Intel 386 or later, and compatibles	2018:02:09 07:58:38+01:00	77824	191488	0	5.1	PE32 executable for MS Windows (GUI) Intel 80386 32-bit	13927	f0b804ef75b9447687ed5d6c73c6de29
Windows GUI	4.0	Intel 386 or later, and compatibles	2010:11:20 10:03:08+01:00	36864	3682304	0	4.0	PE32 executable for MS Windows (GUI) Intel 80386 32-bit	39446	2d4bd371fd8d31456922a42ed52e206d
Windows GUI	5.1	Intel 386 or later, and compatibles	2017:02:13 11:42:26+01:00	481280	239616	0	5.1	PE32 executable for MS Windows (GUI) Intel 80386 32-bit	269728	fcc73a6ad47697c4a7fa630fb7978f5d
Windows GUI	5.0	Intel 386 or later, and compatibles	2013:10:18 10:26:29+01:00	176640	107008	0	5.0	PE32 executable for MS Windows (GUI) Intel 80386 32-bit	104710	3b9aad78fe5d1495f45bbce0995e865c
Windows GUI	5.1	Intel 386 or later, and compatibles	2013:06:18 22:01:49+01:00	194560	3935744	0	5.1	PE32 executable for MS Windows (GUI) Intel 80386 32-bit	50212	c976e6a5f7055e02215a4ac343b71f9f
Windows GUI	5.0	Intel 386 or later, and compatibles	2013:03:11 20:09:18+01:00	23040	187392	0	5.0	PE32 executable for MS Windows (GUI) Intel 80386 32-bit	6224	f1df22cb3389d8217098398304740266
Windows GUI	4.0	Intel 386 or later, and compatibles	2016:11:12 15:39:41+01:00	226304	12800	0	4.0	PE32 executable for MS Windows (GUI) Intel 80386 32-bit Mono/.Net assembly	234126	bdfacd23f0dd140a0f95c673afbce117
Windows GUI	4.0	Intel 386 or later, and compatibles	2010:11:20 10:03:08+01:00	36864	3682304	0	4.0	PE32 executable for MS Windows (GUI) Intel 80386 32-bit	39446	c2ad06ea7b80d64fa5a175371f7d0927
Windows GUI	6.0	Intel 386 or later, and compatibles	2018:03:14 04:48:07+01:00	0	64000	0	6.0	PE32 executable for MS Windows (GUI) Intel 80386 32-bit	12317	ba0683a710fda946ca2f2f78719c73cc
Windows GUI	4.0	Intel 386 or later, and compatibles	2010:11:20 10:03:08+01:00	36864	3682304	0	4.0	PE32 executable for MS Windows (GUI) Intel 80386 32-bit	39446	95159da015314146639bab4e78396f9d
Windows GUI	4.0	Intel 386 or later, and compatibles	2010:11:20 10:05:05+01:00	28672	3481600	0	4.0	PE32 executable for MS Windows (GUI) Intel 80386 32-bit	30650	f7dc2a8472b5d9c8b933618e385f67eb
Windows GUI	4.0	Intel 386 or later, and compatibles	2012:09:04 11:36:26+01:00	389120	4096	1417216	4.0	PE32 executable for MS Windows (GUI) Intel 80386 32-bit	1808960	e6d87c11b4306356a1a8f0af80853880
Windows GUI	4.0	Intel 386 or later, and compatibles	2010:11:20 10:03:08+01:00	36864	2228224	0	4.0	PE32 executable for MS Windows (GUI) Intel 80386 32-bit	39446	e0276f997ffb064cb131baeab95dc1cd
Windows GUI	5.1	Intel 386 or later, and compatibles	2015:07:21 07:04:35+01:00	322048	5355008	0	5.1	PE32 executable for MS Windows (GUI) Intel 80386 32-bit	4664	4240675d5b41ae1ee46c4d88fbf4378c
Windows GUI	5.1	Intel 386 or later, and compatibles	2018:02:09 07:58:38+01:00	77824	191488	0	5.1	PE32 executable for MS Windows (GUI) Intel 80386 32-bit	13927	822e9a3f3bfe9b16790f537d7a0e1ea9
Windows GUI	4.0	Intel 386 or later, and compatibles	2017:02:13 19:45:08+01:00	176128	442368	0	4.0	PE32 executable for MS Windows (GUI) Intel 80386 32-bit	67088	b6b4d9166a56f602e83359f7dc20fe35
Windows GUI	5.1	Intel 386 or later, and compatibles	2016:10:26 23:27:26+01:00	512000	7168	0	5.1	PE32 executable for MS Windows (GUI) Intel 80386 32-bit	4667	76af0f5241f8b0f2c9721fd3229ac087
Windows GUI	5.1	Intel 386 or later, and compatibles	2016:10:26 22:27:26+00:00	512000	9216	0	5.1	PE32 executable for MS Windows (GUI) Intel 80386 32-bit	4608	26a1002e4e4da9fcfa33a69b283ce131
Windows GUI	4.0	Intel 386 or later, and compatibles	2018:03:11 14:29:24+01:00	737280	340808	0	4.0	PE32 executable for MS Windows (GUI) Intel 80386 32-bit	4096	d51a6450a01afb49b9dbdef2f60f6736
Windows GUI	5.1	Intel 386 or later, and compatibles	2016:04:15 19:07:10+01:00	6656	513536	0	5.1	PE32 executable for MS Windows (GUI) Intel 80386 32-bit	5120	12381e721200121ffde587cf12336039
Windows GUI	4.0	Intel 386 or later, and compatibles	2010:11:20 10:03:08+01:00	36864	3682304	0	4.0	PE32 executable for MS Windows (GUI) Intel 80386 32-bit	39446	980ff638af12294e9f94c0a05b826882
Windows GUI	5.0	Intel 386 or later, and compatibles	2016:03:24 10:58:07+01:00	326656	557056	0	5.0	PE32 executable for MS Windows (GUI) Intel 80386 32-bit	143760	38f15273a6b44372e87324991e10e5f9
Windows GUI	5.0	Intel 386 or later, and compatibles	2011:01:12 10:32:57+01:00	5120	258048	0	4.0	PE32 executable for MS Windows (GUI) Intel 80386 32-bit	8718	860cc9632522797d54ec92fe6df8c545
Windows GUI	4.0	Intel 386 or later, and compatibles	2010:11:20 10:03:08+01:00	36864	2228224	0	4.0	PE32 executable for MS Windows (GUI) Intel 80386 32-bit	39446	8903c3cd3e234def3ab3d18d5ed139d3
Windows GUI	4.0	Intel 386 or later, and compatibles	2014:03:25 10:43:35+01:00	50688	93696	0	4.0	PE32 executable for MS Windows (GUI) Intel 80386 32-bit	24245	9c6b2834feb39ad7cd1820ea90895f96
Windows GUI	4.0	Intel 386 or later, and compatibles	2010:11:20 10:03:08+01:00	36864	3682304	0	4.0	PE32 executable for MS Windows (GUI) Intel 80386 32-bit	39446	6edda5a4379f01eb9fdb87fcd75d234a
Windows GUI	5.0	Intel 386 or later, and compatibles	2018:03:07 18:22:44+01:00	6144	120832	0	5.0	PE32 executable for MS Windows (GUI) Intel 80386 32-bit	6288	fc648e44804f333c45df0f55f9f73f2c
Windows GUI	5.1	Intel 386 or later, and compatibles	2018:03:13 12:02:06+01:00	63488	668672	0	5.1	PE32 executable for MS Windows (GUI) Intel 80386 32-bit	19037	5342e5272bd7cda790ecf9eab9f16df2
Windows GUI	4.0	Intel 386 or later, and compatibles	2010:11:20 10:05:05+01:00	28672	3481600	0	4.0	PE32 executable for MS Windows (GUI) Intel 80386 32-bit	30650	af1a704a60a50e297d3817f43b79d6d3
Windows GUI	5.1	Intel 386 or later, and compatibles	2016:04:15 19:07:10+01:00	510464	8704	0	5.1	PE32 executable for MS Windows (GUI) Intel 80386 32-bit	4608	13250a10d2a921c60a97e0455c774692
Windows GUI	4.0	Intel 386 or later, and compatibles	2010:11:20 10:03:08+01:00	36864	3682304	0	4.0	PE32 executable for MS Windows (GUI) Intel 80386 32-bit	39446	1e028f0209a3b0e6c09c3417fa7b0581
Windows GUI	5.0	Intel 386 or later, and compatibles	2018:03:10 04:58:47+01:00	257024	61952	0	5.0	PE32 executable for MS Windows (GUI) Intel 80386 32-bit	4608	11f725b419e33e84186772d5c9879ea8
Windows GUI	5.0	Intel 386 or later, and compatibles	2018:03:12 04:09:42+01:00	29696	272384	0	5.0	PE32 executable for MS Windows (GUI) Intel 80386 32-bit	8669	cae4211159d7b2e3fe6a55c520572f47
Windows GUI	5.1	Intel 386 or later, and compatibles	2018:02:09 07:58:38+01:00	77824	191488	0	5.1	PE32 executable for MS Windows (GUI) Intel 80386 32-bit	13927	a67c311c9ba07fd816d61694dadad4d7
Windows GUI	5.0	Intel 386 or later, and compatibles	2018:03:06 23:04:00+01:00	29696	345600	0	5.0	PE32 executable for MS Windows (GUI) Intel 80386 32-bit	8659	4c571997283fa5a16c756e8ac7968ab8
Windows GUI	5.1	Intel 386 or later, and compatibles	2018:02:09 11:56:30+01:00	77824	191488	0	5.1	PE32 executable for MS Windows (GUI) Intel 80386 32-bit	13869	d892f9e0e84c0a724dfa6eab7a4fd3ea
Windows GUI	5.0	Intel 386 or later, and compatibles	2012:01:17 22:32:15+01:00	45056	375296	0	5.0	PE32 executable for MS Windows (GUI) Intel 80386 32-bit	17787	0b67526f9715f84fa70b54a93570c2ac
Windows GUI	5.1	Intel 386 or later, and compatibles	2017:06:02 12:07:16+01:00	198144	652800	0	5.1	PE32 executable for MS Windows (GUI) Intel 80386 32-bit	92052	ed24baca310ab0018d5b068f846ede18
Windows GUI	4.0	Intel 386 or later, and compatibles	2018:03:14 07:40:11+01:00	724992	69420	0	4.0	PE32 executable for MS Windows (GUI) Intel 80386 32-bit	4096	1f6f039bae1ba1e2e0808ec5ed431d7c
Windows GUI	6.0	Intel 386 or later, and compatibles	2018:03:14 04:53:15+01:00	0	63488	0	6.0	PE32 executable for MS Windows (GUI) Intel 80386 32-bit	12213	c49a8c8f6c43f2f3175fef9dbe6aecf1
Windows GUI	5.0	Intel 386 or later, and compatibles	2012:07:13 23:47:16+01:00	104448	506880	0	5.0	PE32 executable for MS Windows (GUI) Intel 80386 32-bit	52527	d5ca1ea0bb417ef4c7e8cdb56c4f5371
Windows GUI	5.1	Intel 386 or later, and compatibles	2016:10:26 23:27:26+01:00	510464	9728	0	5.1	PE32 executable for MS Windows (GUI) Intel 80386 32-bit	4608	903886e8b1af5840e3be00de89072989
Windows GUI	4.0	Intel 386 or later, and compatibles	2006:03:11 06:22:49+01:00	112640	72704	0	4.0	PE32 executable for MS Windows (GUI) Intel 80386 32-bit	116182	c0c1bd0930eeb1206e4b6512cf710642
Windows GUI	5.1	Intel 386 or later, and compatibles	2016:04:15 19:07:10+01:00	510464	8704	0	5.1	PE32 executable for MS Windows (GUI) Intel 80386 32-bit	4608	34a21acbdd9740b13ca14329afcff127
				0	0	0		PE32 executable for MS Windows (GUI) Intel 80386 32-bit	109670	b2bdc30b367901765ab36db4abe820e9
Windows GUI	5.0	Intel 386 or later, and compatibles	2018:03:07 14:53:41+01:00	6144	119808	0	5.0	PE32 executable for MS Windows (GUI) Intel 80386 32-bit	6288	34d877a8fb47ddd068bc369c222bb937
Windows GUI	5.1	Intel 386 or later, and compatibles	2015:11:22 11:28:05+01:00	5665280	120832	0	5.1	PE32 executable for MS Windows (GUI) Intel 80386 32-bit	5626075	ef58384c39227c11f1ee18568527f757
Windows GUI	4.0	Intel 386 or later, and compatibles	2018:03:14 07:47:36+01:00	724992	238012	0	4.0	PE32 executable for MS Windows (GUI) Intel 80386 32-bit	4096	bf9624358fa977d2d3abb60ebbf4e74b
Windows GUI	5.0	Intel 386 or later, and compatibles	2012:01:17 22:32:15+01:00	45056	426496	0	5.0	PE32 executable for MS Windows (GUI) Intel 80386 32-bit	17787	a3af27adc2c83db1223c1301714ffd15
Windows GUI	5.1	Intel 386 or later, and compatibles	2016:10:26 23:27:26+01:00	512000	7168	0	5.1	PE32 executable for MS Windows (GUI) Intel 80386 32-bit	4608	6b143267bf4e1cdadb8eb7aecbb9d13f
Windows GUI	5.0	Intel 386 or later, and compatibles	2018:03:12 22:51:30+00:00	7680	175616	0	5.0	PE32 executable for MS Windows (GUI) Intel 80386 32-bit	7840	f6c45b2d0d541abadd0b0c0dccbfea87
Windows GUI	4.0	Intel 386 or later, and compatibles	2010:11:20 10:05:05+01:00	28672	3481600	0	4.0	PE32 executable for MS Windows (GUI) Intel 80386 32-bit	30650	1b21c2374e4a7c5c9cf48c2fe30ddc15
Windows GUI	4.0	Intel 386 or later, and compatibles	1998:05:08 10:14:02+01:00	851968	20480	0	4.0	PE32 executable for MS Windows (GUI) Intel 80386 32-bit	5182	f16210522846d31abd80c3456d2727a3
Windows GUI	4.0	Intel 386 or later, and compatibles	2010:11:20 10:05:05+01:00	28672	3481600	0	4.0	PE32 executable for MS Windows (GUI) Intel 80386 32-bit	30650	c2ca58f5d40d362c480544b40902478d
Windows GUI	4.0	Intel 386 or later, and compatibles	2010:11:20 10:05:05+01:00	28672	3481600	0	4.0	PE32 executable for MS Windows (GUI) Intel 80386 32-bit	30650	a232702039c1143369a454b6ba2580b5
Windows GUI	4.0	Intel 386 or later, and compatibles	2010:11:20 10:05:05+01:00	28672	3481600	0	4.0	PE32 executable for MS Windows (GUI) Intel 80386 32-bit	30650	5a9f91b0a5460fef3f9c529670000583
Windows GUI	4.0	Intel 386 or later, and compatibles	1994:03:16 13:53:57+01:00	3072	5632	0	4.0	PE32 executable for MS Windows (GUI) Intel 80386 32-bit	6862	6d4d7a72d1b528f8766fe3d8bcfb314f
Windows GUI	5.1	Intel 386 or later, and compatibles	2016:10:26 23:27:26+01:00	512000	9216	0	5.1	PE32 executable for MS Windows (GUI) Intel 80386 32-bit	4608	ae6c8b69870fd8299cdb9905e014eed9
Windows GUI	4.0	Intel 386 or later, and compatibles	2010:11:20 10:05:05+01:00	28672	3481600	0	4.0	PE32 executable for MS Windows (GUI) Intel 80386 32-bit	30650	5487d40c501ad4b2c8a4d4d74b2382f9
Windows GUI	4.0	Intel 386 or later, and compatibles	2017:02:11 10:40:13+01:00	139264	499712	0	4.0	PE32 executable for MS Windows (GUI) Intel 80386 32-bit	76591	ccccc9a9681717fc739f9590893f8e08
Windows GUI	4.0	Intel 386 or later, and compatibles	2017:04:17 18:29:49+01:00	226304	12800	0	4.0	PE32 executable for MS Windows (GUI) Intel 80386 32-bit Mono/.Net assembly	234106	4091528a0b8016b4d69bfdca27779a19
Windows GUI	5.0	Intel 386 or later, and compatibles	2018:03:13 09:39:13+01:00	204800	75776	0	3.0	PE32 executable for MS Windows (GUI) Intel 80386 32-bit	184141	f797dee2a4f90c9d65b14d1bd9a45ffe
Windows command line	4.0	Intel 386 or later, and compatibles	2018:02:01 21:18:05+01:00	70144	186880	0	4.0	PE32 executable for MS Windows (console) Intel 80386 32-bit	4096	dadfb23a1b00f85745662cd44b8b9a4e
Windows GUI	4.0	Intel 386 or later, and compatibles	2010:08:10 16:50:52+01:00	19968	18432	0	4.0	PE32 executable for MS Windows (GUI) Intel 80386 32-bit	13839	79bd001e21e5c7949dac2d80cf893ab8
Windows GUI	5.1	Intel 386 or later, and compatibles	2015:07:21 07:04:35+01:00	322048	5355008	0	5.1	PE32 executable for MS Windows (GUI) Intel 80386 32-bit	4664	d1fddd753db2a2634ae8c64a30517445
Windows GUI	4.0	Intel 386 or later, and compatibles	2010:11:20 10:03:08+01:00	36864	3682304	0	4.0	PE32 executable for MS Windows (GUI) Intel 80386 32-bit	39446	f7cc67f3eed3db6e1c442f8ce7a7776c
Windows GUI	4.0	Intel 386 or later, and compatibles	2018:03:12 15:49:37+01:00	733184	128248	0	4.0	PE32 executable for MS Windows (GUI) Intel 80386 32-bit	4096	bf4478599f37cbfe2852bf385b5fba79
Windows GUI	5.0	Intel 386 or later, and compatibles	2012:01:17 22:32:15+01:00	45056	374784	0	5.0	PE32 executable for MS Windows (GUI) Intel 80386 32-bit	17787	80d9a6c031b2641d5f094a74e0347ef8
Windows GUI	5.1	Intel 386 or later, and compatibles	2015:09:04 10:40:20+01:00	5026816	488960	0	5.1	PE32 executable for MS Windows (GUI) Intel 80386 32-bit	4987806	ddd9e0f7c6cd5b8fa2f847585e8d40b7
Windows GUI	5.1	Intel 386 or later, and compatibles	2016:04:15 19:07:10+01:00	510464	8704	0	5.1	PE32 executable for MS Windows (GUI) Intel 80386 32-bit	4608	fda7dda89a3171c32e6c36a8054e630b
Windows GUI	5.1	Intel 386 or later, and compatibles	2016:06:09 09:13:41+00:00	303616	19456	0	5.1	PE32 executable for MS Windows (GUI) Intel 80386 32-bit	4116	9945351b9297c5891948dac725e448c4
Windows GUI	4.0	Intel 386 or later, and compatibles	2016:05:10 04:04:39+01:00	30720	208384	0	5.1	PE32 executable for MS Windows (GUI) Intel 80386 32-bit	19017	b5a29fdf90e0c9c65887e321bc88ee59
Windows GUI	5.1	Intel 386 or later, and compatibles	2018:03:08 22:19:38+01:00	241664	1433088	0	5.1	PE32 executable for MS Windows (GUI) Intel 80386 32-bit	149791	e67c5d6fb77db95c3b41a88df11f5f7b
Windows GUI	4.0	Intel 386 or later, and compatibles	2010:11:20 10:03:08+01:00	36864	3682304	0	4.0	PE32 executable for MS Windows (GUI) Intel 80386 32-bit	39446	7821967dbb57b7a5fd06d8c8da885aef
Windows GUI	5.1	Intel 386 or later, and compatibles	2018:02:09 11:56:30+01:00	77824	191488	0	5.1	PE32 executable for MS Windows (GUI) Intel 80386 32-bit	13869	a0eab1a202a8218df964344eea7403ac
Windows GUI	5.1	Intel 386 or later, and compatibles	2016:04:15 19:07:10+01:00	510464	8704	0	5.1	PE32 executable for MS Windows (GUI) Intel 80386 32-bit	4608	dcf14b35d3a21d8893e339024dfb9e5c
Windows GUI	4.0	Intel 386 or later, and compatibles	2017:12:30 21:32:43+01:00	45056	8192	69632	4.0	PE32 executable for MS Windows (GUI) Intel 80386 32-bit	115008	eae28161930472b1c16c14986a5ddaba
Windows GUI	5.1	Intel 386 or later, and compatibles	2018:02:09 11:56:30+01:00	77824	191488	0	5.1	PE32 executable for MS Windows (GUI) Intel 80386 32-bit	13869	febb9b59638797e2f490a41e6cf79512
Windows GUI	5.1	Intel 386 or later, and compatibles	2014:12:28 03:49:41+01:00	711168	11776	0	5.1	PE32 executable for MS Windows (GUI) Intel 80386 32-bit	49289	d948825d710c020e52fbac6225538d19
Windows GUI	4.0	Intel 386 or later, and compatibles	2012:03:05 09:37:55+01:00	2560	119296	0	4.0	PE32 executable for MS Windows (GUI) Intel 80386 32-bit	5759	ef3846294af0c5f11a79ddb999da5300
Windows GUI	4.0	Intel 386 or later, and compatibles	2013:08:20 13:04:22+01:00	212992	21504	0	4.0	PE32 executable for MS Windows (GUI) Intel 80386 32-bit	213424	2a17debbd851a34b2ec8953c69d9787e
Windows GUI	4.0	Intel 386 or later, and compatibles	2010:11:20 10:03:08+01:00	36864	3682304	0	4.0	PE32 executable for MS Windows (GUI) Intel 80386 32-bit	39446	35167d9abbc8c45afeab76085590ae51
Windows GUI	5.1	Intel 386 or later, and compatibles	2018:02:09 11:56:30+01:00	77824	191488	0	5.1	PE32 executable for MS Windows (GUI) Intel 80386 32-bit	13869	0cb0077f98e42f365817e4842b982792
Windows command line	4.0	Intel 386 or later, and compatibles	2018:02:01 21:18:05+01:00	70144	19968	0	4.0	PE32 executable for MS Windows (console) Intel 80386 32-bit	4096	da8de0a763aaa4cb2e4def48c0634b32
Windows GUI	4.0	Intel 386 or later, and compatibles	2018:03:12 15:49:48+01:00	733184	257896	0	4.0	PE32 executable for MS Windows (GUI) Intel 80386 32-bit	4096	b295b304ae6b7ee4f352520a86046e79
Windows GUI	5.0	Intel 386 or later, and compatibles	2018:03:07 11:36:03+01:00	257024	61952	0	5.0	PE32 executable for MS Windows (GUI) Intel 80386 32-bit	6400	461e72e8dc13c25c22b70cf9a4714cff
Windows GUI	5.0	Intel 386 or later, and compatibles	2013:04:15 15:29:21+01:00	183808	12288	0	5.0	PE32 executable for MS Windows (GUI) Intel 80386 32-bit	7776	e6f0d830c1a21214e67c58024af720d8
Windows GUI	5.1	Intel 386 or later, and compatibles	2018:02:09 07:58:38+01:00	77824	191488	0	5.1	PE32 executable for MS Windows (GUI) Intel 80386 32-bit	13927	f1ae59249113d65a104980e28ce348a2
Windows GUI	4.0	Intel 386 or later, and compatibles	2012:09:04 11:36:26+01:00	389120	4096	1417216	4.0	PE32 executable for MS Windows (GUI) Intel 80386 32-bit	1808960	d397ff510326c52d15ba4b8f8ffc441e
Windows GUI	5.1	Intel 386 or later, and compatibles	2018:02:09 07:58:38+01:00	77824	191488	0	5.1	PE32 executable for MS Windows (GUI) Intel 80386 32-bit	13927	87561bbe1a7050aab68aed3a1f3349f0
Windows GUI	5.1	Intel 386 or later, and compatibles	2016:04:15 19:07:10+01:00	510464	8704	0	5.1	PE32 executable for MS Windows (GUI) Intel 80386 32-bit	4608	5a7a2a965feb6f0d37681c60496ccdfa
Windows GUI	5.0	Intel 386 or later, and compatibles	2017:06:04 11:17:17+01:00	334336	157184	0	5.0	PE32 executable for MS Windows (GUI) Intel 80386 32-bit	335088	c2bce1100cca72df32dc6fde5acd00ba
Windows GUI	5.1	Intel 386 or later, and compatibles	2018:02:17 12:42:55+01:00	79360	210944	0	5.1	PE32 executable for MS Windows (GUI) Intel 80386 32-bit	9920	5752ae916b8679d56100b659939a2489
Windows GUI	5.1	Intel 386 or later, and compatibles	2015:07:21 07:04:35+01:00	322048	5355008	0	5.1	PE32 executable for MS Windows (GUI) Intel 80386 32-bit	4664	1559a67cbda388b3a960406a0ef903ae
Windows GUI	5.1	Intel 386 or later, and compatibles	2015:11:28 05:53:25+01:00	146432	27136	0	5.1	PE32 executable for MS Windows (GUI) Intel 80386 32-bit	4148	8c24e20a60cae4113588d0ff6805d8ac
Windows GUI	5.0	Intel 386 or later, and compatibles	2013:04:15 15:29:21+01:00	183808	12288	0	5.0	PE32 executable for MS Windows (GUI) Intel 80386 32-bit	7776	b775b435cef91548936fd9808695b024
Windows GUI	4.0	Intel 386 or later, and compatibles	2015:10:04 14:46:54+01:00	19968	286720	0	5.1	PE32 executable for MS Windows (GUI) Intel 80386 32-bit	6113	5280b1ce0e331103a23bfccc130acf86
Windows GUI	4.0	Intel 386 or later, and compatibles	2012:09:04 11:36:26+01:00	389120	4096	1417216	4.0	PE32 executable for MS Windows (GUI) Intel 80386 32-bit	1808960	87e4c1d325fbdcca1fefd35620b0e00d
Windows GUI	5.0	Intel 386 or later, and compatibles	2018:03:07 23:36:38+01:00	29696	422912	0	5.0	PE32 executable for MS Windows (GUI) Intel 80386 32-bit	8659	6b6cd1d80aae79272bdea86833b6da2e
Windows GUI	4.0	Intel 386 or later, and compatibles	2010:11:20 10:03:08+01:00	36864	3682304	0	4.0	PE32 executable for MS Windows (GUI) Intel 80386 32-bit	39446	ded2db5c2fa5d93b65969d2bb02b2738
Windows GUI	5.1	Intel 386 or later, and compatibles	2016:10:26 23:27:26+01:00	510464	9728	0	5.1	PE32 executable for MS Windows (GUI) Intel 80386 32-bit	4608	a8bd992fb81818b4becb103c274c36ef
Windows GUI	5.1	Intel 386 or later, and compatibles	2015:07:21 07:04:35+01:00	322048	5355008	0	5.1	PE32 executable for MS Windows (GUI) Intel 80386 32-bit	4664	9928fbfa00812ce45d47ae66d890ee4f
Windows GUI	4.0	Intel 386 or later, and compatibles	2017:09:18 09:10:15+01:00	270336	88064	0	4.0	PE32 executable for MS Windows (GUI) Intel 80386 32-bit	4096	c253bfc1df7e6d0d5fdabcc5636fd34c
Windows GUI	5.1	Intel 386 or later, and compatibles	2004:07:28 15:54:45+01:00	175104	169472	0	5.1	PE32 executable for MS Windows (GUI) Intel 80386 32-bit	35515	a51b79315ca88301ed4c34af6506fcc3
Windows GUI	5.1	Intel 386 or later, and compatibles	2015:07:21 07:04:35+01:00	322048	5355008	0	5.1	PE32 executable for MS Windows (GUI) Intel 80386 32-bit	4664	2406a119eecd6212450dee2d7d56d01c
Windows GUI	5.0	Intel 386 or later, and compatibles	2012:01:17 22:32:15+01:00	45056	374784	0	5.0	PE32 executable for MS Windows (GUI) Intel 80386 32-bit	17787	5790a10091a0194d4caccfc8a5861907
Windows GUI	5.1	Intel 386 or later, and compatibles	2016:10:26 23:27:26+01:00	512000	9216	0	5.1	PE32 executable for MS Windows (GUI) Intel 80386 32-bit	4608	1a1c4755c01cc0b3112bf0c7bf069fd3
Windows GUI	5.1	Intel 386 or later, and compatibles	2015:11:28 05:53:25+01:00	146944	27136	0	5.1	PE32 executable for MS Windows (GUI) Intel 80386 32-bit	4148	3c7f6b425fcb3ed48a3112bda6928e8e
Windows GUI	4.0	Intel 386 or later, and compatibles	2010:11:20 10:05:05+01:00	28672	3481600	0	4.0	PE32 executable for MS Windows (GUI) Intel 80386 32-bit	30650	10f262273180e9dfcb6b458de5155d3b
Windows GUI	4.0	Intel 386 or later, and compatibles	2010:02:18 15:25:13+01:00	28672	3481600	0	4.0	PE32 executable for MS Windows (GUI) Intel 80386 32-bit	3540754	7dcf319a9a7e4be165718ef148ea2dc8
Windows GUI	5.0	Intel 386 or later, and compatibles	2012:01:17 22:32:15+01:00	45056	426496	0	5.0	PE32 executable for MS Windows (GUI) Intel 80386 32-bit	17787	d33206e1c11b861e42898df2e77d1d2e
Windows GUI	4.0	Intel 386 or later, and compatibles	2010:11:20 10:05:05+01:00	28672	3481600	0	4.0	PE32 executable for MS Windows (GUI) Intel 80386 32-bit	30650	4fbf97bbcbdf2ad0581a2348926dd3ee
Windows GUI	5.0	Intel 386 or later, and compatibles	2012:01:17 22:32:15+01:00	45056	674304	0	5.0	PE32 executable for MS Windows (GUI) Intel 80386 32-bit	17787	8537932c468787c53c1e2b27696e5816
Windows GUI	5.1	Intel 386 or later, and compatibles	2018:02:09 11:56:30+01:00	77824	191488	0	5.1	PE32 executable for MS Windows (GUI) Intel 80386 32-bit	13869	b060953856b6f04010563cf3ad144d72
Windows GUI	5.1	Intel 386 or later, and compatibles	2016:04:15 19:07:10+01:00	510976	8704	0	5.1	PE32 executable for MS Windows (GUI) Intel 80386 32-bit	4608	e2c0bb4342c045dc3fbf24e05f3a2573
Windows GUI	4.0	Intel 386 or later, and compatibles	2017:02:28 18:34:30+01:00	86016	425984	0	4.0	PE32 executable for MS Windows (GUI) Intel 80386 32-bit	71815	91f6a113b16064cd62c23afa9cfcf1fa
Windows GUI	5.1	Intel 386 or later, and compatibles	2015:05:17 06:05:49+01:00	353792	5662208	0	5.1	PE32 executable for MS Windows (GUI) Intel 80386 32-bit	4664	ec11d12bc2544470c45fbb0cbf286c0a
Windows GUI	5.0	Intel 386 or later, and compatibles	2015:06:22 06:31:37+01:00	66560	54784	0	5.0	PE32 executable for MS Windows (GUI) Intel 80386 32-bit	26588	31fe7dc74f835455dd0832dee2a0fc2c
Windows GUI	5.1	Intel 386 or later, and compatibles	2016:04:15 19:07:10+01:00	6656	514048	0	5.1	PE32 executable for MS Windows (GUI) Intel 80386 32-bit	4608	d83d524fe99acd696494026f1d7b0dad
Windows GUI	5.1	Intel 386 or later, and compatibles	2018:03:13 18:18:26+01:00	581632	1895936	0	5.1	PE32 executable for MS Windows (GUI) Intel 80386 32-bit	163850	e573c61391654264c08ee429d517f192
Windows GUI	5.0	Intel 386 or later, and compatibles	2018:03:13 12:58:24+01:00	204800	75776	0	3.0	PE32 executable for MS Windows (GUI) Intel 80386 32-bit	184141	09c13aa871394629d510563af8e4345d
Windows GUI	4.0	Intel 386 or later, and compatibles	2010:11:20 10:03:08+01:00	36864	2228224	0	4.0	PE32 executable for MS Windows (GUI) Intel 80386 32-bit	39446	93ec4fc9b0974abb65bed1184a971ddd
Windows GUI	4.0	Intel 386 or later, and compatibles	2017:02:15 11:28:36+01:00	98304	516096	0	4.0	PE32 executable for MS Windows (GUI) Intel 80386 32-bit	45066	e249fb01341782a8ab7cf5b781501c23
Windows GUI	4.0	Intel 386 or later, and compatibles	2010:11:20 10:03:08+01:00	36864	2228224	0	4.0	PE32 executable for MS Windows (GUI) Intel 80386 32-bit	39446	e2e35b2bbd2093d5ae8996e93c5c435c
Windows GUI	4.0	Intel 386 or later, and compatibles	2010:11:20 10:03:08+01:00	36864	3682304	0	4.0	PE32 executable for MS Windows (GUI) Intel 80386 32-bit	39446	bcc7e19b7c4fba8907479439689d8278
Windows GUI	5.1	Intel 386 or later, and compatibles	2017:02:13 11:42:26+01:00	481280	239616	0	5.1	PE32 executable for MS Windows (GUI) Intel 80386 32-bit	269728	e88206c97ae164b196a10b024f324291
Windows GUI	5.1	Intel 386 or later, and compatibles	2016:07:03 16:46:13+01:00	50688	110592	0	5.1	PE32 executable for MS Windows (GUI) Intel 80386 32-bit	23662	40f76a18085d1c0f8d460192002cbed5
Windows GUI	4.0	Intel 386 or later, and compatibles	2010:11:20 10:03:08+01:00	36864	3682304	0	4.0	PE32 executable for MS Windows (GUI) Intel 80386 32-bit	39446	409f8ad1044d0fdf91c163774860a0bb
Windows GUI	4.0	Intel 386 or later, and compatibles	2012:09:04 11:36:26+01:00	389120	4096	1417216	4.0	PE32 executable for MS Windows (GUI) Intel 80386 32-bit	1808960	0d9d97140ad3ff284f2af7a147e783c1
Windows GUI	5.1	Intel 386 or later, and compatibles	2009:08:02 14:49:22+01:00	204800	299520	0	5.1	PE32 executable for MS Windows (GUI) Intel 80386 32-bit	130385	c5d722f0d3ef20a71c791c7798b0409e
Windows GUI	5.0	Intel 386 or later, and compatibles	2010:06:11 23:58:00+01:00	104448	418816	0	5.0		65519	91e57d2bf7517c1e16ddda9b334daed8
Windows GUI	5.0	Intel 386 or later, and compatibles	2011:01:12 10:32:57+01:00	5120	258048	0	4.0	PE32 executable for MS Windows (GUI) Intel 80386 32-bit	8718	d44e0cfd24454c0f480e178485831e48
Windows GUI	4.0	Intel 386 or later, and compatibles	2010:11:20 10:03:08+01:00	36864	2228224	0	4.0	PE32 executable for MS Windows (GUI) Intel 80386 32-bit	39446	063097f3dd9cb78f7b8ec47aa1d81283
Windows GUI	5.1	Intel 386 or later, and compatibles	2018:02:14 13:44:43+01:00	91136	7724544	0	5.1	PE32 executable for MS Windows (GUI) Intel 80386 32-bit	20872	f641d7053ef5ac564857bc3e3a842328
Windows GUI	5.0	Intel 386 or later, and compatibles	2012:01:17 22:32:15+01:00	45056	445952	0	5.0	PE32 executable for MS Windows (GUI) Intel 80386 32-bit	17787	804511f525bf6b0b551181d9233e106a
Windows GUI	5.1	Intel 386 or later, and compatibles	2018:02:09 11:56:30+01:00	77824	191488	0	5.1	PE32 executable for MS Windows (GUI) Intel 80386 32-bit	13869	bd67e10c377fabfd4b1c7aa8c7e4b954
Windows GUI	5.1	Intel 386 or later, and compatibles	2018:03:08 22:19:38+01:00	241664	1433088	0	5.1	PE32 executable for MS Windows (GUI) Intel 80386 32-bit	149791	e96ce66208c6508f5dd0285f912b87ca
Windows GUI	4.0	Intel 386 or later, and compatibles	2010:11:20 10:05:05+01:00	28672	3481600	0	4.0	PE32 executable for MS Windows (GUI) Intel 80386 32-bit	30650	a3b70aa650ba933bb1ac3df49d702660
Windows GUI	4.0	Intel 386 or later, and compatibles	2012:09:30 06:52:49+01:00	24576	1388544	0	5.1	PE32 executable for MS Windows (GUI) Intel 80386 32-bit	24256	c6f5bbc421d434d4f464da8116ae693a
Windows GUI	5.0	Intel 386 or later, and compatibles	2013:03:27 06:25:16+01:00	13312	234496	0	5.0	PE32 executable for MS Windows (GUI) Intel 80386 32-bit	6352	bd166aa16b0f0339063d96aa92ca3713
Windows GUI	5.1	Intel 386 or later, and compatibles	2016:10:26 23:27:26+01:00	512000	7168	0	5.1	PE32 executable for MS Windows (GUI) Intel 80386 32-bit	4667	be4820fd810c711fe915152852c88423
Windows GUI	5.0	Intel 386 or later, and compatibles	2012:01:17 22:32:15+01:00	45056	445952	0	5.0	PE32 executable for MS Windows (GUI) Intel 80386 32-bit	17787	bbdc4ba78c04546ff0b60681b924c97b
Windows GUI	5.0	Intel 386 or later, and compatibles	2012:01:17 22:32:15+01:00	45056	374784	0	5.0	PE32 executable for MS Windows (GUI) Intel 80386 32-bit	17787	917de6cd82308e6e61b02b9c8dfdf6ca
Windows GUI	5.0	Intel 386 or later, and compatibles	2018:03:07 16:48:33+01:00	6144	119808	0	5.0	PE32 executable for MS Windows (GUI) Intel 80386 32-bit	6288	b559b933692633c66cd19cd6712662df
Windows GUI	5.0	Intel 386 or later, and compatibles	2011:03:27 03:23:46+01:00	211968	29696	0	5.0	PE32 executable for MS Windows (GUI) Intel 80386 32-bit	6720	e2b8c7d7e646c9eedcf42d855593dd33
Windows GUI	4.0	Intel 386 or later, and compatibles	2010:11:20 10:03:08+01:00	36864	3682304	0	4.0	PE32 executable for MS Windows (GUI) Intel 80386 32-bit	39446	0c0e83a6a5a6dbe48dbe3d9584a460f7
Windows GUI	4.0	Intel 386 or later, and compatibles	2018:01:31 02:34:39+01:00	200192	17408	0	4.0	PE32 executable for MS Windows (GUI) Intel 80386 32-bit	205464	9c6930ab5cfae8cb26fd32ef789fd5bf
Windows GUI	5.0	Intel 386 or later, and compatibles	2015:03:09 02:46:38+01:00	121344	96768	0	5.0	PE32 executable for MS Windows (GUI) Intel 80386 32-bit	117888	b90251297992f8b16387e21e8d5fd7fe
Windows GUI	5.1	Intel 386 or later, and compatibles	2018:02:07 15:03:41+01:00	48640	69632	0	5.1	PE32 executable for MS Windows (GUI) Intel 80386 32-bit	5767	a8efcafdf9756be07ece3a4c240bcf39
Windows GUI	5.1	Intel 386 or later, and compatibles	2018:03:13 12:02:06+01:00	63488	668672	0	5.1	PE32 executable for MS Windows (GUI) Intel 80386 32-bit	19037	f3af161336a95c4524e7b472da7b91a9
Windows GUI	5.1	Intel 386 or later, and compatibles	2010:08:21 15:36:59+01:00	64512	42496	0	5.1	PE32 executable for MS Windows (GUI) Intel 80386 32-bit	43892	c63a537090d34f29daadbef221637435
Windows command line	4.0	Intel 386 or later, and compatibles	2008:03:11 15:32:12+01:00	90112	40960	0	4.0	PE32 executable for MS Windows (console) Intel 80386 32-bit	36116	a8c3be7349305ee6cb7f4032e8759fdd
Windows GUI	4.0	Intel 386 or later, and compatibles	2001:10:23 12:12:29+01:00	147456	77824	0	4.0	PE32 executable for MS Windows (GUI) Intel 80386 32-bit	111673	da5363942b564704243b3c168c65f79d
Windows GUI	6.0	Intel 386 or later, and compatibles	2018:03:05 10:36:24+01:00	109056	102400	0	4.0	PE32 executable for MS Windows (GUI) Intel 80386 Mono/.Net assembly	117226	74b4982a9c6514fdf52f37696142b790
Windows GUI	4.0	Intel 386 or later, and compatibles	2010:11:20 10:05:05+01:00	28672	3481600	0	4.0	PE32 executable for MS Windows (GUI) Intel 80386 32-bit	30650	ea52ea12859ddb7dbebea85ec33263ff
Windows GUI	5.1	Intel 386 or later, and compatibles	2016:04:15 19:07:10+01:00	510464	8704	0	5.1	PE32 executable for MS Windows (GUI) Intel 80386 32-bit	4608	b57830026f6cae580af1bf9d06df7d7f
Windows GUI	4.0	Intel 386 or later, and compatibles	2010:11:20 10:05:05+01:00	28672	3481600	0	4.0	PE32 executable for MS Windows (GUI) Intel 80386 32-bit	30650	ac3b0d920321113ce6220e49ff4c1f15
Windows GUI	5.1	Intel 386 or later, and compatibles	2016:10:26 23:27:26+01:00	510464	9728	0	5.1	PE32 executable for MS Windows (GUI) Intel 80386 32-bit	4608	526dd6d89629fcce30a240fb6a138a45
Windows GUI	5.0	Intel 386 or later, and compatibles	2012:01:17 22:32:15+01:00	45056	375296	0	5.0	PE32 executable for MS Windows (GUI) Intel 80386 32-bit	17787	12d8ffb0f5ee0d16d6210109e92cfd1d
Windows GUI	4.0	Intel 386 or later, and compatibles	2010:11:20 10:03:08+01:00	36864	3682304	0	4.0	PE32 executable for MS Windows (GUI) Intel 80386 32-bit	39446	481369bee2450567288578ee52e44793
Windows GUI	5.1	Intel 386 or later, and compatibles	2018:02:09 11:56:30+01:00	77824	191488	0	5.1	PE32 executable for MS Windows (GUI) Intel 80386 32-bit	13869	ecaf6cb72ffddc9e0fc3445f97499668
Windows GUI	5.0	Intel 386 or later, and compatibles	2012:01:17 22:32:15+01:00	45056	542208	0	5.0	PE32 executable for MS Windows (GUI) Intel 80386 32-bit	17787	cedde0fc4eb05b4ce5ad83e0fbb3e4ef
Windows GUI	4.0	Intel 386 or later, and compatibles	2017:02:25 13:41:26+01:00	49152	499712	0	4.0	PE32 executable for MS Windows (GUI) Intel 80386 32-bit	22118	6d4f2b4a84844c3d0b4f295239b7676c
Windows GUI	4.0	Intel 386 or later, and compatibles	2013:08:20 13:04:22+01:00	212992	21504	0	4.0	PE32 executable for MS Windows (GUI) Intel 80386 32-bit	213424	5eb3c829a8636a57fd8029e6731589b1
Windows GUI	4.0	Intel 386 or later, and compatibles	2017:02:16 18:09:27+01:00	49152	454656	0	4.0	PE32 executable for MS Windows (GUI) Intel 80386 32-bit	17891	c04887588b926ce4ab8c9641e05d6403
Windows GUI	5.1	Intel 386 or later, and compatibles	2018:03:12 19:58:34+01:00	581632	1851904	0	5.1	PE32 executable for MS Windows (GUI) Intel 80386 32-bit	163850	dfcde22a98da2883ff772d6f9c81aeec
Windows GUI	5.0	Intel 386 or later, and compatibles	2012:01:17 22:32:15+01:00	45056	674304	0	5.0	PE32 executable for MS Windows (GUI) Intel 80386 32-bit	17787	bb59a786bdfafbfaa418d7ad647d7c72
Windows GUI	5.1	Intel 386 or later, and compatibles	2018:02:14 10:38:22+01:00	91136	7724544	0	5.1	PE32 executable for MS Windows (GUI) Intel 80386 32-bit	20872	b00bf697eaa38069e38f668186f764e1
Windows GUI	5.0	Intel 386 or later, and compatibles	2012:08:10 23:48:20+01:00	134144	17920	0	5.0	PE32 executable for MS Windows (GUI) Intel 80386 32-bit	130896	b5a700403ab01d482a88616c9d7a485a
Windows GUI	4.0	Intel 386 or later, and compatibles	2012:09:04 10:36:26+00:00	389120	4096	1417216	4.0	PE32 executable for MS Windows (GUI) Intel 80386 32-bit	1808960	99b6ddbb1058d8e839ef56df93d968b0
Windows GUI	4.0	Intel 386 or later, and compatibles	2010:11:20 10:05:05+01:00	28672	3481600	0	4.0	PE32 executable for MS Windows (GUI) Intel 80386 32-bit	30650	e32a1d2a8d5dc0cbbb8f7abfeafdb983
Windows GUI	4.0	Intel 386 or later, and compatibles	2008:03:24 15:29:39+01:00	53248	229376	0	4.0	PE32 executable for MS Windows (GUI) Intel 80386 32-bit	56660	70df89d54a9b83b4947589a6c87c6782
Windows GUI	4.0	Intel 386 or later, and compatibles	2010:11:20 10:03:08+01:00	36864	3682304	0	4.0	PE32 executable for MS Windows (GUI) Intel 80386 32-bit	39446	3e7351a2ca0699b188ac98fcdedf5f20
Windows GUI	5.0	Intel 386 or later, and compatibles	2012:01:17 22:32:15+01:00	45056	375296	0	5.0	PE32 executable for MS Windows (GUI) Intel 80386 32-bit	17787	e80ce6ec92f61cdf69ea14e1f9767699
Windows GUI	4.0	Intel 386 or later, and compatibles	2010:11:20 10:03:08+01:00	36864	2228224	0	4.0	PE32 executable for MS Windows (GUI) Intel 80386 32-bit	39446	6a614701be96e10f0160de44fc51d7d3
Windows GUI	4.0	Intel 386 or later, and compatibles	2010:11:20 10:03:08+01:00	36864	3682304	0	4.0	PE32 executable for MS Windows (GUI) Intel 80386 32-bit	39446	64cccc47aec9e13a463311f5edd43093
Windows GUI	4.0	Intel 386 or later, and compatibles	2016:11:18 07:36:58+01:00	1257472	12288	0	4.0	PE32 executable for MS Windows (GUI) Intel 80386 32-bit	4452	81aa1064fb44fae65e88816061a5bff9
Windows GUI	4.0	Intel 386 or later, and compatibles	2014:03:25 10:43:35+01:00	50688	92672	0	4.0	PE32 executable for MS Windows (GUI) Intel 80386 32-bit	23421	e6c6e4b8f16c61ea42acbd7583f72353
Windows GUI	4.0	Intel 386 or later, and compatibles	2017:02:13 19:45:08+01:00	176128	442368	0	4.0	PE32 executable for MS Windows (GUI) Intel 80386 32-bit	67088	5a284718590741adae6118edfaa7adb3
Windows GUI	4.0	Intel 386 or later, and compatibles	2010:11:20 10:05:05+01:00	28672	3481600	0	4.0	PE32 executable for MS Windows (GUI) Intel 80386 32-bit	30650	edbc7cb93914d23ce007d2fc8fcc34ec
Windows GUI	5.1	Intel 386 or later, and compatibles	2015:07:21 07:04:35+01:00	322048	5355008	0	5.1	PE32 executable for MS Windows (GUI) Intel 80386 32-bit	4664	2e13026578b1df600a99076956b12aea
Windows GUI	6.0	Intel 386 or later, and compatibles	2017:03:06 02:42:14+01:00	112640	105472	0	4.0	PE32 executable for MS Windows (GUI) Intel 80386 32-bit Mono/.Net assembly	120814	cafa7a53fd532b6305d158955762c520
Windows GUI	5.0	Intel 386 or later, and compatibles	2012:01:17 22:32:15+01:00	45056	374784	0	5.0	PE32 executable for MS Windows (GUI) Intel 80386 32-bit	17787	c8d81407e6c8d630dcb91e90d7b2b6ba
Windows GUI	5.1	Intel 386 or later, and compatibles	2018:02:07 15:03:41+01:00	48640	69632	0	5.1	PE32 executable for MS Windows (GUI) Intel 80386 32-bit	5767	df5e3b66388026e6555d27a6e04054fd
Windows GUI	5.0	Intel 386 or later, and compatibles	2011:01:12 10:32:57+01:00	5120	258048	0	4.0	PE32 executable for MS Windows (GUI) Intel 80386 32-bit	8718	e593988469cdcb2d53d4b4450db820c4
Windows GUI	4.0	Intel 386 or later, and compatibles	2018:03:14 16:35:55+01:00	729088	8712	0	4.0	PE32 executable for MS Windows (GUI) Intel 80386 32-bit	4096	6ce62771a33d95c60019b16c4c8d3ed4
Windows GUI	5.0	Intel 386 or later, and compatibles	2018:03:07 15:57:51+01:00	29696	346112	0	5.0	PE32 executable for MS Windows (GUI) Intel 80386 32-bit	8659	24913f734e2b638081d66b6057b03241
Windows GUI	5.1	Intel 386 or later, and compatibles	2017:11:04 18:16:08+01:00	254976	152576	0	5.1	PE32 executable for MS Windows (GUI) Intel 80386 32-bit	46086	9c27f497cbe6683f6718eaf1cf096a2c
Windows GUI	5.0	Intel 386 or later, and compatibles	2012:01:17 22:32:15+01:00	45056	375296	0	5.0	PE32 executable for MS Windows (GUI) Intel 80386 32-bit	17787	03ec2aa246406a90cc99a551118520f3
Windows GUI	5.1	Intel 386 or later, and compatibles	2018:03:10 02:48:41+01:00	42496	108544	0	5.1	PE32 executable for MS Windows (GUI) Intel 80386 32-bit	5046	e8c8f3ed121ea7385fa1fc08fc8526fc
Windows GUI	5.1	Intel 386 or later, and compatibles	2018:02:09 07:58:38+01:00	77824	191488	0	5.1	PE32 executable for MS Windows (GUI) Intel 80386 32-bit	13927	be0a0c14d4f001d57065adced37de463
Windows GUI	5.0	Intel 386 or later, and compatibles	2013:04:15 15:29:21+01:00	183808	12288	0	5.0	PE32 executable for MS Windows (GUI) Intel 80386 32-bit	7776	ee48b842c0a1922b4d463dd26eb6d46a
Windows GUI	4.0	Intel 386 or later, and compatibles	2010:11:20 10:03:08+01:00	36864	2228224	0	4.0	PE32 executable for MS Windows (GUI) Intel 80386 32-bit	39446	6208c7bac8f95f817eb9b7ed3031a7b3
Windows GUI	4.0	Intel 386 or later, and compatibles	2010:11:20 10:03:08+01:00	36864	3682304	0	4.0	PE32 executable for MS Windows (GUI) Intel 80386 32-bit	39446	d0cd195146e6d83d5fcc853ff149ccb4
Windows GUI	5.1	Intel 386 or later, and compatibles	2016:10:26 23:27:26+01:00	510464	9728	0	5.1	PE32 executable for MS Windows (GUI) Intel 80386 32-bit	4608	5e65f0a85a2242116a2785d1d57a3c61
Windows GUI	4.0	Intel 386 or later, and compatibles	2017:02:20 08:15:28+01:00	61440	507904	0	4.0	PE32 executable for MS Windows (GUI) Intel 80386 32-bit	23671	51076707504732d49a15a3e9ac66b2fe
Windows GUI	4.0	Intel 386 or later, and compatibles	2017:02:20 08:15:28+01:00	61440	507904	0	4.0	PE32 executable for MS Windows (GUI) Intel 80386 32-bit	23671	9d639a335c5dde0a476e7e804463ccc0
Windows GUI	5.1	Intel 386 or later, and compatibles	2016:10:26 23:27:26+01:00	512000	9216	0	5.1	PE32 executable for MS Windows (GUI) Intel 80386 32-bit	4608	374defdc47cdb5da9f425949672a67d3
Windows GUI	5.1	Intel 386 or later, and compatibles	2024:05:31 03:17:41+01:00	126976	15360	0	5.1	PE32 executable for MS Windows (GUI) Intel 80386 32-bit	4688	f112bee8dc6208e6b4431953a49af506
Windows GUI	5.1	Intel 386 or later, and compatibles	2018:02:09 07:58:38+01:00	77824	191488	0	5.1	PE32 executable for MS Windows (GUI) Intel 80386 32-bit	13927	78fdf9a0e8a59a9fe2602cf6543c77c1
Windows GUI	5.1	Intel 386 or later, and compatibles	2016:10:26 23:27:26+01:00	512000	9216	0	5.1	PE32 executable for MS Windows (GUI) Intel 80386 32-bit	4608	46cb9dbe64d21bfd27f77029cf2be129
Windows GUI	5.0	Intel 386 or later, and compatibles	2013:03:07 08:43:50+01:00	23040	217088	0	5.0	PE32 executable for MS Windows (GUI) Intel 80386 32-bit	6192	f4782f195ae5d15fde1fe508bcccb4e4
Windows GUI	4.0	Intel 386 or later, and compatibles	2010:11:20 10:03:08+01:00	36864	3682304	0	4.0	PE32 executable for MS Windows (GUI) Intel 80386 32-bit	39446	d378f331856e305b9e71aaebaee7cc22
Windows GUI	5.1	Intel 386 or later, and compatibles	2018:03:08 22:19:38+01:00	241664	1433088	0	5.1	PE32 executable for MS Windows (GUI) Intel 80386 32-bit	149791	823681c3b8c2dafd4eaeb8044d43688d
Windows GUI	4.0	Intel 386 or later, and compatibles	2017:02:19 08:29:41+01:00	53248	503808	0	4.0	PE32 executable for MS Windows (GUI) Intel 80386 32-bit	23111	0c54af3a5908fb727ba25278dc7c37de
Windows GUI	5.0	Intel 386 or later, and compatibles	2011:01:12 10:32:57+01:00	5120	258048	0	4.0	PE32 executable for MS Windows (GUI) Intel 80386 32-bit	8718	5df1181cee24471eb0018e9d9b5b8e37
Windows GUI	5.0	Intel 386 or later, and compatibles	2018:03:12 00:14:41+01:00	29696	272384	0	5.0	PE32 executable for MS Windows (GUI) Intel 80386 32-bit	8669	105e3c83c875f2a8733fe94afc37d052
Windows GUI	4.0	Intel 386 or later, and compatibles	2014:03:25 10:43:35+01:00	50688	93696	0	4.0	PE32 executable for MS Windows (GUI) Intel 80386 32-bit	24211	4941032422321c7800a70cf51344a48d
Windows GUI	4.0	Intel 386 or later, and compatibles	2012:09:04 11:36:26+01:00	389120	4096	1417216	4.0	PE32 executable for MS Windows (GUI) Intel 80386 32-bit	1808960	b6a47da8c81c720f6825518bfcd1ab15
Windows GUI	4.0	Intel 386 or later, and compatibles	2017:05:09 06:09:20+01:00	235520	57344	0	5.1	PE32 executable for MS Windows (GUI) Intel 80386 32-bit	25534	24c859d59748fe892ec51e12ff8503c1
Windows GUI	5.0	Intel 386 or later, and compatibles	2012:01:17 22:32:15+01:00	45056	446464	0	5.0	PE32 executable for MS Windows (GUI) Intel 80386 32-bit	17787	7335847d8594d0d5aa9aa1b4d43ce8d4
Windows GUI	4.0	Intel 386 or later, and compatibles	2017:02:15 17:44:35+01:00	90112	430080	0	4.0	PE32 executable for MS Windows (GUI) Intel 80386 32-bit	46770	abebd76e8423a6a84d0a28ebedae7e1c
Windows GUI	5.1	Intel 386 or later, and compatibles	2015:11:28 05:53:25+01:00	153600	27136	0	5.1	PE32 executable for MS Windows (GUI) Intel 80386 32-bit	4148	b9758071aea7b04598b7961e306785df
Windows GUI	5.1	Intel 386 or later, and compatibles	2016:06:09 10:13:41+01:00	157696	16384	0	5.1	PE32 executable for MS Windows (GUI) Intel 80386 32-bit	5152	71953cb05cf78dbf90a0a6844930778e
Windows GUI	4.0	Intel 386 or later, and compatibles	2017:02:26 16:43:14+01:00	65536	471040	0	4.0	PE32 executable for MS Windows (GUI) Intel 80386 32-bit	26918	e6b7e0214d81aafaa8e2cebf34508fa6
Windows GUI	4.0	Intel 386 or later, and compatibles	2010:11:20 10:03:08+01:00	36864	3682304	0	4.0	PE32 executable for MS Windows (GUI) Intel 80386 32-bit	39446	dbfaa85cb0309d1d4d058cd8f9bd75ea
Windows GUI	5.1	Intel 386 or later, and compatibles	2016:04:15 18:07:10+00:00	510464	8704	0	5.1	PE32 executable for MS Windows (GUI) Intel 80386 32-bit	4608	dcc8402861e608ccd1ef4c3b008ca5bb
Windows GUI	4.0	Intel 386 or later, and compatibles	2012:09:04 11:36:26+01:00	389120	4096	1417216	4.0	PE32 executable for MS Windows (GUI) Intel 80386 32-bit	1808960	d8c90853bb6a355485933fa0f9888701
Windows GUI	5.0	Intel 386 or later, and compatibles	2018:03:08 06:53:26+01:00	625664	62464	0	5.0	PE32 executable for MS Windows (GUI) Intel 80386 32-bit	8032	813e8cb8cdc03b73dc1c8e4ecb4a6446
Windows GUI	5.0	Intel 386 or later, and compatibles	2018:03:06 10:28:29+01:00	10240	317440	0	5.0	PE32 executable for MS Windows (GUI) Intel 80386 32-bit	6400	588e99afb627d3c0ed90763f46f31be3
Windows GUI	5.0	Intel 386 or later, and compatibles	2018:03:11 11:17:12+01:00	29696	270336	0	5.0	PE32 executable for MS Windows (GUI) Intel 80386 32-bit	8659	ff7dff984ccbe09f8a1823810ecfd4a6
Windows GUI	4.0	Intel 386 or later, and compatibles	2017:02:25 18:45:03+01:00	65536	458752	0	4.0	PE32 executable for MS Windows (GUI) Intel 80386 32-bit	26902	7ce20ea5f190559f9bd618b89400e42c
Windows GUI	5.1	Intel 386 or later, and compatibles	2016:10:26 23:27:26+01:00	512000	7168	0	5.1	PE32 executable for MS Windows (GUI) Intel 80386 32-bit	4667	81e574e732232323e4f46fd737eedbc7
Windows GUI	5.1	Intel 386 or later, and compatibles	2018:03:10 08:57:48+01:00	99840	30720	0	5.1	PE32 executable for MS Windows (GUI) Intel 80386 32-bit	31264	c5e3d898c58abda9ff39b61334bb9db9
Windows GUI	4.0	Intel 386 or later, and compatibles	2010:11:20 10:03:08+01:00	36864	2228224	0	4.0	PE32 executable for MS Windows (GUI) Intel 80386 32-bit	39446	98706c2be70e8201e6a6c61e9ae901e0
Windows GUI	4.0	Intel 386 or later, and compatibles	2018:03:10 15:37:31+01:00	733184	405232	0	4.0	PE32 executable for MS Windows (GUI) Intel 80386 32-bit	4096	3f5e1034fc3a7476b2885468e76b797d
Windows GUI	5.1	Intel 386 or later, and compatibles	2018:02:09 11:56:30+01:00	77824	191488	0	5.1	PE32 executable for MS Windows (GUI) Intel 80386 32-bit	13869	f25f35ca6c8a19a43d9b5bd44e6af930
Windows GUI	4.0	Intel 386 or later, and compatibles	2017:02:19 08:29:41+01:00	53248	503808	0	4.0	PE32 executable for MS Windows (GUI) Intel 80386 32-bit	23111	f5aae832ddb2913993e93c96bc6a2932
Windows GUI	5.1	Intel 386 or later, and compatibles	2018:02:09 11:56:30+01:00	77824	191488	0	5.1	PE32 executable for MS Windows (GUI) Intel 80386 32-bit	13869	e3e65acdd531fd4c0e512cc4f0dc6a69
Windows GUI	5.0	Intel 386 or later, and compatibles	2018:02:14 23:43:27+01:00	29696	251904	0	3.0	PE32 executable for MS Windows (GUI) Intel 80386 32-bit	8691	f3fc29b374cbc5e453511633a8c6dfe5
Windows GUI	5.0	Intel 386 or later, and compatibles	2018:02:14 08:45:37+01:00	29696	253952	0	3.0	PE32 executable for MS Windows (GUI) Intel 80386 32-bit	8689	3d064037c8807b73c68785a963438826
Windows GUI	4.0	Intel 386 or later, and compatibles	2010:11:20 10:05:05+01:00	28672	3481600	0	4.0	PE32 executable for MS Windows (GUI) Intel 80386 32-bit	30650	d2dd0f478464c31bb4f742494e04abd6
Windows GUI	4.0	Intel 386 or later, and compatibles	2017:02:23 16:23:42+01:00	73728	512000	0	4.0	PE32 executable for MS Windows (GUI) Intel 80386 32-bit	43110	9f5ae4bbc76e8324726a8b7c82d12b6b
Windows GUI	5.1	Intel 386 or later, and compatibles	2018:02:09 11:56:30+01:00	77824	191488	0	5.1	PE32 executable for MS Windows (GUI) Intel 80386 32-bit	13869	c39d980781dd76414b8d1a692bf3d9b1
Windows GUI	4.0	Intel 386 or later, and compatibles	2010:11:20 10:05:05+01:00	28672	3481600	0	4.0	PE32 executable for MS Windows (GUI) Intel 80386 32-bit	30650	f29bdac92fc1a0997cd2366a4ac1f6cc
Windows GUI	5.0	Intel 386 or later, and compatibles	2017:12:24 17:03:21+01:00	236032	39424	0	5.0	PE32 executable for MS Windows (GUI) Intel 80386 32-bit	237424	51fd656fd3423f952b1f05471448e72d
Windows GUI	4.0	Intel 386 or later, and compatibles	2018:03:14 10:20:36+01:00	729088	130604	0	4.0	PE32 executable for MS Windows (GUI) Intel 80386 32-bit	4096	7de87a9e83f002c10977802d0dca19ba
Windows GUI	5.0	Intel 386 or later, and compatibles	2012:01:17 22:32:15+01:00	45056	674304	0	5.0	PE32 executable for MS Windows (GUI) Intel 80386 32-bit	17787	50b9afd7408b97fdd91cddbe9f276643
Windows GUI	5.0	Intel 386 or later, and compatibles	2018:03:11 20:42:01+01:00	257024	37376	0	5.0	PE32 executable for MS Windows (GUI) Intel 80386 32-bit	6112	2748684ebe9b823b9609e4b4e99fb9fa
Windows GUI	5.1	Intel 386 or later, and compatibles	2015:11:28 05:53:25+01:00	153600	27136	0	5.1	PE32 executable for MS Windows (GUI) Intel 80386 32-bit	4148	43afa4c61f9a51cd21ecf47262a75c72
Windows GUI	4.0	Intel 386 or later, and compatibles	2017:02:25 13:41:26+01:00	49152	499712	0	4.0	PE32 executable for MS Windows (GUI) Intel 80386 32-bit	22118	253c6c9598498931c52ef49a02610e19
Windows GUI	4.0	Intel 386 or later, and compatibles	2017:02:20 08:15:28+01:00	61440	507904	0	4.0	PE32 executable for MS Windows (GUI) Intel 80386 32-bit	23671	8efed66c3b7f4ffa790d0b2dd4db527f
Windows GUI	4.0	Intel 386 or later, and compatibles	2015:12:29 10:37:53+01:00	78336	96768	19456	4.0	PE32 executable for MS Windows (GUI) Intel 80386 32-bit	4768	461ed9a62b59cf0436ab6cee3c60fe85
Windows GUI	5.0	Intel 386 or later, and compatibles	2012:12:09 14:29:16+01:00	134144	17920	0	5.0	PE32 executable for MS Windows (GUI) Intel 80386 32-bit	130896	5416baf1c059c4ff34cf40f4205b33d6
Windows GUI	4.0	Intel 386 or later, and compatibles	2010:11:20 10:03:08+01:00	36864	3682304	0	4.0	PE32 executable for MS Windows (GUI) Intel 80386 32-bit	39446	edf5da738b492355f54d001aa51fe8f8
Windows GUI	5.1	Intel 386 or later, and compatibles	2018:02:09 11:56:30+01:00	77824	191488	0	5.1	PE32 executable for MS Windows (GUI) Intel 80386 32-bit	13869	b47d0270803b6ba91783292b7fffca22
Windows GUI	5.0	Intel 386 or later, and compatibles	2018:03:07 18:34:33+01:00	6144	120832	0	5.0	PE32 executable for MS Windows (GUI) Intel 80386 32-bit	6288	f28dc430db6e432251ad8e676b585d76
Windows GUI	5.1	Intel 386 or later, and compatibles	2018:02:09 11:56:30+01:00	77824	191488	0	5.1	PE32 executable for MS Windows (GUI) Intel 80386 32-bit	13869	a0be079a5c5de737a6b343d5e36e6563
Windows GUI	5.0	Intel 386 or later, and compatibles	2012:01:17 22:32:15+01:00	45056	374784	0	5.0	PE32 executable for MS Windows (GUI) Intel 80386 32-bit	17787	afd89f2156faf1fa407b261d52166834
Windows GUI	5.0	Intel 386 or later, and compatibles	2018:03:07 15:40:32+01:00	257536	62464	0	5.0	PE32 executable for MS Windows (GUI) Intel 80386 32-bit	6400	b3c05da88ff684b3a621c3991f9c85e9
Windows GUI	4.0	Intel 386 or later, and compatibles	2010:11:20 10:03:08+01:00	36864	3682304	0	4.0	PE32 executable for MS Windows (GUI) Intel 80386 32-bit	39446	632fa9da298709a785481771b8313fff
Windows GUI	4.0	Intel 386 or later, and compatibles	2016:05:10 04:04:39+01:00	30720	208384	0	5.1	PE32 executable for MS Windows (GUI) Intel 80386 32-bit	19017	df16afc3de4a97c07a71cb281694312e
Windows GUI	4.0	Intel 386 or later, and compatibles	2010:11:20 10:05:05+01:00	28672	3481600	0	4.0	PE32 executable for MS Windows (GUI) Intel 80386 32-bit	30650	50a498a404cfa69ee1deba6139eb51f3
Windows GUI	5.0	Intel 386 or later, and compatibles	2013:03:11 20:09:18+01:00	23040	187392	0	5.0	PE32 executable for MS Windows (GUI) Intel 80386 32-bit	6224	ba8e105453a27896ecade8234174725c
Windows GUI	5.1	Intel 386 or later, and compatibles	2018:02:09 07:58:38+01:00	77824	191488	0	5.1	PE32 executable for MS Windows (GUI) Intel 80386 32-bit	13927	eed189949076a188a57c87b068648ccb
Windows GUI	4.0	Intel 386 or later, and compatibles	2018:03:11 14:29:00+01:00	733184	68844	0	4.0	PE32 executable for MS Windows (GUI) Intel 80386 32-bit	4096	ff5e67d3d4239c3a784b75c1c996a0db
Windows GUI	5.1	Intel 386 or later, and compatibles	2016:04:15 19:07:10+01:00	510464	8704	0	5.1	PE32 executable for MS Windows (GUI) Intel 80386 32-bit	4608	30cc30d640ddb928e9eb1fe6d2d1155f
Windows GUI	5.1	Intel 386 or later, and compatibles	2016:03:31 21:04:31+01:00	5913600	130560	0	5.1	PE32 executable for MS Windows (GUI) Intel 80386 32-bit	5529236	af423724dc27829305dfee093744943a
Windows GUI	4.0	Intel 386 or later, and compatibles	2013:09:21 05:45:30+01:00	4608	32768	0	4.0	PE32 executable for MS Windows (GUI) Intel 80386 32-bit	8017	becd26db62864ac38fe8ace266165f5a
Windows GUI	5.0	Intel 386 or later, and compatibles	2012:01:17 22:32:15+01:00	45056	667648	0	5.0	PE32 executable for MS Windows (GUI) Intel 80386 32-bit	17787	52dad8dd0116b4136ee4cad48d6a4dee
Windows GUI	4.0	Intel 386 or later, and compatibles	2012:05:14 15:36:59+01:00	5120	75776	0	4.0	PE32 executable for MS Windows (GUI) Intel 80386 32-bit	7896	0679c3bd2efc1015a351f2f0c38a36e3
Windows GUI	5.1	Intel 386 or later, and compatibles	2016:10:26 23:27:26+01:00	512000	9216	0	5.1	PE32 executable for MS Windows (GUI) Intel 80386 32-bit	4608	5c7321448dd6103355e1d209c8a70a29
Windows GUI	4.0	Intel 386 or later, and compatibles	2011:05:31 03:15:18+01:00	155648	126976	0	4.0	PE32 executable for MS Windows (GUI) Intel 80386 32-bit	27712	a0cc7e9195748041f542f07f6b7bbc73
Windows GUI	5.1	Intel 386 or later, and compatibles	2015:11:22 11:28:05+01:00	5665280	120832	0	5.1	PE32 executable for MS Windows (GUI) Intel 80386 32-bit	5626075	413af21f7c0033ca632362acc337e2da
Windows GUI	5.0	Intel 386 or later, and compatibles	2018:02:16 11:20:46+01:00	29696	251904	0	3.0	PE32 executable for MS Windows (GUI) Intel 80386 32-bit	8693	68fe8ffa9290ad67055503396fb4feb6
Windows GUI	5.1	Intel 386 or later, and compatibles	2015:07:21 07:04:35+01:00	322048	5355008	0	5.1	PE32 executable for MS Windows (GUI) Intel 80386 32-bit	4664	4a35a2f256ee343ac9b58062f36a1140
Windows GUI	4.0	Intel 386 or later, and compatibles	2017:02:20 08:15:28+01:00	61440	507904	0	4.0	PE32 executable for MS Windows (GUI) Intel 80386 32-bit	23671	f6bbb7a78c72089a237281e12b364b52
Windows GUI	4.0	Intel 386 or later, and compatibles	2010:11:20 10:03:08+01:00	36864	3682304	0	4.0	PE32 executable for MS Windows (GUI) Intel 80386 32-bit	39446	921229e0f11775f6054265486f2e71c9
Windows GUI	5.1	Intel 386 or later, and compatibles	2018:02:09 12:33:21+01:00	77824	3616768	0	5.1	PE32 executable for MS Windows (GUI) Intel 80386 32-bit	13869	ce5c4ccd48fdd8ff1e5edfb5eae54c3e
Windows GUI	5.1	Intel 386 or later, and compatibles	2015:07:21 07:04:35+01:00	322048	5355008	0	5.1	PE32 executable for MS Windows (GUI) Intel 80386 32-bit	4664	e5197d64dc9772b872e37f10b6e43a06
Windows GUI	5.0	Intel 386 or later, and compatibles	2018:03:11 06:45:09+01:00	204288	71680	0	3.0	PE32 executable for MS Windows (GUI) Intel 80386 32-bit	183697	fa4c288c3f3469982d0b95cf4dd54a9b
Windows GUI	5.1	Intel 386 or later, and compatibles	2015:11:28 05:53:25+01:00	146944	27136	0	5.1	PE32 executable for MS Windows (GUI) Intel 80386 32-bit	4148	97f96448a8d9fa18946e0e4ff88f42e8
				0	0	0		PE32 executable for MS Windows (GUI) Intel 80386 32-bit	5583	b26af5aa63c0d1134f29413fa940aed3
Windows GUI	5.0	Intel 386 or later, and compatibles	2018:03:12 00:04:29+01:00	29696	272384	0	5.0	PE32 executable for MS Windows (GUI) Intel 80386 32-bit	8669	af77e678ca54830a92a9c2938f12c359
Windows GUI	5.0	Intel 386 or later, and compatibles	2018:03:07 13:11:23+01:00	6144	120832	0	5.0	PE32 executable for MS Windows (GUI) Intel 80386 32-bit	6288	7bf783af8ec39914f102e0cc83b34403
Windows GUI	4.0	Intel 386 or later, and compatibles	2017:02:19 08:29:41+01:00	53248	503808	0	4.0	PE32 executable for MS Windows (GUI) Intel 80386 32-bit	23111	0597b82d23f47f8c9f3d2e5416113fbe
Windows GUI	4.0	Intel 386 or later, and compatibles	2010:11:20 10:05:05+01:00	28672	3481600	0	4.0	PE32 executable for MS Windows (GUI) Intel 80386 32-bit	30650	d6fc1208cb9f49b627ce29853ff11270
Windows GUI	4.0	Intel 386 or later, and compatibles	2010:11:20 10:03:08+01:00	36864	3682304	0	4.0	PE32 executable for MS Windows (GUI) Intel 80386 32-bit	39446	7294559e8252d584c072d4f05c40b770
Windows GUI	5.1	Intel 386 or later, and compatibles	2016:04:15 19:07:10+01:00	6656	514048	0	5.1	PE32 executable for MS Windows (GUI) Intel 80386 32-bit	4608	8f54a0438adf3c1f2d4153c24d2ea6d6
Windows GUI	4.0	Intel 386 or later, and compatibles	2010:11:20 10:03:08+01:00	36864	2228224	0	4.0	PE32 executable for MS Windows (GUI) Intel 80386 32-bit	39446	9028d298af2640ec73585692144f1b42
Windows GUI	5.1	Intel 386 or later, and compatibles	2016:10:07 14:00:15+01:00	481280	239616	0	5.1	PE32 executable for MS Windows (GUI) Intel 80386 32-bit	269857	fdbdd6939ccbebcc178af85f1bca6346
Windows GUI	5.1	Intel 386 or later, and compatibles	2024:05:31 03:17:41+01:00	127488	15872	0	5.1	PE32 executable for MS Windows (GUI) Intel 80386 32-bit	5164	999897cbacf43444237bc5a5f9efc823
Windows GUI	4.0	Intel 386 or later, and compatibles	2017:02:16 18:09:27+01:00	49152	454656	0	4.0	PE32 executable for MS Windows (GUI) Intel 80386 32-bit	17891	cf8b1b76e2afaa0cd5d45a6246a08f8f
Windows GUI	5.0	Intel 386 or later, and compatibles	2017:02:23 09:29:57+01:00	94208	4096	159744	5.0	PE32 executable for MS Windows (GUI) Intel 80386 32-bit	251136	6602e1b6e6c7d396dcb7743b2c113cbf
Windows GUI	5.1	Intel 386 or later, and compatibles	2016:10:26 23:27:26+01:00	512000	7168	0	5.1	PE32 executable for MS Windows (GUI) Intel 80386 32-bit	4667	bf5f4ebb8dc7d261ef5e8a05c508e239
Windows GUI	4.0	Intel 386 or later, and compatibles	2010:11:20 10:03:08+01:00	36864	2228224	0	4.0	PE32 executable for MS Windows (GUI) Intel 80386 32-bit	39446	45ba11cce3e4727b4877a859c209c197
Windows GUI	4.0	Intel 386 or later, and compatibles	2010:11:20 10:03:08+01:00	36864	3682304	0	4.0	PE32 executable for MS Windows (GUI) Intel 80386 32-bit	39446	ef527c9dab75735576d50a9ab0321d8a
Windows GUI	5.1	Intel 386 or later, and compatibles	2014:03:20 17:55:26+01:00	470016	143360	0	5.1	PE32 executable for MS Windows (GUI) Intel 80386 32-bit	4132	450d0347639c24bce1d22c5e7881cb9c
Windows GUI	5.1	Intel 386 or later, and compatibles	2024:05:31 03:17:41+01:00	126976	15360	0	5.1	PE32 executable for MS Windows (GUI) Intel 80386 32-bit	4712	329eb3d444fdf057f06b0f525e6c4063
Windows GUI	4.0	Intel 386 or later, and compatibles	2016:05:10 04:04:39+01:00	24576	33280	0	5.1	PE32 executable for MS Windows (GUI) Intel 80386 32-bit	10701	3072b864540b53a39f979329dd63c524
Windows GUI	5.0	Intel 386 or later, and compatibles	2018:03:07 21:01:45+01:00	29696	422400	0	5.0	PE32 executable for MS Windows (GUI) Intel 80386 32-bit	8659	5c82009636b0ca498a7707c55363155e
Windows command line	4.0	Intel 386 or later, and compatibles	2018:02:01 21:18:05+01:00	70144	194048	0	4.0	PE32 executable for MS Windows (console) Intel 80386 32-bit	4096	c2e2ac40e3e19e645e52ceac9fb3bf49
Windows GUI	4.0	Intel 386 or later, and compatibles	2010:11:20 10:03:08+01:00	36864	3682304	0	4.0	PE32 executable for MS Windows (GUI) Intel 80386 32-bit	39446	5d20f4655faf795bcc6fa8f9599892a8
Windows GUI	4.0	Intel 386 or later, and compatibles	2017:02:11 10:40:13+01:00	139264	499712	0	4.0	PE32 executable for MS Windows (GUI) Intel 80386 32-bit	76591	4f7cc501483bb2c2a9d7d2594b1559ce
Windows GUI	5.0	Intel 386 or later, and compatibles	2018:03:07 11:25:52+01:00	257024	61952	0	5.0	PE32 executable for MS Windows (GUI) Intel 80386 32-bit	6400	5da975f435c1469a57c5c1b0d05381fa
Windows GUI	5.0	Intel 386 or later, and compatibles	2018:02:20 14:07:47+01:00	104448	94720	0	5.0	PE32 executable for MS Windows (GUI) Intel 80386 32-bit	65519	d26ab604bccedd959bea6b550c630a63
Windows GUI	5.1	Intel 386 or later, and compatibles	2016:04:15 19:07:10+01:00	510464	8704	0	5.1	PE32 executable for MS Windows (GUI) Intel 80386 32-bit	4608	e4807868d3a654ede9136e3d7853874c
Windows GUI	4.0	Intel 386 or later, and compatibles	2016:11:12 15:39:41+01:00	226304	12800	0	4.0	PE32 executable for MS Windows (GUI) Intel 80386 32-bit Mono/.Net assembly	234126	f175139a962da46c1a7c35c08d2617d6
				0	0	0		PE32 executable for MS Windows (GUI) Intel 80386 32-bit	13927	dfb0fd1bd218e8e5c731b910155a7346
Windows GUI	4.0	Intel 386 or later, and compatibles	2010:11:20 10:03:08+01:00	36864	3682304	0	4.0	PE32 executable for MS Windows (GUI) Intel 80386 32-bit	39446	81d70034e3964cdc0038182b10490888
Windows GUI	5.0	Intel 386 or later, and compatibles	2012:01:17 22:32:15+01:00	45056	426496	0	5.0	PE32 executable for MS Windows (GUI) Intel 80386 32-bit	17787	dfadbe9f7532ea36f16a5ec40d7f3c16
Windows GUI	5.1	Intel 386 or later, and compatibles	2018:02:09 11:56:30+01:00	77824	191488	0	5.1	PE32 executable for MS Windows (GUI) Intel 80386 32-bit	13869	e517da7d95ca953a8526bc19f07ba159
Windows GUI	5.1	Intel 386 or later, and compatibles	2015:12:22 12:25:57+01:00	111104	5120	0	5.1	PE32 executable for MS Windows (GUI) Intel 80386 32-bit	10478	4c376738505255d0de3eb5b0cf6fc23e
Windows GUI	5.1	Intel 386 or later, and compatibles	2016:04:15 19:07:10+01:00	510464	8704	0	5.1	PE32 executable for MS Windows (GUI) Intel 80386 32-bit	4608	8cd4f9da0fe60d80d5c3582034700d36
Windows GUI	4.0	Intel 386 or later, and compatibles	2017:02:19 19:24:38+01:00	61440	507904	0	4.0	PE32 executable for MS Windows (GUI) Intel 80386 32-bit	23671	203e3c4916f65945010011d25d1f47d3
Windows GUI	4.0	Intel 386 or later, and compatibles	2017:02:16 18:09:27+01:00	49152	454656	0	4.0	PE32 executable for MS Windows (GUI) Intel 80386 32-bit	17891	a82a43f46b3c539a19126ba682362d1e
Windows GUI	5.1	Intel 386 or later, and compatibles	2024:05:31 03:17:41+01:00	126976	15360	0	5.1	PE32 executable for MS Windows (GUI) Intel 80386 32-bit	4712	fd40fa13cb1349a2e14daee745c1f594
Windows GUI	5.1	Intel 386 or later, and compatibles	2018:02:09 07:58:38+01:00	77824	191488	0	5.1	PE32 executable for MS Windows (GUI) Intel 80386 32-bit	13927	ecf4a1d646205e916e0b2c59c42097fc
Windows GUI	5.1	Intel 386 or later, and compatibles	2004:07:28 15:54:45+01:00	175104	169472	0	5.1	PE32 executable for MS Windows (GUI) Intel 80386 32-bit	35515	807a24237a93dd8061512a7aae2caa5d
Windows GUI	4.0	Intel 386 or later, and compatibles	2010:11:20 10:03:08+01:00	36864	3682304	0	4.0	PE32 executable for MS Windows (GUI) Intel 80386 32-bit	39446	6c8e4418425aedd090145a378647f816
Windows GUI	4.0	Intel 386 or later, and compatibles	2017:02:19 08:29:41+01:00	53248	503808	0	4.0	PE32 executable for MS Windows (GUI) Intel 80386 32-bit	23111	0a2d6a60bd298b2fcc04a618095a6a97
Windows GUI	5.0	Intel 386 or later, and compatibles	2013:04:15 15:29:21+01:00	183808	12288	0	5.0	PE32 executable for MS Windows (GUI) Intel 80386 32-bit	7776	aebb40ad1ccf08d0a1c1fb3e67a81e49
Windows GUI	4.0	Intel 386 or later, and compatibles	2010:11:20 10:03:08+01:00	36864	3682304	0	4.0	PE32 executable for MS Windows (GUI) Intel 80386 32-bit	39446	24751890c0f8ec4516e9f0ee9b8af6d2
Windows GUI	4.0	Intel 386 or later, and compatibles	2010:11:20 10:03:08+01:00	36864	3682304	0	4.0	PE32 executable for MS Windows (GUI) Intel 80386 32-bit	39446	0e2393207a89bf6bd9bee8cbe1ddab5f
Windows GUI	5.1	Intel 386 or later, and compatibles	2015:11:28 05:53:25+01:00	146944	27136	0	5.1	PE32 executable for MS Windows (GUI) Intel 80386 32-bit	4148	a3ee324462ffe38b4e8776c4eda35188
Windows GUI	4.0	Intel 386 or later, and compatibles	2010:11:20 10:03:08+01:00	36864	3682304	0	4.0	PE32 executable for MS Windows (GUI) Intel 80386 32-bit	39446	36ea6f44f742af83397668b4074c0b56
Windows GUI	4.0	Intel 386 or later, and compatibles	2017:02:25 13:41:26+01:00	49152	499712	0	4.0	PE32 executable for MS Windows (GUI) Intel 80386 32-bit	22118	a9fbe1ad3259c0e39807a897e035b4cc
Windows GUI	4.0	Intel 386 or later, and compatibles	2010:11:20 10:03:08+01:00	36864	2228224	0	4.0	PE32 executable for MS Windows (GUI) Intel 80386 32-bit	39446	532d7c5017ccd63114df861e6412b364
Windows GUI	5.1	Intel 386 or later, and compatibles	2016:10:26 23:27:26+01:00	512000	7168	0	5.1	PE32 executable for MS Windows (GUI) Intel 80386 32-bit	4667	faef7072005ebb5466ef1dc1ba9c125c
Windows GUI	5.1	Intel 386 or later, and compatibles	2015:10:04 14:46:54+01:00	7680	513024	0	5.1	PE32 executable for MS Windows (GUI) Intel 80386 32-bit	5632	5f809caf59dc5b9107db3cf0e333a433
Windows GUI	5.0	Intel 386 or later, and compatibles	2018:03:07 20:44:09+01:00	257536	62464	0	5.0	PE32 executable for MS Windows (GUI) Intel 80386 32-bit	6400	a189d2bc9013832a442e00b6cd4db7bf
Windows GUI	4.0	Intel 386 or later, and compatibles	2010:11:20 10:05:05+01:00	28672	3481600	0	4.0	PE32 executable for MS Windows (GUI) Intel 80386 32-bit	30650	cb6debafb215ab7681689cb86d73e036
Windows GUI	5.0	Intel 386 or later, and compatibles	2018:03:07 08:48:21+01:00	6144	119296	0	5.0	PE32 executable for MS Windows (GUI) Intel 80386 32-bit	6208	6fa027b671c8c6cdca6964a0c81b779d
Windows GUI	4.0	Intel 386 or later, and compatibles	2017:05:29 11:29:34+01:00	135168	335872	0	4.0	PE32 executable for MS Windows (GUI) Intel 80386 32-bit	55118	d78d581aa90b5bfe9174057003f3ab47
Windows GUI	5.0	Intel 386 or later, and compatibles	2012:03:05 18:19:28+01:00	512	503296	0	5.0	PE32 executable for MS Windows (GUI) Intel 80386 32-bit	4139	a08d8b4101519dc1fda3b19687f794c5
Windows GUI	4.0	Intel 386 or later, and compatibles	2010:11:20 10:03:08+01:00	36864	3682304	0	4.0	PE32 executable for MS Windows (GUI) Intel 80386 32-bit	39446	ce6741a0ba7159377f1c4e364ea280d5
Windows GUI	5.1	Intel 386 or later, and compatibles	2018:03:10 02:48:41+01:00	42496	108544	0	5.1	PE32 executable for MS Windows (GUI) Intel 80386 32-bit	5046	d6067fc20665ee8a2a4fe48680da8a92
Windows GUI	4.0	Intel 386 or later, and compatibles	2012:09:04 11:36:26+01:00	389120	4096	1417216	4.0	PE32 executable for MS Windows (GUI) Intel 80386 32-bit	1808960	e78fb8c1fe03a2e794f629a69cbb9fb4
Windows GUI	5.1	Intel 386 or later, and compatibles	2018:03:08 22:19:38+01:00	241664	1433088	0	5.1	PE32 executable for MS Windows (GUI) Intel 80386 32-bit	149791	8384353a1867254ad5517984f7781f2b
Windows GUI	4.0	Intel 386 or later, and compatibles	2010:11:20 10:05:05+01:00	28672	3481600	0	4.0	PE32 executable for MS Windows (GUI) Intel 80386 32-bit	30650	0312a1cdbf0d9250db06ec75a5917268
Windows GUI	4.0	Intel 386 or later, and compatibles	2010:11:20 10:05:05+01:00	28672	3481600	0	4.0	PE32 executable for MS Windows (GUI) Intel 80386 32-bit	30650	af1f034f22690096b5cfa55676f69368
Windows GUI	5.1	Intel 386 or later, and compatibles	2015:07:21 07:04:35+01:00	322048	5355008	0	5.1	PE32 executable for MS Windows (GUI) Intel 80386 32-bit	4664	2c7eb50850ecee3390a0ebe411cc54c3
Windows GUI	5.1	Intel 386 or later, and compatibles	2018:02:07 15:03:41+01:00	48640	69632	0	5.1	PE32 executable for MS Windows (GUI) Intel 80386 32-bit	5767	32137db58509d26fbe616e6e50f6b336
Windows GUI	5.0	Intel 386 or later, and compatibles	2012:01:17 22:32:15+01:00	45056	374784	0	5.0	PE32 executable for MS Windows (GUI) Intel 80386 32-bit	17787	e3c989ac2adf3ad111a6c87ef3ed0bf1
Windows GUI	5.1	Intel 386 or later, and compatibles	2018:02:09 07:58:38+01:00	77824	191488	0	5.1	PE32 executable for MS Windows (GUI) Intel 80386 32-bit	13927	ff3fbd71dbc40995511d26b9ca1ccf95
Windows GUI	4.0	Intel 386 or later, and compatibles	0000:00:00 00:00:00	1517568	75776	0	4.0	PE32 executable for MS Windows (GUI) Intel 80386 32-bit	312224	880212f8e5f0c926487be2e3d7e59c58
Windows GUI	4.0	Intel 386 or later, and compatibles	2010:11:20 10:03:08+01:00	36864	2228224	0	4.0	PE32 executable for MS Windows (GUI) Intel 80386 32-bit	39446	c01e90a893f161ae230ddae983ae159c
Windows GUI	4.0	Intel 386 or later, and compatibles	2016:05:10 04:04:39+01:00	24576	33280	0	5.1	PE32 executable for MS Windows (GUI) Intel 80386 32-bit	10701	0898ae6d282150161455b7ea5eefbb5f
Windows GUI	5.0	Intel 386 or later, and compatibles	2015:01:19 01:12:55+01:00	217088	224768	0	5.0	PE32 executable for MS Windows (GUI) Intel 80386 32-bit	118708	3e20d05a64da0a45b5d44854d7bde875
Windows GUI	5.0	Intel 386 or later, and compatibles	2012:01:17 22:32:15+01:00	45056	375296	0	5.0	PE32 executable for MS Windows (GUI) Intel 80386 32-bit	17787	34496e26c8d80876d19ef50ab5d0f699
Windows GUI	5.1	Intel 386 or later, and compatibles	2016:10:26 23:27:26+01:00	512000	7168	0	5.1	PE32 executable for MS Windows (GUI) Intel 80386 32-bit	4667	6774b7f23af07dda368b705aea069b10
Windows GUI	4.0	Intel 386 or later, and compatibles	2017:02:22 13:15:50+01:00	65536	512000	0	4.0	PE32 executable for MS Windows (GUI) Intel 80386 32-bit	38162	008f31db08c42e5306d060f9e7171ee7
Windows GUI	4.0	Intel 386 or later, and compatibles	2017:02:14 16:55:31+01:00	106496	479232	0	4.0	PE32 executable for MS Windows (GUI) Intel 80386 32-bit	55426	6b7d1f024fd8a98c933a2c5d7c644285
Windows GUI	5.1	Intel 386 or later, and compatibles	2016:04:15 19:07:10+01:00	6656	514048	0	5.1	PE32 executable for MS Windows (GUI) Intel 80386 32-bit	4608	34eb209615c71a389df132f9ba9ff02b
Windows GUI	5.1	Intel 386 or later, and compatibles	2018:02:09 06:58:38+00:00	77824	191488	0	5.1	PE32 executable for MS Windows (GUI) Intel 80386 32-bit	13927	d92db3371150d0801d1814523e5115bc
Windows GUI	5.0	Intel 386 or later, and compatibles	2012:01:17 22:32:15+01:00	45056	445952	0	5.0	PE32 executable for MS Windows (GUI) Intel 80386 32-bit	17787	d08bae3942fa1e7d96aeca71f4cb0ee9
Windows GUI	5.0	Intel 386 or later, and compatibles	2014:12:02 11:07:30+01:00	165376	35328	0	5.0	PE32 executable for MS Windows (GUI) Intel 80386 32-bit	120283	1238f2fcb835dcfe46ea08a707dba7d2
Windows GUI	4.0	Intel 386 or later, and compatibles	2010:11:20 10:03:08+01:00	36864	3682304	0	4.0	PE32 executable for MS Windows (GUI) Intel 80386 32-bit	39446	7261fb10d518402e31cd63ad15b38825
Windows GUI	4.0	Intel 386 or later, and compatibles	2010:11:20 10:05:05+01:00	28672	3481600	0	4.0	PE32 executable for MS Windows (GUI) Intel 80386 32-bit	30650	e11f0c0857338c9382a027953a8b85f9
Windows GUI	5.0	Intel 386 or later, and compatibles	2018:03:11 12:34:55+01:00	256512	36864	0	5.0	PE32 executable for MS Windows (GUI) Intel 80386 32-bit	6304	6169ae69bbcdb7a6576939604ba86bf1
Windows GUI	4.0	Intel 386 or later, and compatibles	2012:09:04 11:36:26+01:00	389120	4096	1417216	4.0	PE32 executable for MS Windows (GUI) Intel 80386 32-bit	1808960	eff35a0874ec4bbee6c3d0dc85a48feb
Windows GUI	5.1	Intel 386 or later, and compatibles	2018:02:09 07:58:38+01:00	77824	191488	0	5.1	PE32 executable for MS Windows (GUI) Intel 80386 32-bit	13927	c2fb70d3cfd7b6ae70a05108dd032e64
Windows GUI	4.0	Intel 386 or later, and compatibles	2010:11:20 10:05:05+01:00	28672	3481600	0	4.0	PE32 executable for MS Windows (GUI) Intel 80386 32-bit	30650	79a567e4aadcc99c02463da1d35b99f3
Windows GUI	5.0	Intel 386 or later, and compatibles	2018:03:13 06:45:33+01:00	204800	75776	0	3.0	PE32 executable for MS Windows (GUI) Intel 80386 32-bit	184141	161a56741faeab572b3fc3b573ddb068
Windows GUI	5.0	Intel 386 or later, and compatibles	2018:03:05 03:07:09+01:00	29696	237056	0	5.0	PE32 executable for MS Windows (GUI) Intel 80386 32-bit	9627	a1a4c51140a8ba56651c8b915f1cd620
