md5	export_names
fcc73a6ad47697c4a7fa630fb7978f5d	?CreateDefaultBrowserInfo@@YGPAVIDefaultBrowserInfo@@XZ
fcc73a6ad47697c4a7fa630fb7978f5d	?CreateDirectXVersionInfo@@YGPAVIDirectXVersionInfo@@XZ
fcc73a6ad47697c4a7fa630fb7978f5d	?CreateDisplaysDeviceInfo@@YGPAVIDisplayDevicesInfo@@XZ
fcc73a6ad47697c4a7fa630fb7978f5d	?CreateFixedDriveInfo@@YGPAVIFixedDriveInfo@@XZ
fcc73a6ad47697c4a7fa630fb7978f5d	?CreateFixedDrivesInfo@@YGPAVIFixedDrivesInfo@@XZ
fcc73a6ad47697c4a7fa630fb7978f5d	?CreateFlashInfo@@YGPAVIFlashInfo@@XZ
fcc73a6ad47697c4a7fa630fb7978f5d	?CreateIEVersionInfo@@YGPAVIIEVersionInfo@@XZ
fcc73a6ad47697c4a7fa630fb7978f5d	?CreateMacAddress@@YGPAVIMacAddress@@XZ
fcc73a6ad47697c4a7fa630fb7978f5d	?CreateMachineInfo@@YGPAVIMachineInfo@@XZ
fcc73a6ad47697c4a7fa630fb7978f5d	?CreateMachineInfoXML@@YGPAVIMachineInfoXML@@XZ
fcc73a6ad47697c4a7fa630fb7978f5d	?CreateOSInfo@@YGPAVIOSInfo@@XZ
fcc73a6ad47697c4a7fa630fb7978f5d	?CreateProcessorsInfo@@YGPAVIProcessorsInfo@@XZ
fcc73a6ad47697c4a7fa630fb7978f5d	?CreateRamInfo@@YGPAVIRamInfo@@XZ
fcc73a6ad47697c4a7fa630fb7978f5d	?CreateSoundDevicesInfo@@YGPAVISoundDevicesInfo@@XZ
fcc73a6ad47697c4a7fa630fb7978f5d	?CreateUserExperience@@YGPAVIUserExperience@@XZ
fcc73a6ad47697c4a7fa630fb7978f5d	?CreateVMInfo@@YGPAVIVMInfo@@XZ
8c24e20a60cae4113588d0ff6805d8ac	tbxrzxzbqwfret
3c7f6b425fcb3ed48a3112bda6928e8e	tzxrzxzbqwfret
e88206c97ae164b196a10b024f324291	?CreateDefaultBrowserInfo@@YGPAVIDefaultBrowserInfo@@XZ
e88206c97ae164b196a10b024f324291	?CreateDirectXVersionInfo@@YGPAVIDirectXVersionInfo@@XZ
e88206c97ae164b196a10b024f324291	?CreateDisplaysDeviceInfo@@YGPAVIDisplayDevicesInfo@@XZ
e88206c97ae164b196a10b024f324291	?CreateFixedDriveInfo@@YGPAVIFixedDriveInfo@@XZ
e88206c97ae164b196a10b024f324291	?CreateFixedDrivesInfo@@YGPAVIFixedDrivesInfo@@XZ
e88206c97ae164b196a10b024f324291	?CreateFlashInfo@@YGPAVIFlashInfo@@XZ
e88206c97ae164b196a10b024f324291	?CreateIEVersionInfo@@YGPAVIIEVersionInfo@@XZ
e88206c97ae164b196a10b024f324291	?CreateMacAddress@@YGPAVIMacAddress@@XZ
e88206c97ae164b196a10b024f324291	?CreateMachineInfo@@YGPAVIMachineInfo@@XZ
e88206c97ae164b196a10b024f324291	?CreateMachineInfoXML@@YGPAVIMachineInfoXML@@XZ
e88206c97ae164b196a10b024f324291	?CreateOSInfo@@YGPAVIOSInfo@@XZ
e88206c97ae164b196a10b024f324291	?CreateProcessorsInfo@@YGPAVIProcessorsInfo@@XZ
e88206c97ae164b196a10b024f324291	?CreateRamInfo@@YGPAVIRamInfo@@XZ
e88206c97ae164b196a10b024f324291	?CreateSoundDevicesInfo@@YGPAVISoundDevicesInfo@@XZ
e88206c97ae164b196a10b024f324291	?CreateUserExperience@@YGPAVIUserExperience@@XZ
e88206c97ae164b196a10b024f324291	?CreateVMInfo@@YGPAVIVMInfo@@XZ
f112bee8dc6208e6b4431953a49af506	kioplas
b9758071aea7b04598b7961e306785df	tbxrzxzbqwfret
43afa4c61f9a51cd21ecf47262a75c72	tbxrzxzbqwfret
0679c3bd2efc1015a351f2f0c38a36e3	Hai
97f96448a8d9fa18946e0e4ff88f42e8	tzxrzxzbqwfret
fdbdd6939ccbebcc178af85f1bca6346	?CreateDefaultBrowserInfo@@YGPAVIDefaultBrowserInfo@@XZ
fdbdd6939ccbebcc178af85f1bca6346	?CreateDirectXVersionInfo@@YGPAVIDirectXVersionInfo@@XZ
fdbdd6939ccbebcc178af85f1bca6346	?CreateDisplaysDeviceInfo@@YGPAVIDisplayDevicesInfo@@XZ
fdbdd6939ccbebcc178af85f1bca6346	?CreateFixedDriveInfo@@YGPAVIFixedDriveInfo@@XZ
fdbdd6939ccbebcc178af85f1bca6346	?CreateFixedDrivesInfo@@YGPAVIFixedDrivesInfo@@XZ
fdbdd6939ccbebcc178af85f1bca6346	?CreateFlashInfo@@YGPAVIFlashInfo@@XZ
fdbdd6939ccbebcc178af85f1bca6346	?CreateIEVersionInfo@@YGPAVIIEVersionInfo@@XZ
fdbdd6939ccbebcc178af85f1bca6346	?CreateMacAddress@@YGPAVIMacAddress@@XZ
fdbdd6939ccbebcc178af85f1bca6346	?CreateMachineInfo@@YGPAVIMachineInfo@@XZ
fdbdd6939ccbebcc178af85f1bca6346	?CreateMachineInfoXML@@YGPAVIMachineInfoXML@@XZ
fdbdd6939ccbebcc178af85f1bca6346	?CreateOSInfo@@YGPAVIOSInfo@@XZ
fdbdd6939ccbebcc178af85f1bca6346	?CreateProcessorsInfo@@YGPAVIProcessorsInfo@@XZ
fdbdd6939ccbebcc178af85f1bca6346	?CreateRamInfo@@YGPAVIRamInfo@@XZ
fdbdd6939ccbebcc178af85f1bca6346	?CreateSoundDevicesInfo@@YGPAVISoundDevicesInfo@@XZ
fdbdd6939ccbebcc178af85f1bca6346	?CreateUserExperience@@YGPAVIUserExperience@@XZ
fdbdd6939ccbebcc178af85f1bca6346	?CreateVMInfo@@YGPAVIVMInfo@@XZ
329eb3d444fdf057f06b0f525e6c4063	raedopt
fd40fa13cb1349a2e14daee745c1f594	raedopt
a3ee324462ffe38b4e8776c4eda35188	tzxrzxzbqwfret
