md5	library_names
7ba5ce04595768a6ee7814366aa611a8	KERNEL32.dll
7ba5ce04595768a6ee7814366aa611a8	MSVCRT.dll
f985b56f9d8dbe2c5f92edf14b5384f5	KERNEL32.dll
f985b56f9d8dbe2c5f92edf14b5384f5	MSVCRT.dll
83b263a3766c13efd24dd8cdb4419cee	KERNEL32.dll
83b263a3766c13efd24dd8cdb4419cee	MSVCRT.dll
1750210a0d44924c9f140e61954cc028	IPHLPAPI.DLL
1750210a0d44924c9f140e61954cc028	CRYPT32.dll
1750210a0d44924c9f140e61954cc028	ADVAPI32.dll
1750210a0d44924c9f140e61954cc028	KERNEL32.dll
1750210a0d44924c9f140e61954cc028	OLEAUT32.dll
1750210a0d44924c9f140e61954cc028	SHELL32.dll
1750210a0d44924c9f140e61954cc028	ole32.dll
1750210a0d44924c9f140e61954cc028	WS2_32.dll
1750210a0d44924c9f140e61954cc028	USERENV.dll
faaeabde1c0f2278e4b38fbca152ff85	KERNEL32.dll
faaeabde1c0f2278e4b38fbca152ff85	MSVCRT.dll
182212a6cd19e379d2e99b1a6d574280	KERNEL32.dll
182212a6cd19e379d2e99b1a6d574280	MSVCRT.dll
7e6cf6eca7ffb91f9438fb3e2c8a23d2	KERNEL32.dll
7e6cf6eca7ffb91f9438fb3e2c8a23d2	MSVCRT.dll
f893c31648ddb18043da19dba47e9d27	KERNEL32.dll
f893c31648ddb18043da19dba47e9d27	MSVCRT.dll
1519a3eb7d1cd3b9e7d7db2bdd6d5834	KERNEL32.dll
1519a3eb7d1cd3b9e7d7db2bdd6d5834	MSVCRT.dll
6f650979458e62b874fe02c891d8b0de	KERNEL32.dll
6f650979458e62b874fe02c891d8b0de	MSVCRT.dll
681a5a38f3a1bc79974a66f5c30ca48d	KERNEL32.dll
681a5a38f3a1bc79974a66f5c30ca48d	MSVCRT.dll
20d0fa88bd4ef3819de63c704e849854	KERNEL32.dll
20d0fa88bd4ef3819de63c704e849854	MSVCRT.dll
dea9316000b70e0ee0ccc973c9ff0590	KERNEL32.dll
dea9316000b70e0ee0ccc973c9ff0590	MSVCRT.dll
682c3c957b38f99160c788b4e62b109e	KERNEL32.dll
682c3c957b38f99160c788b4e62b109e	MSVCRT.dll
0ded766616638f1fc713fd1f7d29e01c	KERNEL32.dll
0ded766616638f1fc713fd1f7d29e01c	MSVCRT.dll
901decc503049bc0108dc9cd5eb94ffc	KERNEL32.dll
901decc503049bc0108dc9cd5eb94ffc	MSVCRT.dll
7cf2934f7933938afc419b8fd88fea8d	KERNEL32.dll
7cf2934f7933938afc419b8fd88fea8d	MSVCRT.dll
a4f8ff96834e5a8105599261ed19ec1e	KERNEL32.dll
a4f8ff96834e5a8105599261ed19ec1e	MSVCRT.dll
4ba9d52510d0ef17f97393b53764fb06	KERNEL32.dll
4ba9d52510d0ef17f97393b53764fb06	MSVCRT.dll
98e7b5dd7180efdcf6fa2c6a5434365b	IPHLPAPI.DLL
98e7b5dd7180efdcf6fa2c6a5434365b	GDI32.dll
98e7b5dd7180efdcf6fa2c6a5434365b	KERNEL32.dll
98e7b5dd7180efdcf6fa2c6a5434365b	OLEAUT32.dll
98e7b5dd7180efdcf6fa2c6a5434365b	ADVAPI32.dll
98e7b5dd7180efdcf6fa2c6a5434365b	ole32.dll
98e7b5dd7180efdcf6fa2c6a5434365b	WS2_32.dll
98e7b5dd7180efdcf6fa2c6a5434365b	USER32.dll
8db7ea437579a0e6e87370a8c70811b6	IPHLPAPI.DLL
8db7ea437579a0e6e87370a8c70811b6	CRYPT32.dll
8db7ea437579a0e6e87370a8c70811b6	ADVAPI32.dll
8db7ea437579a0e6e87370a8c70811b6	KERNEL32.dll
8db7ea437579a0e6e87370a8c70811b6	OLEAUT32.dll
8db7ea437579a0e6e87370a8c70811b6	SHELL32.dll
8db7ea437579a0e6e87370a8c70811b6	ole32.dll
8db7ea437579a0e6e87370a8c70811b6	WS2_32.dll
8db7ea437579a0e6e87370a8c70811b6	USERENV.dll
88f70cdde8a50556bc9fa7efa50fd3f0	KERNEL32.dll
88f70cdde8a50556bc9fa7efa50fd3f0	MSVCRT.dll
06d9b8b5dc9f3ccddb9dedc28a69b447	KERNEL32.dll
06d9b8b5dc9f3ccddb9dedc28a69b447	MSVCRT.dll
05f6e10d6812f71458c5aa49c846eafc	KERNEL32.dll
05f6e10d6812f71458c5aa49c846eafc	MSVCRT.dll
423df4f58d05bf6e90dc3da9c0912624	KERNEL32.dll
423df4f58d05bf6e90dc3da9c0912624	MSVCRT.dll
0c89c1432d8ecfa1cda6b99c60fa4f4c	KERNEL32.dll
0c89c1432d8ecfa1cda6b99c60fa4f4c	MSVCRT.dll
f8454cce1a1ea4137e1e2e1ec2d945bc	KERNEL32.dll
f8454cce1a1ea4137e1e2e1ec2d945bc	MSVCRT.dll
5cbe6c626c1836d43c31fb013157d9ed	KERNEL32.dll
5cbe6c626c1836d43c31fb013157d9ed	MSVCRT.dll
3f3167cb731ef5c251d1d46ec6fcfbba	KERNEL32.dll
3f3167cb731ef5c251d1d46ec6fcfbba	MSVCRT.dll
0b97d7daa11324ef3bdd956aa6f88937	KERNEL32.dll
0b97d7daa11324ef3bdd956aa6f88937	MSVCRT.dll
0aa436ecb20331034fbf52c6d4d096ca	KERNEL32.dll
0aa436ecb20331034fbf52c6d4d096ca	MSVCRT.dll
19a7b5f094f944081feb1e30ae031322	KERNEL32.dll
19a7b5f094f944081feb1e30ae031322	MSVCRT.dll
db957b2ee9345ae72b20faee8c8c0dd3	KERNEL32.dll
db957b2ee9345ae72b20faee8c8c0dd3	MSVCRT.dll
839e0c826ca9faccfbaab80f252ed0fb	KERNEL32.dll
839e0c826ca9faccfbaab80f252ed0fb	MSVCRT.dll
c479e803bc1596360b6a2ffad44711e9	KERNEL32.dll
c479e803bc1596360b6a2ffad44711e9	MSVCRT.dll
02f8be8aace2d68fa64285e67b4447e7	KERNEL32.dll
02f8be8aace2d68fa64285e67b4447e7	MSVCRT.dll
71335185ab32b17240ae0140bd83865e	KERNEL32.dll
71335185ab32b17240ae0140bd83865e	MSVCRT.dll
27ef281eae4ab5f6ccdf7dfb19bb8dbf	IPHLPAPI.DLL
27ef281eae4ab5f6ccdf7dfb19bb8dbf	CRYPT32.dll
27ef281eae4ab5f6ccdf7dfb19bb8dbf	ADVAPI32.dll
27ef281eae4ab5f6ccdf7dfb19bb8dbf	KERNEL32.dll
27ef281eae4ab5f6ccdf7dfb19bb8dbf	OLEAUT32.dll
27ef281eae4ab5f6ccdf7dfb19bb8dbf	SHELL32.dll
27ef281eae4ab5f6ccdf7dfb19bb8dbf	ole32.dll
27ef281eae4ab5f6ccdf7dfb19bb8dbf	WS2_32.dll
27ef281eae4ab5f6ccdf7dfb19bb8dbf	USERENV.dll
53074ae4b80f74466f07956e54fd61d3	comdlg32.dll
53074ae4b80f74466f07956e54fd61d3	VERSION.dll
53074ae4b80f74466f07956e54fd61d3	GDI32.dll
53074ae4b80f74466f07956e54fd61d3	KERNEL32.dll
53074ae4b80f74466f07956e54fd61d3	ADVAPI32.dll
53074ae4b80f74466f07956e54fd61d3	ole32.dll
53074ae4b80f74466f07956e54fd61d3	COMCTL32.dll
53074ae4b80f74466f07956e54fd61d3	USER32.dll
53074ae4b80f74466f07956e54fd61d3	IMM32.dll
881551e3186baa05d2ccac51609373dd	KERNEL32.dll
881551e3186baa05d2ccac51609373dd	MSVCRT.dll
a05451c6c796bd962ca5767836784b39	KERNEL32.dll
a05451c6c796bd962ca5767836784b39	MSVCRT.dll
3ede70ee2c4f8746e84d474ca3910924	KERNEL32.dll
3ede70ee2c4f8746e84d474ca3910924	MSVCRT.dll
e6014aaaddd5e12fad5e479f347f513b	KERNEL32.dll
e6014aaaddd5e12fad5e479f347f513b	MSVCRT.dll
6fe6250504833480c43d4b026bc7c17a	KERNEL32.dll
6fe6250504833480c43d4b026bc7c17a	MSVCRT.dll
ce838883cbf59dbe80133f9b3c3b5902	KERNEL32.dll
ce838883cbf59dbe80133f9b3c3b5902	MSVCRT.dll
1c036e1658a8fff9f6cdef1fbc4b2b17	KERNEL32.dll
1c036e1658a8fff9f6cdef1fbc4b2b17	MSVCRT.dll
665aebd7314a1bf229c7d4fc7a9fde34	KERNEL32.dll
665aebd7314a1bf229c7d4fc7a9fde34	MSVCRT.dll
e1805b7887f66413a9cb6b81e7e2625e	KERNEL32.dll
e1805b7887f66413a9cb6b81e7e2625e	MSVCRT.dll
04e760086afbcfc0e98ec25397f62d6f	KERNEL32.dll
04e760086afbcfc0e98ec25397f62d6f	MSVCRT.dll
51a0db33087aa740665ca9b617533f3d	KERNEL32.dll
51a0db33087aa740665ca9b617533f3d	MSVCRT.dll
8a421d6e236422a8ad7a8c31cb5f92c4	ADVAPI32.dll
8a421d6e236422a8ad7a8c31cb5f92c4	SHELL32.dll
8a421d6e236422a8ad7a8c31cb5f92c4	KERNEL32.dll
8a421d6e236422a8ad7a8c31cb5f92c4	COMDLG32.dll
8a421d6e236422a8ad7a8c31cb5f92c4	COMCTL32.dll
9297aeaff75601cbdec3dec53c307452	ADVAPI32.dll
9297aeaff75601cbdec3dec53c307452	KERNEL32.dll
9297aeaff75601cbdec3dec53c307452	WS2_32.dll
9297aeaff75601cbdec3dec53c307452	CRYPT32.dll
9297aeaff75601cbdec3dec53c307452	USER32.dll
c10a4fafd18662dcb04451c812b2bef6	KERNEL32.dll
c10a4fafd18662dcb04451c812b2bef6	MSVCRT.dll
fdf7c41f534d960addad6fbb56eedd83	KERNEL32.dll
fdf7c41f534d960addad6fbb56eedd83	MSVCRT.dll
c21b35c31c7e24385a910c1b701ceb08	KERNEL32.dll
c21b35c31c7e24385a910c1b701ceb08	MSVCRT.dll
6a8e7766de1f2182bbd1eceb9ce0f797	KERNEL32.dll
6a8e7766de1f2182bbd1eceb9ce0f797	MSVCRT.dll
b2f842271facd909101692dc82ac7e2f	KERNEL32.dll
b2f842271facd909101692dc82ac7e2f	MSVCRT.dll
0cb51f022895461e29f9a5cf50d0df5e	KERNEL32.dll
0cb51f022895461e29f9a5cf50d0df5e	MSVCRT.dll
1e229f5b73e48300cd9af8285dd6370a	KERNEL32.dll
1e229f5b73e48300cd9af8285dd6370a	MSVCRT.dll
0f7fe07e5706fcd7747a62dd3bc95811	KERNEL32.dll
0f7fe07e5706fcd7747a62dd3bc95811	MSVCRT.dll
8e8b34dab364f9f81c090c1c9a3291ba	KERNEL32.dll
8e8b34dab364f9f81c090c1c9a3291ba	MSVCRT.dll
af4bddd975dd1b62b4689918329d1d30	KERNEL32.dll
af4bddd975dd1b62b4689918329d1d30	MSVCRT.dll
9ee816fddda7934ad12f2afa05ab8aff	KERNEL32.dll
9ee816fddda7934ad12f2afa05ab8aff	MSVCRT.dll
032da3c3ca5850223858796b809d8844	KERNEL32.dll
032da3c3ca5850223858796b809d8844	MSVCRT.dll
f15b5d9c133c1c7fc6cd280ef96afaae	KERNEL32.dll
f15b5d9c133c1c7fc6cd280ef96afaae	MSVCRT.dll
bd0b7dc07465180268c8217800b1b010	GDI32.dll
bd0b7dc07465180268c8217800b1b010	ADVAPI32.dll
bd0b7dc07465180268c8217800b1b010	KERNEL32.dll
bd0b7dc07465180268c8217800b1b010	msvcrt.dll
bd0b7dc07465180268c8217800b1b010	SHELL32.dll
bd0b7dc07465180268c8217800b1b010	SHLWAPI.dll
bd0b7dc07465180268c8217800b1b010	USER32.dll
c05268350d5fc98c498505364662d259	KERNEL32.dll
c05268350d5fc98c498505364662d259	MSVCRT.dll
25f945b53f6399d444a1277cf5c2a939	KERNEL32.dll
25f945b53f6399d444a1277cf5c2a939	MSVCRT.dll
e1cd89eb68cbd53e6dca5dd8970ce49a	KERNEL32.dll
e1cd89eb68cbd53e6dca5dd8970ce49a	MSVCRT.dll
221825230a51d857fb9ee63ca1aa6fe1	KERNEL32.dll
221825230a51d857fb9ee63ca1aa6fe1	MSVCRT.dll
5713ee6f93fa175290374fabebfe1536	KERNEL32.dll
5713ee6f93fa175290374fabebfe1536	MSVCRT.dll
602d0a22ec2e8bc6e2676927c1eec23d	KERNEL32.dll
602d0a22ec2e8bc6e2676927c1eec23d	MSVCRT.dll
b55ff6a7390ced97315c293e20bbf6bd	KERNEL32.dll
b55ff6a7390ced97315c293e20bbf6bd	MSVCRT.dll
d16395c3952615e4d93fe0e5fecc25b6	KERNEL32.dll
d16395c3952615e4d93fe0e5fecc25b6	MSVCRT.dll
34d5a0973172485c2c4f20983ba7a0a4	KERNEL32.dll
34d5a0973172485c2c4f20983ba7a0a4	MSVCRT.dll
a92a07af520607d0b300c113b370b623	GDI32.dll
a92a07af520607d0b300c113b370b623	ADVAPI32.dll
a92a07af520607d0b300c113b370b623	KERNEL32.dll
a92a07af520607d0b300c113b370b623	msvcrt.dll
a92a07af520607d0b300c113b370b623	SHELL32.dll
a92a07af520607d0b300c113b370b623	SHLWAPI.dll
a92a07af520607d0b300c113b370b623	USER32.dll
af0c42264c65b393f3d39dd5f1a21893	KERNEL32.dll
af0c42264c65b393f3d39dd5f1a21893	MSVCRT.dll
da1d8d3288090eb3589d832bf687b804	KERNEL32.dll
da1d8d3288090eb3589d832bf687b804	MSVCRT.dll
0807856354c3ca7090284fcfa1f852fb	KERNEL32.dll
0807856354c3ca7090284fcfa1f852fb	MSVCRT.dll
44d8c8d189d1366d3d6fbaefec1512a8	KERNEL32.dll
44d8c8d189d1366d3d6fbaefec1512a8	MSVCRT.dll
3b61c2df8f9d9b272f538f5ca6696500	KERNEL32.dll
3b61c2df8f9d9b272f538f5ca6696500	MSVCRT.dll
e512b6ff2e853d8baedb55a6523370ec	KERNEL32.dll
e512b6ff2e853d8baedb55a6523370ec	MSVCRT.dll
0c4a0d56a0f38c39a15629cdc79adabc	KERNEL32.dll
0c4a0d56a0f38c39a15629cdc79adabc	MSVCRT.dll
b5db4212e21e18f163c426b97df4cf0b	KERNEL32.dll
b5db4212e21e18f163c426b97df4cf0b	MSVCRT.dll
c778460dd3624da0c88eb759eff0a277	IPHLPAPI.DLL
c778460dd3624da0c88eb759eff0a277	GDI32.dll
c778460dd3624da0c88eb759eff0a277	KERNEL32.dll
c778460dd3624da0c88eb759eff0a277	OLEAUT32.dll
c778460dd3624da0c88eb759eff0a277	ADVAPI32.dll
c778460dd3624da0c88eb759eff0a277	ole32.dll
c778460dd3624da0c88eb759eff0a277	WS2_32.dll
c778460dd3624da0c88eb759eff0a277	USER32.dll
b8788523d4ab98b33b6adb0f36a4ffac	IPHLPAPI.DLL
b8788523d4ab98b33b6adb0f36a4ffac	GDI32.dll
b8788523d4ab98b33b6adb0f36a4ffac	KERNEL32.dll
b8788523d4ab98b33b6adb0f36a4ffac	OLEAUT32.dll
b8788523d4ab98b33b6adb0f36a4ffac	ADVAPI32.dll
b8788523d4ab98b33b6adb0f36a4ffac	ole32.dll
b8788523d4ab98b33b6adb0f36a4ffac	WS2_32.dll
b8788523d4ab98b33b6adb0f36a4ffac	USER32.dll
d3ef2a2925a6dc66735ac5e6aa39f649	KERNEL32.dll
d3ef2a2925a6dc66735ac5e6aa39f649	MSVCRT.dll
ef64ea1651ee4c087cedd43af08358e8	KERNEL32.dll
ef64ea1651ee4c087cedd43af08358e8	MSVCRT.dll
1287b4b32bec1e889276e98e3def776e	KERNEL32.dll
1287b4b32bec1e889276e98e3def776e	MSVCRT.dll
368ab4b33d432845dad73ec3254b4f09	KERNEL32.dll
368ab4b33d432845dad73ec3254b4f09	MSVCRT.dll
2f802779b916a9eca1d6f47e3de80d2c	KERNEL32.dll
2f802779b916a9eca1d6f47e3de80d2c	MSVCRT.dll
f128f40ab28afd91c02b45a3ab4153b1	KERNEL32.dll
f128f40ab28afd91c02b45a3ab4153b1	MSVCRT.dll
399b04575c36235162d7908cbbcf6bcd	KERNEL32.dll
399b04575c36235162d7908cbbcf6bcd	MSVCRT.dll
055c4477304d17bad79b4f114a6ce1ce	KERNEL32.dll
055c4477304d17bad79b4f114a6ce1ce	MSVCRT.dll
6df8a60c045b8956f68f1c2e75260279	KERNEL32.dll
6df8a60c045b8956f68f1c2e75260279	MSVCRT.dll
b5b5ba046a0a7464f6a1571458ac0494	KERNEL32.dll
b5b5ba046a0a7464f6a1571458ac0494	MSVCRT.dll
3d4d963eb29da760050e5361bced0869	KERNEL32.dll
3d4d963eb29da760050e5361bced0869	MSVCRT.dll
cd98f5d9ef3efccdaada70a41570c682	KERNEL32.dll
cd98f5d9ef3efccdaada70a41570c682	MSVCRT.dll
0fbde0d034dca19b5231b826c2a5b45f	KERNEL32.dll
0fbde0d034dca19b5231b826c2a5b45f	MSVCRT.dll
2417d45cf82c82fecdb2a27aa4f02261	KERNEL32.dll
2417d45cf82c82fecdb2a27aa4f02261	MSVCRT.dll
30c2a982eb99808711d7d77049b28932	KERNEL32.dll
30c2a982eb99808711d7d77049b28932	MSVCRT.dll
20af162430253430daf2f2e1d4c34606	KERNEL32.dll
20af162430253430daf2f2e1d4c34606	MSVCRT.dll
bebab977769251e3d4c462cc5225a045	KERNEL32.dll
bebab977769251e3d4c462cc5225a045	MSVCRT.dll
b7967191534c4882fc1c841aba795c9a	KERNEL32.dll
b7967191534c4882fc1c841aba795c9a	MSVCRT.dll
051c607cb68414a3900bd64dc589f1a5	KERNEL32.dll
051c607cb68414a3900bd64dc589f1a5	MSVCRT.dll
01ee9fed8c7ff0144d6418fb7641aa31	KERNEL32.dll
01ee9fed8c7ff0144d6418fb7641aa31	MSVCRT.dll
12d850a38021ec63ef501446a40878c8	KERNEL32.dll
12d850a38021ec63ef501446a40878c8	MSVCRT.dll
793f420e27a534087703a39f84f672e1	KERNEL32.dll
793f420e27a534087703a39f84f672e1	MSVCRT.dll
69277966c500661a85c5761c66ddbd59	KERNEL32.dll
69277966c500661a85c5761c66ddbd59	MSVCRT.dll
0e1ce77c9caeae42f3a2f081dbafbbc7	KERNEL32.dll
0e1ce77c9caeae42f3a2f081dbafbbc7	MSVCRT.dll
8846e922b79f07daeb73f82f132ac50a	KERNEL32.dll
8846e922b79f07daeb73f82f132ac50a	MSVCRT.dll
c8c4a8222006994b4d0d5adfb9dece7a	KERNEL32.dll
c8c4a8222006994b4d0d5adfb9dece7a	MSVCRT.dll
68d4c4e0abdb9b36dbe7e71f0101220a	KERNEL32.dll
68d4c4e0abdb9b36dbe7e71f0101220a	MSVCRT.dll
