scan_id	total	number_of_pos	md5
0f1f647d67aac530eeb24cfd6b7ebc35cb003ed8d7d59e95698f73f48fa1b3ac-1521013308	63	48	7ba5ce04595768a6ee7814366aa611a8
1469e6fc1ff674b88bbe3859491831bef34f7131f75d646dad3a15918b0458b6-1520965169	67	58	f985b56f9d8dbe2c5f92edf14b5384f5
14c88e7cf4906756db618d3efbe3a63f3925121c79043db5153bffd8eed4bae2-1520986748	67	55	83b263a3766c13efd24dd8cdb4419cee
1a37295f60d284aa6668185980180af1f3ec93885a15dbc306960951d3f0c042-1521013569	66	40	1750210a0d44924c9f140e61954cc028
1ab151841fe04a9a144367fbddbb2f90fc2e7e9d9c774405e89137b694da6383-1521039786	65	56	faaeabde1c0f2278e4b38fbca152ff85
1ac08c4654d5d8a13cc6d1e76348d3899b8349d9f2d5c1e0ddec8805ddd08a00-1521006661	66	57	182212a6cd19e379d2e99b1a6d574280
1b3bc01c19fd80b40d14bc9937c1f799b4853cc71f9bae2f4c52905636cc4c72-1520971964	66	56	7e6cf6eca7ffb91f9438fb3e2c8a23d2
1ecd7921ac671364cc301f623da4e3aedf797dbb5dfc86658a26ddc4c952409a-1520988805	67	55	f893c31648ddb18043da19dba47e9d27
276140c194ab512681b5e994d367af5941dbd338f36957da0ceab709e6782d27-1521043072	66	54	1519a3eb7d1cd3b9e7d7db2bdd6d5834
2d6409c9d65ff84f958eb11dacd4e986f82e99b91853b2159fe558a8ea1faea4-1520963106	67	51	6f650979458e62b874fe02c891d8b0de
2e1e039a5112ee6731f307472cfa86873e96d9c6aab2a0eb5ca087b6346e2e1f-1521035788	67	54	681a5a38f3a1bc79974a66f5c30ca48d
33673d1b11efb333336dd209102aa85dce3562c751633f69dc15dc405ebc48c1-1521029828	67	53	20d0fa88bd4ef3819de63c704e849854
341c307253094617c67236c2e7d0701c3197345dfd9d035f0c9826839014a633-1521007735	65	52	dea9316000b70e0ee0ccc973c9ff0590
34f7a122b7394541baceffdfbd937cb59eca95360d9d4d4a5aee668c5f0c5097-1521006563	67	57	682c3c957b38f99160c788b4e62b109e
387adf24a18c79e935a3b78599735abf987ccfa3eb102318cf006ad2eadc13f5-1521027295	67	57	0ded766616638f1fc713fd1f7d29e01c
3be25704191e39ebac3a2501bb1272214999135b6c10d16a9a9d2380c63c88f9-1520972318	66	55	901decc503049bc0108dc9cd5eb94ffc
3cf79362a08f0e61efaf9e4a4b7bf68edf5c58a9cccc57f739af8f3e498ff87b-1521017949	67	56	7cf2934f7933938afc419b8fd88fea8d
3f4a491b91790aa2e9cb19dd4c7c4117382d36dcdea8193de686a42c0cffc1db-1521015801	67	58	a4f8ff96834e5a8105599261ed19ec1e
3ff53b436e9eb3cfda640d8428018deaa07534d6679375473e3bf292e395e939-1520966064	61	47	4ba9d52510d0ef17f97393b53764fb06
42696d02fe50429eed8ca3d0bc12f298dea208a675cab78e33fb4058c490011c-1521029828	66	41	98e7b5dd7180efdcf6fa2c6a5434365b
426985858f5927141e431f2f3d75674d5c93adbd09c81e3b3ff2e578e3f88f75-1521028068	66	39	8db7ea437579a0e6e87370a8c70811b6
42735e7a941f003a30196409a29b01bfcb5ec07196f1a5d70c80caa32767b480-1521030973	67	56	88f70cdde8a50556bc9fa7efa50fd3f0
44c101f96f2ca14b479c13ceae0b81d03b6e958ea86441fb6dbd4ced4b15776f-1521007351	65	51	06d9b8b5dc9f3ccddb9dedc28a69b447
453ede1c9a555c29d9a5aba02d93d175fd2fc01210fe951864f9d64bdfa21c36-1521035136	67	59	05f6e10d6812f71458c5aa49c846eafc
474f4edda4ff31ee37c7ba943d9904578e4e35ebc69aa4cf4406fa399fa4c79c-1521003197	63	50	423df4f58d05bf6e90dc3da9c0912624
485e3db790d81fab844e8806511a59735acfd8dd6eeb0c473d2c42f5b34342a4-1521006819	67	57	0c89c1432d8ecfa1cda6b99c60fa4f4c
4a80624823df147bac1384573d6f88dbcdeb123296680b7bec6f6dfdb1255cf3-1520982366	66	58	f8454cce1a1ea4137e1e2e1ec2d945bc
4c356dca3c8ce82cf425098e131f85194557e16274d98de64c6934bfe2a0355f-1520994967	67	55	5cbe6c626c1836d43c31fb013157d9ed
4ca302c8b5554c2ac2b7a09e7b134a1fe7c4490813f278997f9b85819d6d4ad4-1520987019	61	46	3f3167cb731ef5c251d1d46ec6fcfbba
4eeb18c6e592dcd8245d98b6c22b58d298eb2ae29bb943570040ea59f11a175a-1521034381	66	57	0b97d7daa11324ef3bdd956aa6f88937
502002388aa357073790196fad33df9f0802a041fb79c9e72edbb9bd2cb3b3df-1521033779	65	55	0aa436ecb20331034fbf52c6d4d096ca
515c7946149bc649a36a9bfab097e54af76a551c197c9728b54aa1dbe45d41d7-1521010236	66	55	19a7b5f094f944081feb1e30ae031322
51c7f5a725fbb8a29d7ff18b3eb2b43fa709d351fbc1e61f5ecdf34590ffafca-1521003798	66	54	db957b2ee9345ae72b20faee8c8c0dd3
553316fcb50c65f016168fb249e1474db7cf379267b68b6025d43ad368ca8c58-1520991733	65	54	839e0c826ca9faccfbaab80f252ed0fb
588dd3c2fb752c47c39912f6eeff5a2d3e82279c279591db816739974d2f00d3-1520985691	55	33	c479e803bc1596360b6a2ffad44711e9
59266020a80965de038a0cc6bc513818b27e3b1523bb92d4bbcb9e45b86f3819-1521017202	66	53	02f8be8aace2d68fa64285e67b4447e7
59b2f18d50eb6d716b7adeb0486171aa2350fbdf6bc64be92d057cf5237514a3-1521015667	67	57	71335185ab32b17240ae0140bd83865e
5c204e06f53759cf7a2bdd2e604cf98dc7f90bc38ef4363303e6607fb029c0a4-1521013640	66	38	27ef281eae4ab5f6ccdf7dfb19bb8dbf
61bc12f6a58853ab1571184690b168439cbef85413299904047e5202a0cdf4b6-1520988401	65	39	53074ae4b80f74466f07956e54fd61d3
6209fa0503a1f1c00a9715f162f37fa62d49979b57150a205e85eeca187d021a-1521010697	67	54	881551e3186baa05d2ccac51609373dd
65a6d77a638451af418fe502f4b0bce3dd78003651455bacf2b1392332da99b0-1520969004	67	54	a05451c6c796bd962ca5767836784b39
66f03d3047e656a48a6dd204d7174c0dd7adfea1a5b5fc0e992f580d931d592e-1521013177	67	57	3ede70ee2c4f8746e84d474ca3910924
6acfe4b357b5ab26cbfa0f600c8ecc0b25d755dd0c77f59f126ca991f5c884f8-1521033681	66	55	e6014aaaddd5e12fad5e479f347f513b
6b7293de97b8f990450aa1b10fbb5f5d41ef29c0241fb82ceef27feac551893d-1521030047	67	56	6fe6250504833480c43d4b026bc7c17a
71b2b893e249074ac53aa6de878c003ff08f88f3f27bebbe214651a94f52b116-1520965325	66	57	ce838883cbf59dbe80133f9b3c3b5902
72eaabd9f7e6283abbae7efec34a9d005f7808f8f10eaa7e841c74d9a694a986-1521033203	66	56	1c036e1658a8fff9f6cdef1fbc4b2b17
76c16ed85147d3158cc63b3bf25a26840b423439d3b28c04770c73f2402d524c-1521033246	67	56	665aebd7314a1bf229c7d4fc7a9fde34
777b49d3ca3c9dc6c94850a72de2cf337c39d86c3d802c45faada2a883f6084c-1520966243	65	54	e1805b7887f66413a9cb6b81e7e2625e
7a050a5770051fd0a31a0f60fd8704246c81df660fb7a726ac99704cae542178-1520975955	66	55	04e760086afbcfc0e98ec25397f62d6f
7a5e00666bf2d77ab2413a0c8ffc977c3eb9414ab79c65ed68055c0aeb81b91e-1520999165	67	55	51a0db33087aa740665ca9b617533f3d
7ac8b4961ab704aa0b9447cab124d1fa7530b6c5123ca54a08d38116b578a23d-1521023299	67	37	8a421d6e236422a8ad7a8c31cb5f92c4
7ea916fae251f0070162ff28fddfe063e1721c21b0ca8531d1c9830d6078651e-1521006783	65	43	9297aeaff75601cbdec3dec53c307452
7ef41fa1f09ad4916c8e4fb37509ebbac3d76b2aac43c78127d960170c78714c-1521019647	67	54	c10a4fafd18662dcb04451c812b2bef6
7fb913adc94dc7731da02232efb3ec41899a594f116a19110a67db1bcffbf79b-1521041747	67	56	fdf7c41f534d960addad6fbb56eedd83
810c8ef0cfd9e937ecf273239b83c04d46e9faffde1049864726e7539464e8e3-1520968157	64	51	c21b35c31c7e24385a910c1b701ceb08
834b43ac41a06701077815f0d2043da24417eb9ac27636273ed21b22af855111-1521027600	66	53	6a8e7766de1f2182bbd1eceb9ce0f797
836ec86cd96a5872e337c8e6b5f46fef652aadcd5dce96b1e05ee5467eb91ede-1520986272	57	47	b2f842271facd909101692dc82ac7e2f
870af008c2c951d4aafc25e838fec3b0db1dbdc53dbba08e5dc8b3f26fd94316-1520969975	66	54	0cb51f022895461e29f9a5cf50d0df5e
986c62ea32ae1103e5beef1adb42773680a163a11c329eb784f1b80379ff9287-1520971583	65	52	1e229f5b73e48300cd9af8285dd6370a
a04d8effbb03120e564c45c8a714bafc1318072ae1c2ace49e1bc0594afda183-1520990353	67	57	0f7fe07e5706fcd7747a62dd3bc95811
a35f83177c5c3921933870460920845acad11ae0c47b9a03e089dfea4b1279c2-1520984799	67	54	8e8b34dab364f9f81c090c1c9a3291ba
a58c82b69423b72bb944d5a98a964ce17f40cb59b0fccf0cbd5d8e2a341f3aa1-1521002323	66	53	af4bddd975dd1b62b4689918329d1d30
a6fe46b323acebb22c430014f5bc06728695042b5556f8b2da5b5fa8afee1ca8-1521017886	67	58	9ee816fddda7934ad12f2afa05ab8aff
a7e021c53480233927b8d0da4478a8134cdfe8bfb42e5642b227970766da78bf-1521022912	66	53	032da3c3ca5850223858796b809d8844
a858f54ebe852deea5db5a76aaa1c0d6e035cc274ae1f818fb78253fa6fa3ebd-1521036154	66	55	f15b5d9c133c1c7fc6cd280ef96afaae
a96f7b322d2d5dafb296ddcc32285d86f79ecc39770bfdd40d3dc9a21fd71f8c-1521012141	66	52	bd0b7dc07465180268c8217800b1b010
b0769ae6ac3d34ba5d6b215a8f66cfc16b061e2c82ced1f12e50190ed23dcfb5-1520973681	67	54	c05268350d5fc98c498505364662d259
b432517c4b34141dbd0a78f5da313221d05377d5ef394bccff6fb871946355be-1520967283	63	55	25f945b53f6399d444a1277cf5c2a939
b60c5275806ef3b8abf474b21b55af4e34a65931a55bc69d7fc2d4e5dc6a3fcb-1521015759	63	54	e1cd89eb68cbd53e6dca5dd8970ce49a
b7405d208f52f4232307b2ff3340161b049a469a99bb5f2596c4542f33fdec24-1521027498	66	57	221825230a51d857fb9ee63ca1aa6fe1
b765cb1c5c45d502a9e4d95940ab6a1f77112195e12022502d6b7745c9536fc9-1521023675	67	56	5713ee6f93fa175290374fabebfe1536
b8a9a44bc5587973591dc95593ccd8da6cae80c7a0921cfc310d8d75e51bd09f-1521002419	46	37	602d0a22ec2e8bc6e2676927c1eec23d
b9533eb05df765c7868b731b41e7193703642de8aeb1d35b7a342a2ee3a0f571-1520973715	66	58	b55ff6a7390ced97315c293e20bbf6bd
bcaa51b6b9589833a2720ad4b27651caf288d9183ba41c775e83eec628c4c112-1521042345	66	55	d16395c3952615e4d93fe0e5fecc25b6
be9f482a0f1b6b7a1d2bf0cd8e7c83d8c278bbe528f8b2830d515f9f719d24a8-1521033148	67	59	34d5a0973172485c2c4f20983ba7a0a4
c0d03838d5db42509c46b070c1087f687cda6f64d52f8e984cbebc51f5e95604-1521011964	65	49	a92a07af520607d0b300c113b370b623
c0fb5aaf7715172a6767c5950e04b161339b6315de3dd8672a030aa8c9e23d64-1521029869	67	55	af0c42264c65b393f3d39dd5f1a21893
c1583af87c9c8442b66a75017cc6717414917d7f407af6180ee50e8e6c4bb364-1521024024	67	54	da1d8d3288090eb3589d832bf687b804
c1ee39ffafcb587d3c9bf5a7b0fad27bcced606646ab17d0bd646e25cca614fd-1521035640	67	54	0807856354c3ca7090284fcfa1f852fb
c1fa7c21d9ed2bb740432885cc80e2d309ce52708d740ef2141fa93c043025ce-1520995754	66	54	44d8c8d189d1366d3d6fbaefec1512a8
c209ce848080041d00124acad2a5d4ef9148ed3e41c9ce97061ac879ad759883-1521026084	67	56	3b61c2df8f9d9b272f538f5ca6696500
c28abbb132573fa0add7eb71dcd4b6554324e1d2559a5b29902cbed1fe28e800-1521037337	65	55	e512b6ff2e853d8baedb55a6523370ec
c389baf4ef665964e461880cb18c895d91d693ce56d406b08e5e2f753eeade94-1520974487	67	54	0c4a0d56a0f38c39a15629cdc79adabc
c3a4b401428bca6fdfb88e4306f0454f6e47de74bbc8471ff8b5b4df8a296b03-1521013144	66	53	b5db4212e21e18f163c426b97df4cf0b
c3dc0365c33775229f467d8238d291d1e151fb546f0bef1ae041f32e2ed49dc0-1521028212	67	43	c778460dd3624da0c88eb759eff0a277
c4373fbfbd8e5aaa01a3f168c11074aabe12a086dd30257c011780269df34088-1521028212	67	44	b8788523d4ab98b33b6adb0f36a4ffac
c8d50316cb0d54058e5a3e24120388b0d34066e3a06b28e798be7c359215737f-1520980443	67	57	d3ef2a2925a6dc66735ac5e6aa39f649
ca16a3caad6741bdfdae26e982c0aa4eee0d3fb6d47779c7ae9f7e5743e96796-1521001365	67	59	ef64ea1651ee4c087cedd43af08358e8
cc66f9e3a102c69c0058c49af80c850136bd0bdba80ad554f6bc81e155c2031f-1521016345	67	58	1287b4b32bec1e889276e98e3def776e
cd8e26df951924ea07ab446be839b33b6c7f38a65bc7fa9eac8b33fbde026004-1520997419	67	58	368ab4b33d432845dad73ec3254b4f09
ce0c1ed7a43a24744329748b268a4310415772de48c96fd3474ce3543bd90930-1521009731	67	57	2f802779b916a9eca1d6f47e3de80d2c
d59fd0c99b451cd4036d4506c1f632722eaa34b95bdd297bb57fd6d8bf2b3c03-1520974212	67	54	f128f40ab28afd91c02b45a3ab4153b1
d75f3a0c87925f2194b097a25b920d57c3d81e7b340337a30deed798b609b8ff-1521032165	67	56	399b04575c36235162d7908cbbcf6bcd
d83d632e0a336a996b4b5a04638a28713b2a31a527209b11b1fcbdb9a44933c4-1521026824	67	57	055c4477304d17bad79b4f114a6ce1ce
d90527de8a7add089831aa363f44a2358ec6fe9a55b92dd9a1c2daebcc68a643-1521021128	67	52	6df8a60c045b8956f68f1c2e75260279
dad537840e2a8d7e59b7730dffdc1874340faab923a2950687290521c3bf683f-1521042623	65	57	b5b5ba046a0a7464f6a1571458ac0494
df5437a8e6db92b76654b8856a0847da7178a6d3255c4894ec8da9a4f59423a4-1521011384	67	56	3d4d963eb29da760050e5361bced0869
e3df41a840fcce8c9ee6bf4c39201ac84bb38778765f827de6e550e6a32db1df-1521028773	67	57	cd98f5d9ef3efccdaada70a41570c682
ea85cc81e30c6aec4e48ed69509f2f02db99e602ae83cafbae7d6b0123a3990f-1520975606	62	51	0fbde0d034dca19b5231b826c2a5b45f
eb3720f52912d63f2b0f3186b7cfd5497a59d812d546233ddb13a23fddd085d4-1521030444	66	54	2417d45cf82c82fecdb2a27aa4f02261
ebbc73a4bc05498df24da7d59fa11fe4b47cea773377098f0f1696c72c7b324a-1521039173	67	58	30c2a982eb99808711d7d77049b28932
ef49089f4e80d0aebd728f96bf68c415a78aed2990664d5d790b5fb738dd53ef-1521036739	66	55	20af162430253430daf2f2e1d4c34606
efd1bbfd2ea4e6a2d3353d676e7666fa35438ace80eb6af463254d0d5c211cf1-1520963154	67	57	bebab977769251e3d4c462cc5225a045
f074a4dcafdd53f546ee5a1b888293b76ac8d79cd9357d7244afef001da5d049-1520997014	67	57	b7967191534c4882fc1c841aba795c9a
f0aa126de125913d2ef70e5b924850eb961e8e5e3d55a5d441c72182401fe813-1521027209	67	56	051c607cb68414a3900bd64dc589f1a5
f101be1fa99eb771b14393ba7ff3aa763f464c8824791152ad345325f5e1ab85-1521013453	67	54	01ee9fed8c7ff0144d6418fb7641aa31
f1ffff7811190450948fe2a70f8dc1ac602a7332acd45ece453dbfe6e9e25520-1521023546	67	58	12d850a38021ec63ef501446a40878c8
f3f254d3d8388e32b6e04ce6da0a9129e9a3fe89a60bae76c9851132bf989afc-1521007625	52	42	793f420e27a534087703a39f84f672e1
f94f3bec251f7637b8c2f5b8021760e8e198cdebf59fd8412eae42182e1b43e2-1521017594	67	59	69277966c500661a85c5761c66ddbd59
fa192fb3044969a3702c124bbe1f74068b642d307125ee6e5f6aef56d1d5cbfe-1521024321	67	52	0e1ce77c9caeae42f3a2f081dbafbbc7
faca551c8f190b504439ae863d83fde7ace2f6ff0fdca6185f6af5ee78b34fc1-1521013085	67	52	8846e922b79f07daeb73f82f132ac50a
fc3545a8aa633d8b3d6b51987c57cc1334ff6f7244982091847a2225d100fbce-1520999925	67	57	c8c4a8222006994b4d0d5adfb9dece7a
fcb94671fa6a688bfc1a1eb584050436d27d24732f7faf759103e36c8f19085f-1521011893	67	56	68d4c4e0abdb9b36dbe7e71f0101220a
