md5	library_names
37012488e2939941b1a49ab4016f8f4e	SHELL32.dll
37012488e2939941b1a49ab4016f8f4e	KERNEL32.dll
37012488e2939941b1a49ab4016f8f4e	SHLWAPI.dll
6782e011f4249ef28c5f4a6b4de34bf6	ADVAPI32.dll
6782e011f4249ef28c5f4a6b4de34bf6	KERNEL32.dll
6782e011f4249ef28c5f4a6b4de34bf6	ole32.dll
b60e1c4f43c9af0b948a904632d143c7	ADVAPI32.dll
b60e1c4f43c9af0b948a904632d143c7	KERNEL32.dll
b60e1c4f43c9af0b948a904632d143c7	MSVCRT.dll
b60e1c4f43c9af0b948a904632d143c7	SHELL32.dll
b60e1c4f43c9af0b948a904632d143c7	OLE32.dll
b60e1c4f43c9af0b948a904632d143c7	SHLWAPI.dll
b60e1c4f43c9af0b948a904632d143c7	WS2_32.dll
b60e1c4f43c9af0b948a904632d143c7	USER32.dll
ffe9751d0ee1a747ddd63be5ad7453ee	kernel32.dll
ffe9751d0ee1a747ddd63be5ad7453ee	user32.dll
ffe9751d0ee1a747ddd63be5ad7453ee	cmpbk32.dll
9476e043b9718dc47162b946936187a2	ADVAPI32.dll
9476e043b9718dc47162b946936187a2	KERNEL32.dll
9476e043b9718dc47162b946936187a2	MSVCRT.dll
9476e043b9718dc47162b946936187a2	USER32.dll
6bf0ff4a811ec6ab9ba4d119d3e50a33	ADVAPI32.dll
6bf0ff4a811ec6ab9ba4d119d3e50a33	KERNEL32.dll
6bf0ff4a811ec6ab9ba4d119d3e50a33	USER32.dll
6bf0ff4a811ec6ab9ba4d119d3e50a33	WINTRUST.dll
6bf0ff4a811ec6ab9ba4d119d3e50a33	WTSAPI32.dll
839ee124331cd8c61c6ec6ea74a4427c	mscoree.dll
7a3d4edf09c10c561b088e6d7bce154c	GDI32.dll
7a3d4edf09c10c561b088e6d7bce154c	ADVAPI32.dll
7a3d4edf09c10c561b088e6d7bce154c	KERNEL32.dll
7a3d4edf09c10c561b088e6d7bce154c	SHELL32.dll
7a3d4edf09c10c561b088e6d7bce154c	SHLWAPI.dll
7a3d4edf09c10c561b088e6d7bce154c	USER32.dll
a32ed9479aff0c508c119b3bb3f716a5	ADVAPI32.dll
a32ed9479aff0c508c119b3bb3f716a5	KERNEL32.dll
a32ed9479aff0c508c119b3bb3f716a5	MSVCRT.dll
a32ed9479aff0c508c119b3bb3f716a5	USER32.dll
754bea1ef38d03ced4e00766def6a03e	COMDLG32.dll
754bea1ef38d03ced4e00766def6a03e	GDI32.dll
754bea1ef38d03ced4e00766def6a03e	ADVAPI32.dll
754bea1ef38d03ced4e00766def6a03e	KERNEL32.dll
754bea1ef38d03ced4e00766def6a03e	SHELL32.dll
754bea1ef38d03ced4e00766def6a03e	ole32.dll
754bea1ef38d03ced4e00766def6a03e	USER32.dll
754bea1ef38d03ced4e00766def6a03e	COMCTL32.dll
4684354f1decd0d2a38cc1571b78f99d	ADVAPI32.dll
4684354f1decd0d2a38cc1571b78f99d	KERNEL32.dll
4684354f1decd0d2a38cc1571b78f99d	USER32.dll
5050f47a2b1e4bd157b3d903dec9dd1d	MSVCP60.dll
5050f47a2b1e4bd157b3d903dec9dd1d	iphlpapi.dll
5050f47a2b1e4bd157b3d903dec9dd1d	WININET.dll
5050f47a2b1e4bd157b3d903dec9dd1d	KERNEL32.dll
5050f47a2b1e4bd157b3d903dec9dd1d	MSVCRT.dll
5050f47a2b1e4bd157b3d903dec9dd1d	ADVAPI32.dll
5050f47a2b1e4bd157b3d903dec9dd1d	WS2_32.dll
c8304309db39bbbebe5e49401096a628	ADVAPI32.dll
c8304309db39bbbebe5e49401096a628	KERNEL32.dll
c8304309db39bbbebe5e49401096a628	USER32.dll
c8304309db39bbbebe5e49401096a628	WINTRUST.dll
c8304309db39bbbebe5e49401096a628	WTSAPI32.dll
f0b804ef75b9447687ed5d6c73c6de29	SHELL32.dll
f0b804ef75b9447687ed5d6c73c6de29	KERNEL32.dll
f0b804ef75b9447687ed5d6c73c6de29	USER32.dll
f0b804ef75b9447687ed5d6c73c6de29	GDI32.dll
2d4bd371fd8d31456922a42ed52e206d	MSVCP60.dll
2d4bd371fd8d31456922a42ed52e206d	iphlpapi.dll
2d4bd371fd8d31456922a42ed52e206d	WININET.dll
2d4bd371fd8d31456922a42ed52e206d	KERNEL32.dll
2d4bd371fd8d31456922a42ed52e206d	MSVCRT.dll
2d4bd371fd8d31456922a42ed52e206d	ADVAPI32.dll
2d4bd371fd8d31456922a42ed52e206d	WS2_32.dll
fcc73a6ad47697c4a7fa630fb7978f5d	urlmon.dll
fcc73a6ad47697c4a7fa630fb7978f5d	VERSION.dll
fcc73a6ad47697c4a7fa630fb7978f5d	WININET.dll
fcc73a6ad47697c4a7fa630fb7978f5d	GDI32.dll
fcc73a6ad47697c4a7fa630fb7978f5d	ADVAPI32.dll
fcc73a6ad47697c4a7fa630fb7978f5d	KERNEL32.dll
fcc73a6ad47697c4a7fa630fb7978f5d	OLEAUT32.dll
fcc73a6ad47697c4a7fa630fb7978f5d	NETAPI32.dll
fcc73a6ad47697c4a7fa630fb7978f5d	SHELL32.dll
fcc73a6ad47697c4a7fa630fb7978f5d	ole32.dll
fcc73a6ad47697c4a7fa630fb7978f5d	SHLWAPI.dll
fcc73a6ad47697c4a7fa630fb7978f5d	WS2_32.dll
fcc73a6ad47697c4a7fa630fb7978f5d	PSAPI.DLL
fcc73a6ad47697c4a7fa630fb7978f5d	USER32.dll
fcc73a6ad47697c4a7fa630fb7978f5d	WSOCK32.dll
3b9aad78fe5d1495f45bbce0995e865c	COMDLG32.dll
3b9aad78fe5d1495f45bbce0995e865c	GDI32.dll
3b9aad78fe5d1495f45bbce0995e865c	KERNEL32.dll
3b9aad78fe5d1495f45bbce0995e865c	WINSPOOL.DRV
3b9aad78fe5d1495f45bbce0995e865c	ADVAPI32.dll
3b9aad78fe5d1495f45bbce0995e865c	ole32.dll
3b9aad78fe5d1495f45bbce0995e865c	SHLWAPI.dll
3b9aad78fe5d1495f45bbce0995e865c	USER32.dll
3b9aad78fe5d1495f45bbce0995e865c	OLEAUT32.dll
c976e6a5f7055e02215a4ac343b71f9f	gdiplus.dll
c976e6a5f7055e02215a4ac343b71f9f	WINMM.dll
c976e6a5f7055e02215a4ac343b71f9f	GDI32.dll
c976e6a5f7055e02215a4ac343b71f9f	ADVAPI32.dll
c976e6a5f7055e02215a4ac343b71f9f	KERNEL32.dll
c976e6a5f7055e02215a4ac343b71f9f	COMDLG32.dll
c976e6a5f7055e02215a4ac343b71f9f	SHELL32.dll
c976e6a5f7055e02215a4ac343b71f9f	ole32.dll
c976e6a5f7055e02215a4ac343b71f9f	MSIMG32.dll
c976e6a5f7055e02215a4ac343b71f9f	USER32.dll
c976e6a5f7055e02215a4ac343b71f9f	COMCTL32.dll
f1df22cb3389d8217098398304740266	ADVAPI32.dll
f1df22cb3389d8217098398304740266	KERNEL32.dll
f1df22cb3389d8217098398304740266	msvcrt.dll
f1df22cb3389d8217098398304740266	USER32.dll
bdfacd23f0dd140a0f95c673afbce117	mscoree.dll
c2ad06ea7b80d64fa5a175371f7d0927	MSVCP60.dll
c2ad06ea7b80d64fa5a175371f7d0927	iphlpapi.dll
c2ad06ea7b80d64fa5a175371f7d0927	WININET.dll
c2ad06ea7b80d64fa5a175371f7d0927	KERNEL32.dll
c2ad06ea7b80d64fa5a175371f7d0927	MSVCRT.dll
c2ad06ea7b80d64fa5a175371f7d0927	ADVAPI32.dll
c2ad06ea7b80d64fa5a175371f7d0927	WS2_32.dll
ba0683a710fda946ca2f2f78719c73cc	ADVAPI32.dll
ba0683a710fda946ca2f2f78719c73cc	SHELL32.dll
ba0683a710fda946ca2f2f78719c73cc	KERNEL32.dll
ba0683a710fda946ca2f2f78719c73cc	USER32.dll
95159da015314146639bab4e78396f9d	MSVCP60.dll
95159da015314146639bab4e78396f9d	iphlpapi.dll
95159da015314146639bab4e78396f9d	WININET.dll
95159da015314146639bab4e78396f9d	KERNEL32.dll
95159da015314146639bab4e78396f9d	MSVCRT.dll
95159da015314146639bab4e78396f9d	ADVAPI32.dll
95159da015314146639bab4e78396f9d	WS2_32.dll
f7dc2a8472b5d9c8b933618e385f67eb	ADVAPI32.dll
f7dc2a8472b5d9c8b933618e385f67eb	KERNEL32.dll
f7dc2a8472b5d9c8b933618e385f67eb	MSVCRT.dll
f7dc2a8472b5d9c8b933618e385f67eb	USER32.dll
e6d87c11b4306356a1a8f0af80853880	KERNEL32.DLL
e6d87c11b4306356a1a8f0af80853880	MSVBVM60.DLL
e0276f997ffb064cb131baeab95dc1cd	MSVCP60.dll
e0276f997ffb064cb131baeab95dc1cd	iphlpapi.dll
e0276f997ffb064cb131baeab95dc1cd	WININET.dll
e0276f997ffb064cb131baeab95dc1cd	KERNEL32.dll
e0276f997ffb064cb131baeab95dc1cd	MSVCRT.dll
e0276f997ffb064cb131baeab95dc1cd	ADVAPI32.dll
e0276f997ffb064cb131baeab95dc1cd	WS2_32.dll
4240675d5b41ae1ee46c4d88fbf4378c	ADVAPI32.dll
4240675d5b41ae1ee46c4d88fbf4378c	KERNEL32.dll
4240675d5b41ae1ee46c4d88fbf4378c	USER32.dll
4240675d5b41ae1ee46c4d88fbf4378c	WINTRUST.dll
4240675d5b41ae1ee46c4d88fbf4378c	WTSAPI32.dll
822e9a3f3bfe9b16790f537d7a0e1ea9	SHELL32.dll
822e9a3f3bfe9b16790f537d7a0e1ea9	KERNEL32.dll
822e9a3f3bfe9b16790f537d7a0e1ea9	USER32.dll
822e9a3f3bfe9b16790f537d7a0e1ea9	GDI32.dll
b6b4d9166a56f602e83359f7dc20fe35	ADVAPI32.dll
b6b4d9166a56f602e83359f7dc20fe35	KERNEL32.dll
b6b4d9166a56f602e83359f7dc20fe35	ole32.dll
b6b4d9166a56f602e83359f7dc20fe35	USER32.dll
76af0f5241f8b0f2c9721fd3229ac087	rsaenh.dll
76af0f5241f8b0f2c9721fd3229ac087	kernel32.dll
76af0f5241f8b0f2c9721fd3229ac087	cmpbk32.dll
76af0f5241f8b0f2c9721fd3229ac087	shell32.dll
76af0f5241f8b0f2c9721fd3229ac087	shlwapi.dll
76af0f5241f8b0f2c9721fd3229ac087	user32.dll
26a1002e4e4da9fcfa33a69b283ce131	rsaenh.dll
26a1002e4e4da9fcfa33a69b283ce131	kernel32.dll
26a1002e4e4da9fcfa33a69b283ce131	user32.dll
26a1002e4e4da9fcfa33a69b283ce131	cmpbk32.dll
d51a6450a01afb49b9dbdef2f60f6736	kernel32.dll
d51a6450a01afb49b9dbdef2f60f6736	user32.dll
12381e721200121ffde587cf12336039	shell32.dll
12381e721200121ffde587cf12336039	cryptdll.dll
12381e721200121ffde587cf12336039	kernel32.dll
12381e721200121ffde587cf12336039	user32.dll
980ff638af12294e9f94c0a05b826882	MSVCP60.dll
980ff638af12294e9f94c0a05b826882	iphlpapi.dll
980ff638af12294e9f94c0a05b826882	WININET.dll
980ff638af12294e9f94c0a05b826882	KERNEL32.dll
980ff638af12294e9f94c0a05b826882	MSVCRT.dll
980ff638af12294e9f94c0a05b826882	ADVAPI32.dll
980ff638af12294e9f94c0a05b826882	WS2_32.dll
38f15273a6b44372e87324991e10e5f9	MPR.dll
38f15273a6b44372e87324991e10e5f9	COMDLG32.dll
38f15273a6b44372e87324991e10e5f9	COMCTL32.dll
38f15273a6b44372e87324991e10e5f9	WLDAP32.dll
38f15273a6b44372e87324991e10e5f9	VERSION.dll
38f15273a6b44372e87324991e10e5f9	WININET.dll
38f15273a6b44372e87324991e10e5f9	GDI32.dll
38f15273a6b44372e87324991e10e5f9	ADVAPI32.dll
38f15273a6b44372e87324991e10e5f9	KERNEL32.dll
38f15273a6b44372e87324991e10e5f9	msvcrt.dll
38f15273a6b44372e87324991e10e5f9	OLEAUT32.dll
38f15273a6b44372e87324991e10e5f9	SHELL32.dll
38f15273a6b44372e87324991e10e5f9	ole32.dll
38f15273a6b44372e87324991e10e5f9	SETUPAPI.dll
38f15273a6b44372e87324991e10e5f9	gdiplus.dll
38f15273a6b44372e87324991e10e5f9	USER32.dll
38f15273a6b44372e87324991e10e5f9	IMM32.dll
860cc9632522797d54ec92fe6df8c545	ADVAPI32.dll
860cc9632522797d54ec92fe6df8c545	SHELL32.dll
860cc9632522797d54ec92fe6df8c545	KERNEL32.dll
860cc9632522797d54ec92fe6df8c545	MSVCRT.dll
860cc9632522797d54ec92fe6df8c545	USER32.dll
8903c3cd3e234def3ab3d18d5ed139d3	MSVCP60.dll
8903c3cd3e234def3ab3d18d5ed139d3	iphlpapi.dll
8903c3cd3e234def3ab3d18d5ed139d3	WININET.dll
8903c3cd3e234def3ab3d18d5ed139d3	KERNEL32.dll
8903c3cd3e234def3ab3d18d5ed139d3	MSVCRT.dll
8903c3cd3e234def3ab3d18d5ed139d3	ADVAPI32.dll
8903c3cd3e234def3ab3d18d5ed139d3	WS2_32.dll
9c6b2834feb39ad7cd1820ea90895f96	shell32.dll
9c6b2834feb39ad7cd1820ea90895f96	kernel32.dll
9c6b2834feb39ad7cd1820ea90895f96	onex.dll
9c6b2834feb39ad7cd1820ea90895f96	user32.dll
6edda5a4379f01eb9fdb87fcd75d234a	MSVCP60.dll
6edda5a4379f01eb9fdb87fcd75d234a	iphlpapi.dll
6edda5a4379f01eb9fdb87fcd75d234a	WININET.dll
6edda5a4379f01eb9fdb87fcd75d234a	KERNEL32.dll
6edda5a4379f01eb9fdb87fcd75d234a	MSVCRT.dll
6edda5a4379f01eb9fdb87fcd75d234a	ADVAPI32.dll
6edda5a4379f01eb9fdb87fcd75d234a	WS2_32.dll
fc648e44804f333c45df0f55f9f73f2c	GDI32.dll
fc648e44804f333c45df0f55f9f73f2c	ADVAPI32.dll
fc648e44804f333c45df0f55f9f73f2c	KERNEL32.dll
fc648e44804f333c45df0f55f9f73f2c	msvcrt.dll
fc648e44804f333c45df0f55f9f73f2c	SHELL32.dll
fc648e44804f333c45df0f55f9f73f2c	SHLWAPI.dll
fc648e44804f333c45df0f55f9f73f2c	USER32.dll
5342e5272bd7cda790ecf9eab9f16df2	KERNEL32.dll
5342e5272bd7cda790ecf9eab9f16df2	USER32.dll
af1a704a60a50e297d3817f43b79d6d3	ADVAPI32.dll
af1a704a60a50e297d3817f43b79d6d3	KERNEL32.dll
af1a704a60a50e297d3817f43b79d6d3	MSVCRT.dll
af1a704a60a50e297d3817f43b79d6d3	USER32.dll
13250a10d2a921c60a97e0455c774692	kernel32.dll
13250a10d2a921c60a97e0455c774692	ctl3d32.dll
13250a10d2a921c60a97e0455c774692	user32.dll
1e028f0209a3b0e6c09c3417fa7b0581	MSVCP60.dll
1e028f0209a3b0e6c09c3417fa7b0581	iphlpapi.dll
1e028f0209a3b0e6c09c3417fa7b0581	WININET.dll
1e028f0209a3b0e6c09c3417fa7b0581	KERNEL32.dll
1e028f0209a3b0e6c09c3417fa7b0581	MSVCRT.dll
1e028f0209a3b0e6c09c3417fa7b0581	ADVAPI32.dll
1e028f0209a3b0e6c09c3417fa7b0581	WS2_32.dll
11f725b419e33e84186772d5c9879ea8	GDI32.dll
11f725b419e33e84186772d5c9879ea8	ADVAPI32.dll
11f725b419e33e84186772d5c9879ea8	KERNEL32.dll
11f725b419e33e84186772d5c9879ea8	SHELL32.dll
11f725b419e33e84186772d5c9879ea8	ole32.dll
11f725b419e33e84186772d5c9879ea8	USER32.dll
11f725b419e33e84186772d5c9879ea8	COMCTL32.dll
cae4211159d7b2e3fe6a55c520572f47	COMDLG32.dll
cae4211159d7b2e3fe6a55c520572f47	GDI32.dll
cae4211159d7b2e3fe6a55c520572f47	ADVAPI32.dll
cae4211159d7b2e3fe6a55c520572f47	KERNEL32.dll
cae4211159d7b2e3fe6a55c520572f47	SHELL32.dll
cae4211159d7b2e3fe6a55c520572f47	ole32.dll
cae4211159d7b2e3fe6a55c520572f47	COMCTL32.dll
cae4211159d7b2e3fe6a55c520572f47	USER32.dll
cae4211159d7b2e3fe6a55c520572f47	IMM32.dll
a67c311c9ba07fd816d61694dadad4d7	SHELL32.dll
a67c311c9ba07fd816d61694dadad4d7	KERNEL32.dll
a67c311c9ba07fd816d61694dadad4d7	USER32.dll
a67c311c9ba07fd816d61694dadad4d7	GDI32.dll
4c571997283fa5a16c756e8ac7968ab8	COMDLG32.dll
4c571997283fa5a16c756e8ac7968ab8	GDI32.dll
4c571997283fa5a16c756e8ac7968ab8	ADVAPI32.dll
4c571997283fa5a16c756e8ac7968ab8	KERNEL32.dll
4c571997283fa5a16c756e8ac7968ab8	SHELL32.dll
4c571997283fa5a16c756e8ac7968ab8	ole32.dll
4c571997283fa5a16c756e8ac7968ab8	USER32.dll
4c571997283fa5a16c756e8ac7968ab8	COMCTL32.dll
d892f9e0e84c0a724dfa6eab7a4fd3ea	SHELL32.dll
d892f9e0e84c0a724dfa6eab7a4fd3ea	KERNEL32.dll
d892f9e0e84c0a724dfa6eab7a4fd3ea	USER32.dll
d892f9e0e84c0a724dfa6eab7a4fd3ea	GDI32.dll
d892f9e0e84c0a724dfa6eab7a4fd3ea	MSIMG32.dll
0b67526f9715f84fa70b54a93570c2ac	ADVAPI32.dll
0b67526f9715f84fa70b54a93570c2ac	SHELL32.dll
0b67526f9715f84fa70b54a93570c2ac	KERNEL32.dll
ed24baca310ab0018d5b068f846ede18	KERNEL32.dll
ed24baca310ab0018d5b068f846ede18	WS2_32.dll
ed24baca310ab0018d5b068f846ede18	MSWSOCK.dll
1f6f039bae1ba1e2e0808ec5ed431d7c	kernel32.dll
1f6f039bae1ba1e2e0808ec5ed431d7c	user32.dll
c49a8c8f6c43f2f3175fef9dbe6aecf1	SHELL32.dll
c49a8c8f6c43f2f3175fef9dbe6aecf1	KERNEL32.dll
c49a8c8f6c43f2f3175fef9dbe6aecf1	USER32.dll
d5ca1ea0bb417ef4c7e8cdb56c4f5371	KERNEL32.dll
d5ca1ea0bb417ef4c7e8cdb56c4f5371	ole32.dll
d5ca1ea0bb417ef4c7e8cdb56c4f5371	OLEAUT32.dll
903886e8b1af5840e3be00de89072989	kernel32.dll
903886e8b1af5840e3be00de89072989	user32.dll
903886e8b1af5840e3be00de89072989	cmpbk32.dll
c0c1bd0930eeb1206e4b6512cf710642	MPR.dll
c0c1bd0930eeb1206e4b6512cf710642	comdlg32.dll
c0c1bd0930eeb1206e4b6512cf710642	IMAGEHLP.dll
c0c1bd0930eeb1206e4b6512cf710642	RESUTILS.dll
c0c1bd0930eeb1206e4b6512cf710642	urlmon.dll
c0c1bd0930eeb1206e4b6512cf710642	KERNEL32.dll
c0c1bd0930eeb1206e4b6512cf710642	MSVCRT.dll
c0c1bd0930eeb1206e4b6512cf710642	LZ32.dll
c0c1bd0930eeb1206e4b6512cf710642	OLEAUT32.dll
c0c1bd0930eeb1206e4b6512cf710642	SHELL32.dll
c0c1bd0930eeb1206e4b6512cf710642	ole32.dll
c0c1bd0930eeb1206e4b6512cf710642	SHLWAPI.dll
c0c1bd0930eeb1206e4b6512cf710642	USER32.dll
c0c1bd0930eeb1206e4b6512cf710642	COMCTL32.dll
34a21acbdd9740b13ca14329afcff127	kernel32.dll
34a21acbdd9740b13ca14329afcff127	ctl3d32.dll
34a21acbdd9740b13ca14329afcff127	user32.dll
b2bdc30b367901765ab36db4abe820e9	comdlg32.dll
b2bdc30b367901765ab36db4abe820e9	pdh.dll
b2bdc30b367901765ab36db4abe820e9	urlmon.dll
b2bdc30b367901765ab36db4abe820e9	COMCTL32.dll
b2bdc30b367901765ab36db4abe820e9	WININET.dll
b2bdc30b367901765ab36db4abe820e9	GDI32.dll
b2bdc30b367901765ab36db4abe820e9	WINSPOOL.DRV
b2bdc30b367901765ab36db4abe820e9	KERNEL32.dll
b2bdc30b367901765ab36db4abe820e9	MSVCRT.dll
b2bdc30b367901765ab36db4abe820e9	OLEAUT32.dll
b2bdc30b367901765ab36db4abe820e9	SHELL32.dll
b2bdc30b367901765ab36db4abe820e9	ole32.dll
b2bdc30b367901765ab36db4abe820e9	SHLWAPI.dll
b2bdc30b367901765ab36db4abe820e9	USER32.dll
b2bdc30b367901765ab36db4abe820e9	IMM32.dll
34d877a8fb47ddd068bc369c222bb937	GDI32.dll
34d877a8fb47ddd068bc369c222bb937	ADVAPI32.dll
34d877a8fb47ddd068bc369c222bb937	KERNEL32.dll
34d877a8fb47ddd068bc369c222bb937	msvcrt.dll
34d877a8fb47ddd068bc369c222bb937	SHELL32.dll
34d877a8fb47ddd068bc369c222bb937	SHLWAPI.dll
34d877a8fb47ddd068bc369c222bb937	USER32.dll
ef58384c39227c11f1ee18568527f757	MPR.dll
ef58384c39227c11f1ee18568527f757	WINTRUST.dll
ef58384c39227c11f1ee18568527f757	KERNEL32.dll
ef58384c39227c11f1ee18568527f757	Secur32.dll
ef58384c39227c11f1ee18568527f757	WTSAPI32.dll
ef58384c39227c11f1ee18568527f757	ADVAPI32.dll
ef58384c39227c11f1ee18568527f757	USER32.dll
bf9624358fa977d2d3abb60ebbf4e74b	kernel32.dll
bf9624358fa977d2d3abb60ebbf4e74b	user32.dll
a3af27adc2c83db1223c1301714ffd15	ADVAPI32.dll
a3af27adc2c83db1223c1301714ffd15	SHELL32.dll
a3af27adc2c83db1223c1301714ffd15	KERNEL32.dll
6b143267bf4e1cdadb8eb7aecbb9d13f	cmutil.dll
6b143267bf4e1cdadb8eb7aecbb9d13f	rsaenh.dll
6b143267bf4e1cdadb8eb7aecbb9d13f	kernel32.dll
6b143267bf4e1cdadb8eb7aecbb9d13f	shell32.dll
6b143267bf4e1cdadb8eb7aecbb9d13f	shlwapi.dll
6b143267bf4e1cdadb8eb7aecbb9d13f	user32.dll
f6c45b2d0d541abadd0b0c0dccbfea87	GDI32.dll
f6c45b2d0d541abadd0b0c0dccbfea87	ADVAPI32.dll
f6c45b2d0d541abadd0b0c0dccbfea87	KERNEL32.dll
f6c45b2d0d541abadd0b0c0dccbfea87	msvcrt.dll
f6c45b2d0d541abadd0b0c0dccbfea87	SHELL32.dll
f6c45b2d0d541abadd0b0c0dccbfea87	SHLWAPI.dll
f6c45b2d0d541abadd0b0c0dccbfea87	USER32.dll
f6c45b2d0d541abadd0b0c0dccbfea87	IMM32.dll
1b21c2374e4a7c5c9cf48c2fe30ddc15	ADVAPI32.dll
1b21c2374e4a7c5c9cf48c2fe30ddc15	KERNEL32.dll
1b21c2374e4a7c5c9cf48c2fe30ddc15	MSVCRT.dll
1b21c2374e4a7c5c9cf48c2fe30ddc15	USER32.dll
f16210522846d31abd80c3456d2727a3	SHELL32.dll
f16210522846d31abd80c3456d2727a3	KERNEL32.dll
f16210522846d31abd80c3456d2727a3	USER32.dll
c2ca58f5d40d362c480544b40902478d	ADVAPI32.dll
c2ca58f5d40d362c480544b40902478d	KERNEL32.dll
c2ca58f5d40d362c480544b40902478d	MSVCRT.dll
c2ca58f5d40d362c480544b40902478d	USER32.dll
a232702039c1143369a454b6ba2580b5	ADVAPI32.dll
a232702039c1143369a454b6ba2580b5	KERNEL32.dll
a232702039c1143369a454b6ba2580b5	MSVCRT.dll
a232702039c1143369a454b6ba2580b5	USER32.dll
5a9f91b0a5460fef3f9c529670000583	ADVAPI32.dll
5a9f91b0a5460fef3f9c529670000583	KERNEL32.dll
5a9f91b0a5460fef3f9c529670000583	MSVCRT.dll
5a9f91b0a5460fef3f9c529670000583	USER32.dll
6d4d7a72d1b528f8766fe3d8bcfb314f	ADVAPI32.dll
6d4d7a72d1b528f8766fe3d8bcfb314f	KERNEL32.dll
6d4d7a72d1b528f8766fe3d8bcfb314f	USER32.dll
ae6c8b69870fd8299cdb9905e014eed9	rsaenh.dll
ae6c8b69870fd8299cdb9905e014eed9	kernel32.dll
ae6c8b69870fd8299cdb9905e014eed9	user32.dll
ae6c8b69870fd8299cdb9905e014eed9	cmpbk32.dll
5487d40c501ad4b2c8a4d4d74b2382f9	ADVAPI32.dll
5487d40c501ad4b2c8a4d4d74b2382f9	KERNEL32.dll
5487d40c501ad4b2c8a4d4d74b2382f9	MSVCRT.dll
5487d40c501ad4b2c8a4d4d74b2382f9	USER32.dll
ccccc9a9681717fc739f9590893f8e08	KERNEL32.dll
ccccc9a9681717fc739f9590893f8e08	WINSPOOL.DRV
4091528a0b8016b4d69bfdca27779a19	mscoree.dll
f797dee2a4f90c9d65b14d1bd9a45ffe	GDI32.dll
f797dee2a4f90c9d65b14d1bd9a45ffe	ADVAPI32.dll
f797dee2a4f90c9d65b14d1bd9a45ffe	KERNEL32.dll
f797dee2a4f90c9d65b14d1bd9a45ffe	SHELL32.dll
f797dee2a4f90c9d65b14d1bd9a45ffe	ole32.dll
f797dee2a4f90c9d65b14d1bd9a45ffe	SHLWAPI.dll
f797dee2a4f90c9d65b14d1bd9a45ffe	USER32.dll
dadfb23a1b00f85745662cd44b8b9a4e	WINMM.DLL
dadfb23a1b00f85745662cd44b8b9a4e	GDI32.DLL
dadfb23a1b00f85745662cd44b8b9a4e	KERNEL32.dll
dadfb23a1b00f85745662cd44b8b9a4e	MSVCRT.dll
dadfb23a1b00f85745662cd44b8b9a4e	SHELL32.DLL
dadfb23a1b00f85745662cd44b8b9a4e	OLE32.DLL
dadfb23a1b00f85745662cd44b8b9a4e	SHLWAPI.DLL
dadfb23a1b00f85745662cd44b8b9a4e	USER32.DLL
dadfb23a1b00f85745662cd44b8b9a4e	COMCTL32.DLL
79bd001e21e5c7949dac2d80cf893ab8	MFC42.DLL
79bd001e21e5c7949dac2d80cf893ab8	MSVCRT.dll
79bd001e21e5c7949dac2d80cf893ab8	*invalid*
d1fddd753db2a2634ae8c64a30517445	ADVAPI32.dll
d1fddd753db2a2634ae8c64a30517445	KERNEL32.dll
d1fddd753db2a2634ae8c64a30517445	USER32.dll
d1fddd753db2a2634ae8c64a30517445	WINTRUST.dll
d1fddd753db2a2634ae8c64a30517445	WTSAPI32.dll
f7cc67f3eed3db6e1c442f8ce7a7776c	MSVCP60.dll
f7cc67f3eed3db6e1c442f8ce7a7776c	iphlpapi.dll
f7cc67f3eed3db6e1c442f8ce7a7776c	WININET.dll
f7cc67f3eed3db6e1c442f8ce7a7776c	KERNEL32.dll
f7cc67f3eed3db6e1c442f8ce7a7776c	MSVCRT.dll
f7cc67f3eed3db6e1c442f8ce7a7776c	ADVAPI32.dll
f7cc67f3eed3db6e1c442f8ce7a7776c	WS2_32.dll
bf4478599f37cbfe2852bf385b5fba79	kernel32.dll
bf4478599f37cbfe2852bf385b5fba79	user32.dll
80d9a6c031b2641d5f094a74e0347ef8	ADVAPI32.dll
80d9a6c031b2641d5f094a74e0347ef8	SHELL32.dll
80d9a6c031b2641d5f094a74e0347ef8	KERNEL32.dll
ddd9e0f7c6cd5b8fa2f847585e8d40b7	ADVAPI32.dll
ddd9e0f7c6cd5b8fa2f847585e8d40b7	KERNEL32.dll
ddd9e0f7c6cd5b8fa2f847585e8d40b7	MPRAPI.dll
ddd9e0f7c6cd5b8fa2f847585e8d40b7	USER32.dll
fda7dda89a3171c32e6c36a8054e630b	kernel32.dll
fda7dda89a3171c32e6c36a8054e630b	ctl3d32.dll
fda7dda89a3171c32e6c36a8054e630b	user32.dll
9945351b9297c5891948dac725e448c4	crypt32.dll
9945351b9297c5891948dac725e448c4	kernel32.dll
9945351b9297c5891948dac725e448c4	advapi32.dll
9945351b9297c5891948dac725e448c4	cryptdll.dll
9945351b9297c5891948dac725e448c4	clbcatq.dll
9945351b9297c5891948dac725e448c4	user32.dll
b5a29fdf90e0c9c65887e321bc88ee59	advapi32.dll
b5a29fdf90e0c9c65887e321bc88ee59	kernel32.dll
b5a29fdf90e0c9c65887e321bc88ee59	authz.dll
b5a29fdf90e0c9c65887e321bc88ee59	dsprop.dll
b5a29fdf90e0c9c65887e321bc88ee59	crypt32.dll
e67c5d6fb77db95c3b41a88df11f5f7b	SHELL32.dll
e67c5d6fb77db95c3b41a88df11f5f7b	ADVAPI32.dll
e67c5d6fb77db95c3b41a88df11f5f7b	KERNEL32.dll
e67c5d6fb77db95c3b41a88df11f5f7b	USER32.dll
7821967dbb57b7a5fd06d8c8da885aef	MSVCP60.dll
7821967dbb57b7a5fd06d8c8da885aef	iphlpapi.dll
7821967dbb57b7a5fd06d8c8da885aef	WININET.dll
7821967dbb57b7a5fd06d8c8da885aef	KERNEL32.dll
7821967dbb57b7a5fd06d8c8da885aef	MSVCRT.dll
7821967dbb57b7a5fd06d8c8da885aef	ADVAPI32.dll
7821967dbb57b7a5fd06d8c8da885aef	WS2_32.dll
a0eab1a202a8218df964344eea7403ac	SHELL32.dll
a0eab1a202a8218df964344eea7403ac	KERNEL32.dll
a0eab1a202a8218df964344eea7403ac	USER32.dll
a0eab1a202a8218df964344eea7403ac	GDI32.dll
a0eab1a202a8218df964344eea7403ac	MSIMG32.dll
dcf14b35d3a21d8893e339024dfb9e5c	kernel32.dll
dcf14b35d3a21d8893e339024dfb9e5c	ctl3d32.dll
dcf14b35d3a21d8893e339024dfb9e5c	user32.dll
eae28161930472b1c16c14986a5ddaba	WINMM.DLL
eae28161930472b1c16c14986a5ddaba	GDI32.DLL
eae28161930472b1c16c14986a5ddaba	KERNEL32.DLL
eae28161930472b1c16c14986a5ddaba	MSVCRT.dll
eae28161930472b1c16c14986a5ddaba	SHELL32.DLL
eae28161930472b1c16c14986a5ddaba	OLE32.DLL
eae28161930472b1c16c14986a5ddaba	SHLWAPI.DLL
eae28161930472b1c16c14986a5ddaba	USER32.DLL
eae28161930472b1c16c14986a5ddaba	COMCTL32.DLL
febb9b59638797e2f490a41e6cf79512	SHELL32.dll
febb9b59638797e2f490a41e6cf79512	KERNEL32.dll
febb9b59638797e2f490a41e6cf79512	USER32.dll
febb9b59638797e2f490a41e6cf79512	GDI32.dll
febb9b59638797e2f490a41e6cf79512	MSIMG32.dll
d948825d710c020e52fbac6225538d19	kernel32.dll
d948825d710c020e52fbac6225538d19	shlwapi.dll
d948825d710c020e52fbac6225538d19	cfgmgr32.dll
d948825d710c020e52fbac6225538d19	dbnmpntw.dll
d948825d710c020e52fbac6225538d19	msimg32.dll
ef3846294af0c5f11a79ddb999da5300	SHELL32.dll
ef3846294af0c5f11a79ddb999da5300	KERNEL32.dll
ef3846294af0c5f11a79ddb999da5300	MSVCRT.dll
ef3846294af0c5f11a79ddb999da5300	USER32.dll
2a17debbd851a34b2ec8953c69d9787e	ADVAPI32.dll
2a17debbd851a34b2ec8953c69d9787e	KERNEL32.dll
2a17debbd851a34b2ec8953c69d9787e	msvcrt.dll
2a17debbd851a34b2ec8953c69d9787e	USER32.dll
2a17debbd851a34b2ec8953c69d9787e	GDI32.dll
35167d9abbc8c45afeab76085590ae51	MSVCP60.dll
35167d9abbc8c45afeab76085590ae51	iphlpapi.dll
35167d9abbc8c45afeab76085590ae51	WININET.dll
35167d9abbc8c45afeab76085590ae51	KERNEL32.dll
35167d9abbc8c45afeab76085590ae51	MSVCRT.dll
35167d9abbc8c45afeab76085590ae51	ADVAPI32.dll
35167d9abbc8c45afeab76085590ae51	WS2_32.dll
0cb0077f98e42f365817e4842b982792	SHELL32.dll
0cb0077f98e42f365817e4842b982792	KERNEL32.dll
0cb0077f98e42f365817e4842b982792	USER32.dll
0cb0077f98e42f365817e4842b982792	GDI32.dll
0cb0077f98e42f365817e4842b982792	MSIMG32.dll
da8de0a763aaa4cb2e4def48c0634b32	WINMM.DLL
da8de0a763aaa4cb2e4def48c0634b32	GDI32.DLL
da8de0a763aaa4cb2e4def48c0634b32	KERNEL32.dll
da8de0a763aaa4cb2e4def48c0634b32	MSVCRT.dll
da8de0a763aaa4cb2e4def48c0634b32	SHELL32.DLL
da8de0a763aaa4cb2e4def48c0634b32	OLE32.DLL
da8de0a763aaa4cb2e4def48c0634b32	SHLWAPI.DLL
da8de0a763aaa4cb2e4def48c0634b32	USER32.DLL
da8de0a763aaa4cb2e4def48c0634b32	COMCTL32.DLL
b295b304ae6b7ee4f352520a86046e79	kernel32.dll
b295b304ae6b7ee4f352520a86046e79	user32.dll
461e72e8dc13c25c22b70cf9a4714cff	GDI32.dll
461e72e8dc13c25c22b70cf9a4714cff	ADVAPI32.dll
461e72e8dc13c25c22b70cf9a4714cff	KERNEL32.dll
461e72e8dc13c25c22b70cf9a4714cff	SHELL32.dll
461e72e8dc13c25c22b70cf9a4714cff	ole32.dll
461e72e8dc13c25c22b70cf9a4714cff	USER32.dll
461e72e8dc13c25c22b70cf9a4714cff	COMCTL32.dll
e6f0d830c1a21214e67c58024af720d8	ADVAPI32.dll
e6f0d830c1a21214e67c58024af720d8	KERNEL32.dll
e6f0d830c1a21214e67c58024af720d8	msvcrt.dll
e6f0d830c1a21214e67c58024af720d8	USER32.dll
e6f0d830c1a21214e67c58024af720d8	GDI32.dll
f1ae59249113d65a104980e28ce348a2	SHELL32.dll
f1ae59249113d65a104980e28ce348a2	KERNEL32.dll
f1ae59249113d65a104980e28ce348a2	USER32.dll
f1ae59249113d65a104980e28ce348a2	GDI32.dll
d397ff510326c52d15ba4b8f8ffc441e	KERNEL32.DLL
d397ff510326c52d15ba4b8f8ffc441e	MSVBVM60.DLL
87561bbe1a7050aab68aed3a1f3349f0	SHELL32.dll
87561bbe1a7050aab68aed3a1f3349f0	KERNEL32.dll
87561bbe1a7050aab68aed3a1f3349f0	USER32.dll
87561bbe1a7050aab68aed3a1f3349f0	GDI32.dll
5a7a2a965feb6f0d37681c60496ccdfa	kernel32.dll
5a7a2a965feb6f0d37681c60496ccdfa	ctl3d32.dll
5a7a2a965feb6f0d37681c60496ccdfa	user32.dll
c2bce1100cca72df32dc6fde5acd00ba	GDI32.dll
c2bce1100cca72df32dc6fde5acd00ba	ADVAPI32.dll
c2bce1100cca72df32dc6fde5acd00ba	KERNEL32.dll
c2bce1100cca72df32dc6fde5acd00ba	msvcrt.dll
c2bce1100cca72df32dc6fde5acd00ba	SHELL32.dll
c2bce1100cca72df32dc6fde5acd00ba	ole32.dll
c2bce1100cca72df32dc6fde5acd00ba	SHLWAPI.dll
c2bce1100cca72df32dc6fde5acd00ba	USER32.dll
c2bce1100cca72df32dc6fde5acd00ba	COMCTL32.dll
5752ae916b8679d56100b659939a2489	ADVAPI32.dll
5752ae916b8679d56100b659939a2489	SHELL32.dll
5752ae916b8679d56100b659939a2489	KERNEL32.dll
5752ae916b8679d56100b659939a2489	USER32.dll
5752ae916b8679d56100b659939a2489	MSIMG32.dll
1559a67cbda388b3a960406a0ef903ae	ADVAPI32.dll
1559a67cbda388b3a960406a0ef903ae	KERNEL32.dll
1559a67cbda388b3a960406a0ef903ae	USER32.dll
1559a67cbda388b3a960406a0ef903ae	WINTRUST.dll
1559a67cbda388b3a960406a0ef903ae	WTSAPI32.dll
8c24e20a60cae4113588d0ff6805d8ac	kernel32.dll
8c24e20a60cae4113588d0ff6805d8ac	wtsapi32.dll
8c24e20a60cae4113588d0ff6805d8ac	advapi32.dll
8c24e20a60cae4113588d0ff6805d8ac	nddeapi.dll
8c24e20a60cae4113588d0ff6805d8ac	clbcatq.dll
8c24e20a60cae4113588d0ff6805d8ac	user32.dll
b775b435cef91548936fd9808695b024	ADVAPI32.dll
b775b435cef91548936fd9808695b024	KERNEL32.dll
b775b435cef91548936fd9808695b024	msvcrt.dll
b775b435cef91548936fd9808695b024	USER32.dll
b775b435cef91548936fd9808695b024	GDI32.dll
5280b1ce0e331103a23bfccc130acf86	modemui.dll
5280b1ce0e331103a23bfccc130acf86	kernel32.dll
5280b1ce0e331103a23bfccc130acf86	user32.dll
87e4c1d325fbdcca1fefd35620b0e00d	KERNEL32.DLL
87e4c1d325fbdcca1fefd35620b0e00d	MSVBVM60.DLL
6b6cd1d80aae79272bdea86833b6da2e	COMDLG32.dll
6b6cd1d80aae79272bdea86833b6da2e	GDI32.dll
6b6cd1d80aae79272bdea86833b6da2e	ADVAPI32.dll
6b6cd1d80aae79272bdea86833b6da2e	KERNEL32.dll
6b6cd1d80aae79272bdea86833b6da2e	SHELL32.dll
6b6cd1d80aae79272bdea86833b6da2e	ole32.dll
6b6cd1d80aae79272bdea86833b6da2e	USER32.dll
6b6cd1d80aae79272bdea86833b6da2e	COMCTL32.dll
ded2db5c2fa5d93b65969d2bb02b2738	MSVCP60.dll
ded2db5c2fa5d93b65969d2bb02b2738	iphlpapi.dll
ded2db5c2fa5d93b65969d2bb02b2738	WININET.dll
ded2db5c2fa5d93b65969d2bb02b2738	KERNEL32.dll
ded2db5c2fa5d93b65969d2bb02b2738	MSVCRT.dll
ded2db5c2fa5d93b65969d2bb02b2738	ADVAPI32.dll
ded2db5c2fa5d93b65969d2bb02b2738	WS2_32.dll
a8bd992fb81818b4becb103c274c36ef	kernel32.dll
a8bd992fb81818b4becb103c274c36ef	user32.dll
a8bd992fb81818b4becb103c274c36ef	cmpbk32.dll
9928fbfa00812ce45d47ae66d890ee4f	ADVAPI32.dll
9928fbfa00812ce45d47ae66d890ee4f	KERNEL32.dll
9928fbfa00812ce45d47ae66d890ee4f	USER32.dll
9928fbfa00812ce45d47ae66d890ee4f	WINTRUST.dll
9928fbfa00812ce45d47ae66d890ee4f	WTSAPI32.dll
c253bfc1df7e6d0d5fdabcc5636fd34c	MSVCRT.dll
c253bfc1df7e6d0d5fdabcc5636fd34c	KERNEL32.dll
c253bfc1df7e6d0d5fdabcc5636fd34c	WINMM.dll
c253bfc1df7e6d0d5fdabcc5636fd34c	USER32.dll
a51b79315ca88301ed4c34af6506fcc3	KERNEL32.dll
a51b79315ca88301ed4c34af6506fcc3	USER32.dll
a51b79315ca88301ed4c34af6506fcc3	GDI32.dll
2406a119eecd6212450dee2d7d56d01c	ADVAPI32.dll
2406a119eecd6212450dee2d7d56d01c	KERNEL32.dll
2406a119eecd6212450dee2d7d56d01c	USER32.dll
2406a119eecd6212450dee2d7d56d01c	WINTRUST.dll
2406a119eecd6212450dee2d7d56d01c	WTSAPI32.dll
5790a10091a0194d4caccfc8a5861907	ADVAPI32.dll
5790a10091a0194d4caccfc8a5861907	SHELL32.dll
5790a10091a0194d4caccfc8a5861907	KERNEL32.dll
1a1c4755c01cc0b3112bf0c7bf069fd3	rsaenh.dll
1a1c4755c01cc0b3112bf0c7bf069fd3	kernel32.dll
1a1c4755c01cc0b3112bf0c7bf069fd3	user32.dll
1a1c4755c01cc0b3112bf0c7bf069fd3	cmpbk32.dll
3c7f6b425fcb3ed48a3112bda6928e8e	kernel32.dll
3c7f6b425fcb3ed48a3112bda6928e8e	wtsapi32.dll
3c7f6b425fcb3ed48a3112bda6928e8e	advapi32.dll
3c7f6b425fcb3ed48a3112bda6928e8e	nddeapi.dll
3c7f6b425fcb3ed48a3112bda6928e8e	clbcatq.dll
3c7f6b425fcb3ed48a3112bda6928e8e	user32.dll
10f262273180e9dfcb6b458de5155d3b	ADVAPI32.dll
10f262273180e9dfcb6b458de5155d3b	KERNEL32.dll
10f262273180e9dfcb6b458de5155d3b	MSVCRT.dll
10f262273180e9dfcb6b458de5155d3b	USER32.dll
7dcf319a9a7e4be165718ef148ea2dc8	ADVAPI32.dll
7dcf319a9a7e4be165718ef148ea2dc8	KERNEL32.dll
7dcf319a9a7e4be165718ef148ea2dc8	MSVCRT.dll
7dcf319a9a7e4be165718ef148ea2dc8	USER32.dll
d33206e1c11b861e42898df2e77d1d2e	ADVAPI32.dll
d33206e1c11b861e42898df2e77d1d2e	SHELL32.dll
d33206e1c11b861e42898df2e77d1d2e	KERNEL32.dll
4fbf97bbcbdf2ad0581a2348926dd3ee	ADVAPI32.dll
4fbf97bbcbdf2ad0581a2348926dd3ee	KERNEL32.dll
4fbf97bbcbdf2ad0581a2348926dd3ee	MSVCRT.dll
4fbf97bbcbdf2ad0581a2348926dd3ee	USER32.dll
8537932c468787c53c1e2b27696e5816	ADVAPI32.dll
8537932c468787c53c1e2b27696e5816	SHELL32.dll
8537932c468787c53c1e2b27696e5816	KERNEL32.dll
b060953856b6f04010563cf3ad144d72	SHELL32.dll
b060953856b6f04010563cf3ad144d72	KERNEL32.dll
b060953856b6f04010563cf3ad144d72	USER32.dll
b060953856b6f04010563cf3ad144d72	GDI32.dll
b060953856b6f04010563cf3ad144d72	MSIMG32.dll
e2c0bb4342c045dc3fbf24e05f3a2573	kernel32.dll
e2c0bb4342c045dc3fbf24e05f3a2573	ctl3d32.dll
e2c0bb4342c045dc3fbf24e05f3a2573	crypt32.dll
91f6a113b16064cd62c23afa9cfcf1fa	ADVAPI32.dll
91f6a113b16064cd62c23afa9cfcf1fa	KERNEL32.dll
91f6a113b16064cd62c23afa9cfcf1fa	ole32.dll
ec11d12bc2544470c45fbb0cbf286c0a	MPR.dll
ec11d12bc2544470c45fbb0cbf286c0a	WINTRUST.dll
ec11d12bc2544470c45fbb0cbf286c0a	KERNEL32.dll
ec11d12bc2544470c45fbb0cbf286c0a	UxTheme.dll
ec11d12bc2544470c45fbb0cbf286c0a	ADVAPI32.dll
ec11d12bc2544470c45fbb0cbf286c0a	USER32.dll
31fe7dc74f835455dd0832dee2a0fc2c	VERSION.dll
31fe7dc74f835455dd0832dee2a0fc2c	GDI32.dll
31fe7dc74f835455dd0832dee2a0fc2c	ADVAPI32.dll
31fe7dc74f835455dd0832dee2a0fc2c	KERNEL32.dll
31fe7dc74f835455dd0832dee2a0fc2c	msvcrt.dll
31fe7dc74f835455dd0832dee2a0fc2c	SHELL32.dll
31fe7dc74f835455dd0832dee2a0fc2c	ole32.dll
31fe7dc74f835455dd0832dee2a0fc2c	SHLWAPI.dll
31fe7dc74f835455dd0832dee2a0fc2c	USER32.dll
d83d524fe99acd696494026f1d7b0dad	kernel32.dll
d83d524fe99acd696494026f1d7b0dad	ctl3d32.dll
d83d524fe99acd696494026f1d7b0dad	crypt32.dll
e573c61391654264c08ee429d517f192	MPR.dll
e573c61391654264c08ee429d517f192	COMDLG32.dll
e573c61391654264c08ee429d517f192	COMCTL32.dll
e573c61391654264c08ee429d517f192	VERSION.dll
e573c61391654264c08ee429d517f192	WINMM.dll
e573c61391654264c08ee429d517f192	WININET.dll
e573c61391654264c08ee429d517f192	GDI32.dll
e573c61391654264c08ee429d517f192	ADVAPI32.dll
e573c61391654264c08ee429d517f192	KERNEL32.dll
e573c61391654264c08ee429d517f192	UxTheme.dll
e573c61391654264c08ee429d517f192	OLEAUT32.dll
e573c61391654264c08ee429d517f192	IPHLPAPI.DLL
e573c61391654264c08ee429d517f192	SHELL32.dll
e573c61391654264c08ee429d517f192	PSAPI.DLL
e573c61391654264c08ee429d517f192	USERENV.dll
e573c61391654264c08ee429d517f192	ole32.dll
e573c61391654264c08ee429d517f192	USER32.dll
e573c61391654264c08ee429d517f192	WSOCK32.dll
09c13aa871394629d510563af8e4345d	GDI32.dll
09c13aa871394629d510563af8e4345d	ADVAPI32.dll
09c13aa871394629d510563af8e4345d	KERNEL32.dll
09c13aa871394629d510563af8e4345d	SHELL32.dll
09c13aa871394629d510563af8e4345d	ole32.dll
09c13aa871394629d510563af8e4345d	SHLWAPI.dll
09c13aa871394629d510563af8e4345d	USER32.dll
93ec4fc9b0974abb65bed1184a971ddd	MSVCP60.dll
93ec4fc9b0974abb65bed1184a971ddd	iphlpapi.dll
93ec4fc9b0974abb65bed1184a971ddd	WININET.dll
93ec4fc9b0974abb65bed1184a971ddd	KERNEL32.dll
93ec4fc9b0974abb65bed1184a971ddd	MSVCRT.dll
93ec4fc9b0974abb65bed1184a971ddd	ADVAPI32.dll
93ec4fc9b0974abb65bed1184a971ddd	WS2_32.dll
e249fb01341782a8ab7cf5b781501c23	ADVAPI32.dll
e249fb01341782a8ab7cf5b781501c23	KERNEL32.dll
e2e35b2bbd2093d5ae8996e93c5c435c	MSVCP60.dll
e2e35b2bbd2093d5ae8996e93c5c435c	iphlpapi.dll
e2e35b2bbd2093d5ae8996e93c5c435c	WININET.dll
e2e35b2bbd2093d5ae8996e93c5c435c	KERNEL32.dll
e2e35b2bbd2093d5ae8996e93c5c435c	MSVCRT.dll
e2e35b2bbd2093d5ae8996e93c5c435c	ADVAPI32.dll
e2e35b2bbd2093d5ae8996e93c5c435c	WS2_32.dll
bcc7e19b7c4fba8907479439689d8278	MSVCP60.dll
bcc7e19b7c4fba8907479439689d8278	iphlpapi.dll
bcc7e19b7c4fba8907479439689d8278	WININET.dll
bcc7e19b7c4fba8907479439689d8278	KERNEL32.dll
bcc7e19b7c4fba8907479439689d8278	MSVCRT.dll
bcc7e19b7c4fba8907479439689d8278	ADVAPI32.dll
bcc7e19b7c4fba8907479439689d8278	WS2_32.dll
e88206c97ae164b196a10b024f324291	urlmon.dll
e88206c97ae164b196a10b024f324291	VERSION.dll
e88206c97ae164b196a10b024f324291	WININET.dll
e88206c97ae164b196a10b024f324291	GDI32.dll
e88206c97ae164b196a10b024f324291	ADVAPI32.dll
e88206c97ae164b196a10b024f324291	KERNEL32.dll
e88206c97ae164b196a10b024f324291	OLEAUT32.dll
e88206c97ae164b196a10b024f324291	NETAPI32.dll
e88206c97ae164b196a10b024f324291	SHELL32.dll
e88206c97ae164b196a10b024f324291	ole32.dll
e88206c97ae164b196a10b024f324291	SHLWAPI.dll
e88206c97ae164b196a10b024f324291	WS2_32.dll
e88206c97ae164b196a10b024f324291	PSAPI.DLL
e88206c97ae164b196a10b024f324291	USER32.dll
e88206c97ae164b196a10b024f324291	WSOCK32.dll
40f76a18085d1c0f8d460192002cbed5	advapi32.dll
40f76a18085d1c0f8d460192002cbed5	kernel32.dll
40f76a18085d1c0f8d460192002cbed5	authz.dll
40f76a18085d1c0f8d460192002cbed5	cmutil.dll
40f76a18085d1c0f8d460192002cbed5	cfgmgr32.dll
409f8ad1044d0fdf91c163774860a0bb	MSVCP60.dll
409f8ad1044d0fdf91c163774860a0bb	iphlpapi.dll
409f8ad1044d0fdf91c163774860a0bb	WININET.dll
409f8ad1044d0fdf91c163774860a0bb	KERNEL32.dll
409f8ad1044d0fdf91c163774860a0bb	MSVCRT.dll
409f8ad1044d0fdf91c163774860a0bb	ADVAPI32.dll
409f8ad1044d0fdf91c163774860a0bb	WS2_32.dll
0d9d97140ad3ff284f2af7a147e783c1	KERNEL32.DLL
0d9d97140ad3ff284f2af7a147e783c1	MSVBVM60.DLL
c5d722f0d3ef20a71c791c7798b0409e	ADVAPI32.dll
c5d722f0d3ef20a71c791c7798b0409e	SHELL32.dll
c5d722f0d3ef20a71c791c7798b0409e	KERNEL32.dll
c5d722f0d3ef20a71c791c7798b0409e	SHLWAPI.dll
c5d722f0d3ef20a71c791c7798b0409e	ole32.dll
91e57d2bf7517c1e16ddda9b334daed8	KERNEL32.dll
d44e0cfd24454c0f480e178485831e48	ADVAPI32.dll
d44e0cfd24454c0f480e178485831e48	SHELL32.dll
d44e0cfd24454c0f480e178485831e48	KERNEL32.dll
d44e0cfd24454c0f480e178485831e48	MSVCRT.dll
d44e0cfd24454c0f480e178485831e48	USER32.dll
063097f3dd9cb78f7b8ec47aa1d81283	MSVCP60.dll
063097f3dd9cb78f7b8ec47aa1d81283	iphlpapi.dll
063097f3dd9cb78f7b8ec47aa1d81283	WININET.dll
063097f3dd9cb78f7b8ec47aa1d81283	KERNEL32.dll
063097f3dd9cb78f7b8ec47aa1d81283	MSVCRT.dll
063097f3dd9cb78f7b8ec47aa1d81283	ADVAPI32.dll
063097f3dd9cb78f7b8ec47aa1d81283	WS2_32.dll
f641d7053ef5ac564857bc3e3a842328	ADVAPI32.dll
f641d7053ef5ac564857bc3e3a842328	SHELL32.dll
f641d7053ef5ac564857bc3e3a842328	KERNEL32.dll
f641d7053ef5ac564857bc3e3a842328	USER32.dll
f641d7053ef5ac564857bc3e3a842328	GDI32.dll
804511f525bf6b0b551181d9233e106a	ADVAPI32.dll
804511f525bf6b0b551181d9233e106a	SHELL32.dll
804511f525bf6b0b551181d9233e106a	KERNEL32.dll
bd67e10c377fabfd4b1c7aa8c7e4b954	SHELL32.dll
bd67e10c377fabfd4b1c7aa8c7e4b954	KERNEL32.dll
bd67e10c377fabfd4b1c7aa8c7e4b954	USER32.dll
bd67e10c377fabfd4b1c7aa8c7e4b954	GDI32.dll
bd67e10c377fabfd4b1c7aa8c7e4b954	MSIMG32.dll
e96ce66208c6508f5dd0285f912b87ca	SHELL32.dll
e96ce66208c6508f5dd0285f912b87ca	ADVAPI32.dll
e96ce66208c6508f5dd0285f912b87ca	KERNEL32.dll
e96ce66208c6508f5dd0285f912b87ca	USER32.dll
a3b70aa650ba933bb1ac3df49d702660	ADVAPI32.dll
a3b70aa650ba933bb1ac3df49d702660	KERNEL32.dll
a3b70aa650ba933bb1ac3df49d702660	MSVCRT.dll
a3b70aa650ba933bb1ac3df49d702660	USER32.dll
c6f5bbc421d434d4f464da8116ae693a	dhcpcsvc.dll
c6f5bbc421d434d4f464da8116ae693a	shell32.dll
c6f5bbc421d434d4f464da8116ae693a	KERNEL32.dll
c6f5bbc421d434d4f464da8116ae693a	user32.dll
bd166aa16b0f0339063d96aa92ca3713	KERNEL32.dll
bd166aa16b0f0339063d96aa92ca3713	msvcrt.dll
bd166aa16b0f0339063d96aa92ca3713	USER32.dll
be4820fd810c711fe915152852c88423	rsaenh.dll
be4820fd810c711fe915152852c88423	kernel32.dll
be4820fd810c711fe915152852c88423	cmpbk32.dll
be4820fd810c711fe915152852c88423	shell32.dll
be4820fd810c711fe915152852c88423	shlwapi.dll
be4820fd810c711fe915152852c88423	user32.dll
bbdc4ba78c04546ff0b60681b924c97b	ADVAPI32.dll
bbdc4ba78c04546ff0b60681b924c97b	SHELL32.dll
bbdc4ba78c04546ff0b60681b924c97b	KERNEL32.dll
917de6cd82308e6e61b02b9c8dfdf6ca	ADVAPI32.dll
917de6cd82308e6e61b02b9c8dfdf6ca	SHELL32.dll
917de6cd82308e6e61b02b9c8dfdf6ca	KERNEL32.dll
b559b933692633c66cd19cd6712662df	GDI32.dll
b559b933692633c66cd19cd6712662df	ADVAPI32.dll
b559b933692633c66cd19cd6712662df	KERNEL32.dll
b559b933692633c66cd19cd6712662df	msvcrt.dll
b559b933692633c66cd19cd6712662df	SHELL32.dll
b559b933692633c66cd19cd6712662df	SHLWAPI.dll
b559b933692633c66cd19cd6712662df	USER32.dll
e2b8c7d7e646c9eedcf42d855593dd33	ADVAPI32.dll
e2b8c7d7e646c9eedcf42d855593dd33	KERNEL32.dll
e2b8c7d7e646c9eedcf42d855593dd33	msvcrt.dll
e2b8c7d7e646c9eedcf42d855593dd33	USER32.dll
0c0e83a6a5a6dbe48dbe3d9584a460f7	MSVCP60.dll
0c0e83a6a5a6dbe48dbe3d9584a460f7	iphlpapi.dll
0c0e83a6a5a6dbe48dbe3d9584a460f7	WININET.dll
0c0e83a6a5a6dbe48dbe3d9584a460f7	KERNEL32.dll
0c0e83a6a5a6dbe48dbe3d9584a460f7	MSVCRT.dll
0c0e83a6a5a6dbe48dbe3d9584a460f7	ADVAPI32.dll
0c0e83a6a5a6dbe48dbe3d9584a460f7	WS2_32.dll
9c6930ab5cfae8cb26fd32ef789fd5bf	mpr.dll
9c6930ab5cfae8cb26fd32ef789fd5bf	wininet.dll
9c6930ab5cfae8cb26fd32ef789fd5bf	advapi32.dll
9c6930ab5cfae8cb26fd32ef789fd5bf	kernel32.dll
9c6930ab5cfae8cb26fd32ef789fd5bf	oleaut32.dll
9c6930ab5cfae8cb26fd32ef789fd5bf	shell32.dll
9c6930ab5cfae8cb26fd32ef789fd5bf	user32.dll
b90251297992f8b16387e21e8d5fd7fe	ADVAPI32.dll
b90251297992f8b16387e21e8d5fd7fe	KERNEL32.dll
b90251297992f8b16387e21e8d5fd7fe	msvcrt.dll
b90251297992f8b16387e21e8d5fd7fe	USER32.dll
a8efcafdf9756be07ece3a4c240bcf39	KERNEL32.dll
a8efcafdf9756be07ece3a4c240bcf39	USER32.dll
f3af161336a95c4524e7b472da7b91a9	KERNEL32.dll
f3af161336a95c4524e7b472da7b91a9	USER32.dll
c63a537090d34f29daadbef221637435	MPR.dll
c63a537090d34f29daadbef221637435	WININET.dll
c63a537090d34f29daadbef221637435	GDI32.dll
c63a537090d34f29daadbef221637435	ADVAPI32.dll
c63a537090d34f29daadbef221637435	KERNEL32.dll
c63a537090d34f29daadbef221637435	NETAPI32.dll
c63a537090d34f29daadbef221637435	SHELL32.dll
c63a537090d34f29daadbef221637435	USER32.dll
a8c3be7349305ee6cb7f4032e8759fdd	ADVAPI32.dll
a8c3be7349305ee6cb7f4032e8759fdd	SHELL32.dll
a8c3be7349305ee6cb7f4032e8759fdd	KERNEL32.dll
a8c3be7349305ee6cb7f4032e8759fdd	SHLWAPI.dll
da5363942b564704243b3c168c65f79d	DINPUT.dll
da5363942b564704243b3c168c65f79d	WINMM.dll
da5363942b564704243b3c168c65f79d	GDI32.dll
da5363942b564704243b3c168c65f79d	KERNEL32.dll
da5363942b564704243b3c168c65f79d	DDRAW.dll
da5363942b564704243b3c168c65f79d	DSOUND.dll
da5363942b564704243b3c168c65f79d	ole32.dll
da5363942b564704243b3c168c65f79d	USER32.dll
74b4982a9c6514fdf52f37696142b790	mscoree.dll
ea52ea12859ddb7dbebea85ec33263ff	ADVAPI32.dll
ea52ea12859ddb7dbebea85ec33263ff	KERNEL32.dll
ea52ea12859ddb7dbebea85ec33263ff	MSVCRT.dll
ea52ea12859ddb7dbebea85ec33263ff	USER32.dll
b57830026f6cae580af1bf9d06df7d7f	kernel32.dll
b57830026f6cae580af1bf9d06df7d7f	ctl3d32.dll
b57830026f6cae580af1bf9d06df7d7f	user32.dll
ac3b0d920321113ce6220e49ff4c1f15	ADVAPI32.dll
ac3b0d920321113ce6220e49ff4c1f15	KERNEL32.dll
ac3b0d920321113ce6220e49ff4c1f15	MSVCRT.dll
ac3b0d920321113ce6220e49ff4c1f15	USER32.dll
526dd6d89629fcce30a240fb6a138a45	kernel32.dll
526dd6d89629fcce30a240fb6a138a45	user32.dll
526dd6d89629fcce30a240fb6a138a45	cmpbk32.dll
12d8ffb0f5ee0d16d6210109e92cfd1d	ADVAPI32.dll
12d8ffb0f5ee0d16d6210109e92cfd1d	SHELL32.dll
12d8ffb0f5ee0d16d6210109e92cfd1d	KERNEL32.dll
481369bee2450567288578ee52e44793	MSVCP60.dll
481369bee2450567288578ee52e44793	iphlpapi.dll
481369bee2450567288578ee52e44793	WININET.dll
481369bee2450567288578ee52e44793	KERNEL32.dll
481369bee2450567288578ee52e44793	MSVCRT.dll
481369bee2450567288578ee52e44793	ADVAPI32.dll
481369bee2450567288578ee52e44793	WS2_32.dll
ecaf6cb72ffddc9e0fc3445f97499668	SHELL32.dll
ecaf6cb72ffddc9e0fc3445f97499668	KERNEL32.dll
ecaf6cb72ffddc9e0fc3445f97499668	USER32.dll
ecaf6cb72ffddc9e0fc3445f97499668	GDI32.dll
ecaf6cb72ffddc9e0fc3445f97499668	MSIMG32.dll
cedde0fc4eb05b4ce5ad83e0fbb3e4ef	ADVAPI32.dll
cedde0fc4eb05b4ce5ad83e0fbb3e4ef	SHELL32.dll
cedde0fc4eb05b4ce5ad83e0fbb3e4ef	KERNEL32.dll
6d4f2b4a84844c3d0b4f295239b7676c	ADVAPI32.dll
6d4f2b4a84844c3d0b4f295239b7676c	KERNEL32.dll
5eb3c829a8636a57fd8029e6731589b1	ADVAPI32.dll
5eb3c829a8636a57fd8029e6731589b1	KERNEL32.dll
5eb3c829a8636a57fd8029e6731589b1	msvcrt.dll
5eb3c829a8636a57fd8029e6731589b1	USER32.dll
5eb3c829a8636a57fd8029e6731589b1	GDI32.dll
c04887588b926ce4ab8c9641e05d6403	KERNEL32.dll
c04887588b926ce4ab8c9641e05d6403	ole32.dll
dfcde22a98da2883ff772d6f9c81aeec	MPR.dll
dfcde22a98da2883ff772d6f9c81aeec	COMDLG32.dll
dfcde22a98da2883ff772d6f9c81aeec	COMCTL32.dll
dfcde22a98da2883ff772d6f9c81aeec	VERSION.dll
dfcde22a98da2883ff772d6f9c81aeec	WINMM.dll
dfcde22a98da2883ff772d6f9c81aeec	WININET.dll
dfcde22a98da2883ff772d6f9c81aeec	GDI32.dll
dfcde22a98da2883ff772d6f9c81aeec	ADVAPI32.dll
dfcde22a98da2883ff772d6f9c81aeec	KERNEL32.dll
dfcde22a98da2883ff772d6f9c81aeec	UxTheme.dll
dfcde22a98da2883ff772d6f9c81aeec	OLEAUT32.dll
dfcde22a98da2883ff772d6f9c81aeec	IPHLPAPI.DLL
dfcde22a98da2883ff772d6f9c81aeec	SHELL32.dll
dfcde22a98da2883ff772d6f9c81aeec	PSAPI.DLL
dfcde22a98da2883ff772d6f9c81aeec	USERENV.dll
dfcde22a98da2883ff772d6f9c81aeec	ole32.dll
dfcde22a98da2883ff772d6f9c81aeec	USER32.dll
dfcde22a98da2883ff772d6f9c81aeec	WSOCK32.dll
bb59a786bdfafbfaa418d7ad647d7c72	ADVAPI32.dll
bb59a786bdfafbfaa418d7ad647d7c72	SHELL32.dll
bb59a786bdfafbfaa418d7ad647d7c72	KERNEL32.dll
b00bf697eaa38069e38f668186f764e1	ADVAPI32.dll
b00bf697eaa38069e38f668186f764e1	SHELL32.dll
b00bf697eaa38069e38f668186f764e1	KERNEL32.dll
b00bf697eaa38069e38f668186f764e1	USER32.dll
b00bf697eaa38069e38f668186f764e1	GDI32.dll
b5a700403ab01d482a88616c9d7a485a	ADVAPI32.dll
b5a700403ab01d482a88616c9d7a485a	KERNEL32.dll
b5a700403ab01d482a88616c9d7a485a	msvcrt.dll
b5a700403ab01d482a88616c9d7a485a	USER32.dll
99b6ddbb1058d8e839ef56df93d968b0	KERNEL32.DLL
99b6ddbb1058d8e839ef56df93d968b0	MSVBVM60.DLL
e32a1d2a8d5dc0cbbb8f7abfeafdb983	ADVAPI32.dll
e32a1d2a8d5dc0cbbb8f7abfeafdb983	KERNEL32.dll
e32a1d2a8d5dc0cbbb8f7abfeafdb983	MSVCRT.dll
e32a1d2a8d5dc0cbbb8f7abfeafdb983	USER32.dll
70df89d54a9b83b4947589a6c87c6782	ADVAPI32.dll
70df89d54a9b83b4947589a6c87c6782	KERNEL32.dll
70df89d54a9b83b4947589a6c87c6782	MSVCRT.dll
70df89d54a9b83b4947589a6c87c6782	USER32.dll
3e7351a2ca0699b188ac98fcdedf5f20	MSVCP60.dll
3e7351a2ca0699b188ac98fcdedf5f20	iphlpapi.dll
3e7351a2ca0699b188ac98fcdedf5f20	WININET.dll
3e7351a2ca0699b188ac98fcdedf5f20	KERNEL32.dll
3e7351a2ca0699b188ac98fcdedf5f20	MSVCRT.dll
3e7351a2ca0699b188ac98fcdedf5f20	ADVAPI32.dll
3e7351a2ca0699b188ac98fcdedf5f20	WS2_32.dll
e80ce6ec92f61cdf69ea14e1f9767699	ADVAPI32.dll
e80ce6ec92f61cdf69ea14e1f9767699	SHELL32.dll
e80ce6ec92f61cdf69ea14e1f9767699	KERNEL32.dll
6a614701be96e10f0160de44fc51d7d3	MSVCP60.dll
6a614701be96e10f0160de44fc51d7d3	iphlpapi.dll
6a614701be96e10f0160de44fc51d7d3	WININET.dll
6a614701be96e10f0160de44fc51d7d3	KERNEL32.dll
6a614701be96e10f0160de44fc51d7d3	MSVCRT.dll
6a614701be96e10f0160de44fc51d7d3	ADVAPI32.dll
6a614701be96e10f0160de44fc51d7d3	WS2_32.dll
64cccc47aec9e13a463311f5edd43093	MSVCP60.dll
64cccc47aec9e13a463311f5edd43093	iphlpapi.dll
64cccc47aec9e13a463311f5edd43093	WININET.dll
64cccc47aec9e13a463311f5edd43093	KERNEL32.dll
64cccc47aec9e13a463311f5edd43093	MSVCRT.dll
64cccc47aec9e13a463311f5edd43093	ADVAPI32.dll
64cccc47aec9e13a463311f5edd43093	WS2_32.dll
81aa1064fb44fae65e88816061a5bff9	MSVBVM60.DLL
e6c6e4b8f16c61ea42acbd7583f72353	user32.dll
e6c6e4b8f16c61ea42acbd7583f72353	onex.dll
e6c6e4b8f16c61ea42acbd7583f72353	kernel32.dll
e6c6e4b8f16c61ea42acbd7583f72353	crypt32.dll
5a284718590741adae6118edfaa7adb3	ADVAPI32.dll
5a284718590741adae6118edfaa7adb3	KERNEL32.dll
5a284718590741adae6118edfaa7adb3	ole32.dll
5a284718590741adae6118edfaa7adb3	USER32.dll
edbc7cb93914d23ce007d2fc8fcc34ec	ADVAPI32.dll
edbc7cb93914d23ce007d2fc8fcc34ec	KERNEL32.dll
edbc7cb93914d23ce007d2fc8fcc34ec	MSVCRT.dll
edbc7cb93914d23ce007d2fc8fcc34ec	USER32.dll
2e13026578b1df600a99076956b12aea	ADVAPI32.dll
2e13026578b1df600a99076956b12aea	KERNEL32.dll
2e13026578b1df600a99076956b12aea	USER32.dll
2e13026578b1df600a99076956b12aea	WINTRUST.dll
2e13026578b1df600a99076956b12aea	WTSAPI32.dll
cafa7a53fd532b6305d158955762c520	mscoree.dll
c8d81407e6c8d630dcb91e90d7b2b6ba	ADVAPI32.dll
c8d81407e6c8d630dcb91e90d7b2b6ba	SHELL32.dll
c8d81407e6c8d630dcb91e90d7b2b6ba	KERNEL32.dll
df5e3b66388026e6555d27a6e04054fd	KERNEL32.dll
df5e3b66388026e6555d27a6e04054fd	USER32.dll
e593988469cdcb2d53d4b4450db820c4	ADVAPI32.dll
e593988469cdcb2d53d4b4450db820c4	SHELL32.dll
e593988469cdcb2d53d4b4450db820c4	KERNEL32.dll
e593988469cdcb2d53d4b4450db820c4	MSVCRT.dll
e593988469cdcb2d53d4b4450db820c4	USER32.dll
6ce62771a33d95c60019b16c4c8d3ed4	kernel32.dll
6ce62771a33d95c60019b16c4c8d3ed4	user32.dll
24913f734e2b638081d66b6057b03241	COMDLG32.dll
24913f734e2b638081d66b6057b03241	GDI32.dll
24913f734e2b638081d66b6057b03241	ADVAPI32.dll
24913f734e2b638081d66b6057b03241	KERNEL32.dll
24913f734e2b638081d66b6057b03241	SHELL32.dll
24913f734e2b638081d66b6057b03241	ole32.dll
24913f734e2b638081d66b6057b03241	USER32.dll
24913f734e2b638081d66b6057b03241	COMCTL32.dll
9c27f497cbe6683f6718eaf1cf096a2c	KERNEL32.dll
9c27f497cbe6683f6718eaf1cf096a2c	USER32.dll
9c27f497cbe6683f6718eaf1cf096a2c	GDI32.dll
9c27f497cbe6683f6718eaf1cf096a2c	MSIMG32.dll
03ec2aa246406a90cc99a551118520f3	ADVAPI32.dll
03ec2aa246406a90cc99a551118520f3	SHELL32.dll
03ec2aa246406a90cc99a551118520f3	KERNEL32.dll
e8c8f3ed121ea7385fa1fc08fc8526fc	KERNEL32.dll
be0a0c14d4f001d57065adced37de463	SHELL32.dll
be0a0c14d4f001d57065adced37de463	KERNEL32.dll
be0a0c14d4f001d57065adced37de463	USER32.dll
be0a0c14d4f001d57065adced37de463	GDI32.dll
ee48b842c0a1922b4d463dd26eb6d46a	ADVAPI32.dll
ee48b842c0a1922b4d463dd26eb6d46a	KERNEL32.dll
ee48b842c0a1922b4d463dd26eb6d46a	msvcrt.dll
ee48b842c0a1922b4d463dd26eb6d46a	USER32.dll
ee48b842c0a1922b4d463dd26eb6d46a	GDI32.dll
6208c7bac8f95f817eb9b7ed3031a7b3	MSVCP60.dll
6208c7bac8f95f817eb9b7ed3031a7b3	iphlpapi.dll
6208c7bac8f95f817eb9b7ed3031a7b3	WININET.dll
6208c7bac8f95f817eb9b7ed3031a7b3	KERNEL32.dll
6208c7bac8f95f817eb9b7ed3031a7b3	MSVCRT.dll
6208c7bac8f95f817eb9b7ed3031a7b3	ADVAPI32.dll
6208c7bac8f95f817eb9b7ed3031a7b3	WS2_32.dll
d0cd195146e6d83d5fcc853ff149ccb4	MSVCP60.dll
d0cd195146e6d83d5fcc853ff149ccb4	iphlpapi.dll
d0cd195146e6d83d5fcc853ff149ccb4	WININET.dll
d0cd195146e6d83d5fcc853ff149ccb4	KERNEL32.dll
d0cd195146e6d83d5fcc853ff149ccb4	MSVCRT.dll
d0cd195146e6d83d5fcc853ff149ccb4	ADVAPI32.dll
d0cd195146e6d83d5fcc853ff149ccb4	WS2_32.dll
5e65f0a85a2242116a2785d1d57a3c61	kernel32.dll
5e65f0a85a2242116a2785d1d57a3c61	user32.dll
5e65f0a85a2242116a2785d1d57a3c61	cmpbk32.dll
51076707504732d49a15a3e9ac66b2fe	ADVAPI32.dll
51076707504732d49a15a3e9ac66b2fe	KERNEL32.dll
9d639a335c5dde0a476e7e804463ccc0	ADVAPI32.dll
9d639a335c5dde0a476e7e804463ccc0	KERNEL32.dll
374defdc47cdb5da9f425949672a67d3	rsaenh.dll
374defdc47cdb5da9f425949672a67d3	kernel32.dll
374defdc47cdb5da9f425949672a67d3	user32.dll
374defdc47cdb5da9f425949672a67d3	cmpbk32.dll
f112bee8dc6208e6b4431953a49af506	shlwapi.dll
f112bee8dc6208e6b4431953a49af506	resutils.dll
f112bee8dc6208e6b4431953a49af506	cfgmgr32.dll
f112bee8dc6208e6b4431953a49af506	kernel32.dll
f112bee8dc6208e6b4431953a49af506	ctl3d32.dll
f112bee8dc6208e6b4431953a49af506	advapi32.dll
f112bee8dc6208e6b4431953a49af506	authz.dll
f112bee8dc6208e6b4431953a49af506	user32.dll
78fdf9a0e8a59a9fe2602cf6543c77c1	SHELL32.dll
78fdf9a0e8a59a9fe2602cf6543c77c1	KERNEL32.dll
78fdf9a0e8a59a9fe2602cf6543c77c1	USER32.dll
78fdf9a0e8a59a9fe2602cf6543c77c1	GDI32.dll
46cb9dbe64d21bfd27f77029cf2be129	rsaenh.dll
46cb9dbe64d21bfd27f77029cf2be129	kernel32.dll
46cb9dbe64d21bfd27f77029cf2be129	user32.dll
46cb9dbe64d21bfd27f77029cf2be129	cmpbk32.dll
f4782f195ae5d15fde1fe508bcccb4e4	ADVAPI32.dll
f4782f195ae5d15fde1fe508bcccb4e4	KERNEL32.dll
f4782f195ae5d15fde1fe508bcccb4e4	msvcrt.dll
f4782f195ae5d15fde1fe508bcccb4e4	USER32.dll
d378f331856e305b9e71aaebaee7cc22	MSVCP60.dll
d378f331856e305b9e71aaebaee7cc22	iphlpapi.dll
d378f331856e305b9e71aaebaee7cc22	WININET.dll
d378f331856e305b9e71aaebaee7cc22	KERNEL32.dll
d378f331856e305b9e71aaebaee7cc22	MSVCRT.dll
d378f331856e305b9e71aaebaee7cc22	ADVAPI32.dll
d378f331856e305b9e71aaebaee7cc22	WS2_32.dll
823681c3b8c2dafd4eaeb8044d43688d	SHELL32.dll
823681c3b8c2dafd4eaeb8044d43688d	ADVAPI32.dll
823681c3b8c2dafd4eaeb8044d43688d	KERNEL32.dll
823681c3b8c2dafd4eaeb8044d43688d	USER32.dll
0c54af3a5908fb727ba25278dc7c37de	ADVAPI32.dll
0c54af3a5908fb727ba25278dc7c37de	KERNEL32.dll
5df1181cee24471eb0018e9d9b5b8e37	ADVAPI32.dll
5df1181cee24471eb0018e9d9b5b8e37	SHELL32.dll
5df1181cee24471eb0018e9d9b5b8e37	KERNEL32.dll
5df1181cee24471eb0018e9d9b5b8e37	MSVCRT.dll
5df1181cee24471eb0018e9d9b5b8e37	USER32.dll
105e3c83c875f2a8733fe94afc37d052	COMDLG32.dll
105e3c83c875f2a8733fe94afc37d052	GDI32.dll
105e3c83c875f2a8733fe94afc37d052	ADVAPI32.dll
105e3c83c875f2a8733fe94afc37d052	KERNEL32.dll
105e3c83c875f2a8733fe94afc37d052	SHELL32.dll
105e3c83c875f2a8733fe94afc37d052	ole32.dll
105e3c83c875f2a8733fe94afc37d052	COMCTL32.dll
105e3c83c875f2a8733fe94afc37d052	USER32.dll
105e3c83c875f2a8733fe94afc37d052	IMM32.dll
4941032422321c7800a70cf51344a48d	shell32.dll
4941032422321c7800a70cf51344a48d	odbctrac.dll
4941032422321c7800a70cf51344a48d	kernel32.dll
4941032422321c7800a70cf51344a48d	user32.dll
b6a47da8c81c720f6825518bfcd1ab15	KERNEL32.DLL
b6a47da8c81c720f6825518bfcd1ab15	MSVBVM60.DLL
24c859d59748fe892ec51e12ff8503c1	kernel32.dll
24c859d59748fe892ec51e12ff8503c1	user32.dll
24c859d59748fe892ec51e12ff8503c1	cmpbk32.dll
7335847d8594d0d5aa9aa1b4d43ce8d4	ADVAPI32.dll
7335847d8594d0d5aa9aa1b4d43ce8d4	SHELL32.dll
7335847d8594d0d5aa9aa1b4d43ce8d4	KERNEL32.dll
abebd76e8423a6a84d0a28ebedae7e1c	KERNEL32.dll
abebd76e8423a6a84d0a28ebedae7e1c	ole32.dll
b9758071aea7b04598b7961e306785df	kernel32.dll
b9758071aea7b04598b7961e306785df	wtsapi32.dll
b9758071aea7b04598b7961e306785df	advapi32.dll
b9758071aea7b04598b7961e306785df	nddeapi.dll
b9758071aea7b04598b7961e306785df	clbcatq.dll
b9758071aea7b04598b7961e306785df	user32.dll
71953cb05cf78dbf90a0a6844930778e	kernel32.dll
71953cb05cf78dbf90a0a6844930778e	shlwapi.dll
71953cb05cf78dbf90a0a6844930778e	cmutil.dll
71953cb05cf78dbf90a0a6844930778e	untfs.dll
71953cb05cf78dbf90a0a6844930778e	user32.dll
e6b7e0214d81aafaa8e2cebf34508fa6	KERNEL32.dll
dbfaa85cb0309d1d4d058cd8f9bd75ea	MSVCP60.dll
dbfaa85cb0309d1d4d058cd8f9bd75ea	iphlpapi.dll
dbfaa85cb0309d1d4d058cd8f9bd75ea	WININET.dll
dbfaa85cb0309d1d4d058cd8f9bd75ea	KERNEL32.dll
dbfaa85cb0309d1d4d058cd8f9bd75ea	MSVCRT.dll
dbfaa85cb0309d1d4d058cd8f9bd75ea	ADVAPI32.dll
dbfaa85cb0309d1d4d058cd8f9bd75ea	WS2_32.dll
dcc8402861e608ccd1ef4c3b008ca5bb	kernel32.dll
dcc8402861e608ccd1ef4c3b008ca5bb	ctl3d32.dll
dcc8402861e608ccd1ef4c3b008ca5bb	user32.dll
d8c90853bb6a355485933fa0f9888701	KERNEL32.DLL
d8c90853bb6a355485933fa0f9888701	MSVBVM60.DLL
813e8cb8cdc03b73dc1c8e4ecb4a6446	GDI32.dll
813e8cb8cdc03b73dc1c8e4ecb4a6446	ADVAPI32.dll
813e8cb8cdc03b73dc1c8e4ecb4a6446	KERNEL32.dll
813e8cb8cdc03b73dc1c8e4ecb4a6446	SHELL32.dll
813e8cb8cdc03b73dc1c8e4ecb4a6446	ole32.dll
813e8cb8cdc03b73dc1c8e4ecb4a6446	USER32.dll
813e8cb8cdc03b73dc1c8e4ecb4a6446	COMCTL32.dll
588e99afb627d3c0ed90763f46f31be3	GDI32.dll
588e99afb627d3c0ed90763f46f31be3	ADVAPI32.dll
588e99afb627d3c0ed90763f46f31be3	KERNEL32.dll
588e99afb627d3c0ed90763f46f31be3	SHELL32.dll
588e99afb627d3c0ed90763f46f31be3	ole32.dll
588e99afb627d3c0ed90763f46f31be3	USER32.dll
588e99afb627d3c0ed90763f46f31be3	COMCTL32.dll
ff7dff984ccbe09f8a1823810ecfd4a6	COMDLG32.dll
ff7dff984ccbe09f8a1823810ecfd4a6	GDI32.dll
ff7dff984ccbe09f8a1823810ecfd4a6	ADVAPI32.dll
ff7dff984ccbe09f8a1823810ecfd4a6	KERNEL32.dll
ff7dff984ccbe09f8a1823810ecfd4a6	SHELL32.dll
ff7dff984ccbe09f8a1823810ecfd4a6	ole32.dll
ff7dff984ccbe09f8a1823810ecfd4a6	COMCTL32.dll
ff7dff984ccbe09f8a1823810ecfd4a6	USER32.dll
ff7dff984ccbe09f8a1823810ecfd4a6	IMM32.dll
7ce20ea5f190559f9bd618b89400e42c	KERNEL32.dll
81e574e732232323e4f46fd737eedbc7	rsaenh.dll
81e574e732232323e4f46fd737eedbc7	kernel32.dll
81e574e732232323e4f46fd737eedbc7	cmpbk32.dll
81e574e732232323e4f46fd737eedbc7	shell32.dll
81e574e732232323e4f46fd737eedbc7	shlwapi.dll
81e574e732232323e4f46fd737eedbc7	user32.dll
c5e3d898c58abda9ff39b61334bb9db9	GDI32.dll
c5e3d898c58abda9ff39b61334bb9db9	ADVAPI32.dll
c5e3d898c58abda9ff39b61334bb9db9	KERNEL32.dll
c5e3d898c58abda9ff39b61334bb9db9	OLEAUT32.dll
c5e3d898c58abda9ff39b61334bb9db9	SHELL32.dll
c5e3d898c58abda9ff39b61334bb9db9	ntdll.dll
c5e3d898c58abda9ff39b61334bb9db9	ole32.dll
c5e3d898c58abda9ff39b61334bb9db9	SHLWAPI.dll
c5e3d898c58abda9ff39b61334bb9db9	USER32.dll
98706c2be70e8201e6a6c61e9ae901e0	MSVCP60.dll
98706c2be70e8201e6a6c61e9ae901e0	iphlpapi.dll
98706c2be70e8201e6a6c61e9ae901e0	WININET.dll
98706c2be70e8201e6a6c61e9ae901e0	KERNEL32.dll
98706c2be70e8201e6a6c61e9ae901e0	MSVCRT.dll
98706c2be70e8201e6a6c61e9ae901e0	ADVAPI32.dll
98706c2be70e8201e6a6c61e9ae901e0	WS2_32.dll
3f5e1034fc3a7476b2885468e76b797d	kernel32.dll
3f5e1034fc3a7476b2885468e76b797d	user32.dll
f25f35ca6c8a19a43d9b5bd44e6af930	SHELL32.dll
f25f35ca6c8a19a43d9b5bd44e6af930	KERNEL32.dll
f25f35ca6c8a19a43d9b5bd44e6af930	USER32.dll
f25f35ca6c8a19a43d9b5bd44e6af930	GDI32.dll
f25f35ca6c8a19a43d9b5bd44e6af930	MSIMG32.dll
f5aae832ddb2913993e93c96bc6a2932	ADVAPI32.dll
f5aae832ddb2913993e93c96bc6a2932	KERNEL32.dll
e3e65acdd531fd4c0e512cc4f0dc6a69	SHELL32.dll
e3e65acdd531fd4c0e512cc4f0dc6a69	KERNEL32.dll
e3e65acdd531fd4c0e512cc4f0dc6a69	USER32.dll
e3e65acdd531fd4c0e512cc4f0dc6a69	GDI32.dll
e3e65acdd531fd4c0e512cc4f0dc6a69	MSIMG32.dll
f3fc29b374cbc5e453511633a8c6dfe5	COMDLG32.dll
f3fc29b374cbc5e453511633a8c6dfe5	GDI32.dll
f3fc29b374cbc5e453511633a8c6dfe5	ADVAPI32.dll
f3fc29b374cbc5e453511633a8c6dfe5	KERNEL32.dll
f3fc29b374cbc5e453511633a8c6dfe5	SHELL32.dll
f3fc29b374cbc5e453511633a8c6dfe5	ole32.dll
f3fc29b374cbc5e453511633a8c6dfe5	USER32.dll
f3fc29b374cbc5e453511633a8c6dfe5	COMCTL32.dll
3d064037c8807b73c68785a963438826	COMDLG32.dll
3d064037c8807b73c68785a963438826	GDI32.dll
3d064037c8807b73c68785a963438826	ADVAPI32.dll
3d064037c8807b73c68785a963438826	KERNEL32.dll
3d064037c8807b73c68785a963438826	SHELL32.dll
3d064037c8807b73c68785a963438826	ole32.dll
3d064037c8807b73c68785a963438826	USER32.dll
3d064037c8807b73c68785a963438826	COMCTL32.dll
d2dd0f478464c31bb4f742494e04abd6	ADVAPI32.dll
d2dd0f478464c31bb4f742494e04abd6	KERNEL32.dll
d2dd0f478464c31bb4f742494e04abd6	MSVCRT.dll
d2dd0f478464c31bb4f742494e04abd6	USER32.dll
9f5ae4bbc76e8324726a8b7c82d12b6b	ADVAPI32.dll
9f5ae4bbc76e8324726a8b7c82d12b6b	KERNEL32.dll
9f5ae4bbc76e8324726a8b7c82d12b6b	ole32.dll
c39d980781dd76414b8d1a692bf3d9b1	SHELL32.dll
c39d980781dd76414b8d1a692bf3d9b1	KERNEL32.dll
c39d980781dd76414b8d1a692bf3d9b1	USER32.dll
c39d980781dd76414b8d1a692bf3d9b1	GDI32.dll
c39d980781dd76414b8d1a692bf3d9b1	MSIMG32.dll
f29bdac92fc1a0997cd2366a4ac1f6cc	ADVAPI32.dll
f29bdac92fc1a0997cd2366a4ac1f6cc	KERNEL32.dll
f29bdac92fc1a0997cd2366a4ac1f6cc	MSVCRT.dll
f29bdac92fc1a0997cd2366a4ac1f6cc	USER32.dll
51fd656fd3423f952b1f05471448e72d	ADVAPI32.dll
51fd656fd3423f952b1f05471448e72d	SHELL32.dll
51fd656fd3423f952b1f05471448e72d	KERNEL32.dll
51fd656fd3423f952b1f05471448e72d	USER32.dll
51fd656fd3423f952b1f05471448e72d	IMM32.dll
7de87a9e83f002c10977802d0dca19ba	kernel32.dll
7de87a9e83f002c10977802d0dca19ba	user32.dll
50b9afd7408b97fdd91cddbe9f276643	ADVAPI32.dll
50b9afd7408b97fdd91cddbe9f276643	SHELL32.dll
50b9afd7408b97fdd91cddbe9f276643	KERNEL32.dll
2748684ebe9b823b9609e4b4e99fb9fa	COMDLG32.dll
2748684ebe9b823b9609e4b4e99fb9fa	COMCTL32.dll
2748684ebe9b823b9609e4b4e99fb9fa	GDI32.dll
2748684ebe9b823b9609e4b4e99fb9fa	ADVAPI32.dll
2748684ebe9b823b9609e4b4e99fb9fa	KERNEL32.dll
2748684ebe9b823b9609e4b4e99fb9fa	SHELL32.dll
2748684ebe9b823b9609e4b4e99fb9fa	ole32.dll
2748684ebe9b823b9609e4b4e99fb9fa	SHLWAPI.dll
2748684ebe9b823b9609e4b4e99fb9fa	USER32.dll
2748684ebe9b823b9609e4b4e99fb9fa	IMM32.dll
43afa4c61f9a51cd21ecf47262a75c72	kernel32.dll
43afa4c61f9a51cd21ecf47262a75c72	wtsapi32.dll
43afa4c61f9a51cd21ecf47262a75c72	advapi32.dll
43afa4c61f9a51cd21ecf47262a75c72	nddeapi.dll
43afa4c61f9a51cd21ecf47262a75c72	clbcatq.dll
43afa4c61f9a51cd21ecf47262a75c72	user32.dll
253c6c9598498931c52ef49a02610e19	ADVAPI32.dll
253c6c9598498931c52ef49a02610e19	KERNEL32.dll
8efed66c3b7f4ffa790d0b2dd4db527f	ADVAPI32.dll
8efed66c3b7f4ffa790d0b2dd4db527f	KERNEL32.dll
461ed9a62b59cf0436ab6cee3c60fe85	KERNEL32.dll
461ed9a62b59cf0436ab6cee3c60fe85	msvcrt.dll
461ed9a62b59cf0436ab6cee3c60fe85	WININET.DLL
5416baf1c059c4ff34cf40f4205b33d6	ADVAPI32.dll
5416baf1c059c4ff34cf40f4205b33d6	KERNEL32.dll
5416baf1c059c4ff34cf40f4205b33d6	msvcrt.dll
5416baf1c059c4ff34cf40f4205b33d6	USER32.dll
edf5da738b492355f54d001aa51fe8f8	MSVCP60.dll
edf5da738b492355f54d001aa51fe8f8	iphlpapi.dll
edf5da738b492355f54d001aa51fe8f8	WININET.dll
edf5da738b492355f54d001aa51fe8f8	KERNEL32.dll
edf5da738b492355f54d001aa51fe8f8	MSVCRT.dll
edf5da738b492355f54d001aa51fe8f8	ADVAPI32.dll
edf5da738b492355f54d001aa51fe8f8	WS2_32.dll
b47d0270803b6ba91783292b7fffca22	SHELL32.dll
b47d0270803b6ba91783292b7fffca22	KERNEL32.dll
b47d0270803b6ba91783292b7fffca22	USER32.dll
b47d0270803b6ba91783292b7fffca22	GDI32.dll
b47d0270803b6ba91783292b7fffca22	MSIMG32.dll
f28dc430db6e432251ad8e676b585d76	GDI32.dll
f28dc430db6e432251ad8e676b585d76	ADVAPI32.dll
f28dc430db6e432251ad8e676b585d76	KERNEL32.dll
f28dc430db6e432251ad8e676b585d76	msvcrt.dll
f28dc430db6e432251ad8e676b585d76	SHELL32.dll
f28dc430db6e432251ad8e676b585d76	SHLWAPI.dll
f28dc430db6e432251ad8e676b585d76	USER32.dll
a0be079a5c5de737a6b343d5e36e6563	SHELL32.dll
a0be079a5c5de737a6b343d5e36e6563	KERNEL32.dll
a0be079a5c5de737a6b343d5e36e6563	USER32.dll
a0be079a5c5de737a6b343d5e36e6563	GDI32.dll
a0be079a5c5de737a6b343d5e36e6563	MSIMG32.dll
afd89f2156faf1fa407b261d52166834	ADVAPI32.dll
afd89f2156faf1fa407b261d52166834	SHELL32.dll
afd89f2156faf1fa407b261d52166834	KERNEL32.dll
b3c05da88ff684b3a621c3991f9c85e9	GDI32.dll
b3c05da88ff684b3a621c3991f9c85e9	ADVAPI32.dll
b3c05da88ff684b3a621c3991f9c85e9	KERNEL32.dll
b3c05da88ff684b3a621c3991f9c85e9	SHELL32.dll
b3c05da88ff684b3a621c3991f9c85e9	ole32.dll
b3c05da88ff684b3a621c3991f9c85e9	USER32.dll
b3c05da88ff684b3a621c3991f9c85e9	COMCTL32.dll
632fa9da298709a785481771b8313fff	MSVCP60.dll
632fa9da298709a785481771b8313fff	iphlpapi.dll
632fa9da298709a785481771b8313fff	WININET.dll
632fa9da298709a785481771b8313fff	KERNEL32.dll
632fa9da298709a785481771b8313fff	MSVCRT.dll
632fa9da298709a785481771b8313fff	ADVAPI32.dll
632fa9da298709a785481771b8313fff	WS2_32.dll
df16afc3de4a97c07a71cb281694312e	advapi32.dll
df16afc3de4a97c07a71cb281694312e	kernel32.dll
df16afc3de4a97c07a71cb281694312e	authz.dll
df16afc3de4a97c07a71cb281694312e	dsprop.dll
df16afc3de4a97c07a71cb281694312e	crypt32.dll
50a498a404cfa69ee1deba6139eb51f3	ADVAPI32.dll
50a498a404cfa69ee1deba6139eb51f3	KERNEL32.dll
50a498a404cfa69ee1deba6139eb51f3	MSVCRT.dll
50a498a404cfa69ee1deba6139eb51f3	USER32.dll
ba8e105453a27896ecade8234174725c	ADVAPI32.dll
ba8e105453a27896ecade8234174725c	KERNEL32.dll
ba8e105453a27896ecade8234174725c	msvcrt.dll
ba8e105453a27896ecade8234174725c	USER32.dll
eed189949076a188a57c87b068648ccb	SHELL32.dll
eed189949076a188a57c87b068648ccb	KERNEL32.dll
eed189949076a188a57c87b068648ccb	USER32.dll
eed189949076a188a57c87b068648ccb	GDI32.dll
ff5e67d3d4239c3a784b75c1c996a0db	kernel32.dll
ff5e67d3d4239c3a784b75c1c996a0db	user32.dll
30cc30d640ddb928e9eb1fe6d2d1155f	kernel32.dll
30cc30d640ddb928e9eb1fe6d2d1155f	ctl3d32.dll
30cc30d640ddb928e9eb1fe6d2d1155f	user32.dll
af423724dc27829305dfee093744943a	KERNEL32.dll
af423724dc27829305dfee093744943a	Secur32.dll
af423724dc27829305dfee093744943a	ADVAPI32.dll
af423724dc27829305dfee093744943a	SETUPAPI.dll
af423724dc27829305dfee093744943a	USER32.dll
af423724dc27829305dfee093744943a	USERENV.dll
becd26db62864ac38fe8ace266165f5a	KERNEL32.dll
becd26db62864ac38fe8ace266165f5a	WTSAPI32.dll
becd26db62864ac38fe8ace266165f5a	USER32.dll
becd26db62864ac38fe8ace266165f5a	COMCTL32.dll
52dad8dd0116b4136ee4cad48d6a4dee	ADVAPI32.dll
52dad8dd0116b4136ee4cad48d6a4dee	SHELL32.dll
52dad8dd0116b4136ee4cad48d6a4dee	KERNEL32.dll
0679c3bd2efc1015a351f2f0c38a36e3	KERNEL32.dll
0679c3bd2efc1015a351f2f0c38a36e3	MSVCRT.dll
5c7321448dd6103355e1d209c8a70a29	rsaenh.dll
5c7321448dd6103355e1d209c8a70a29	kernel32.dll
5c7321448dd6103355e1d209c8a70a29	user32.dll
5c7321448dd6103355e1d209c8a70a29	cmpbk32.dll
a0cc7e9195748041f542f07f6b7bbc73	ADVAPI32.dll
a0cc7e9195748041f542f07f6b7bbc73	KERNEL32.dll
a0cc7e9195748041f542f07f6b7bbc73	ole32.dll
a0cc7e9195748041f542f07f6b7bbc73	USER32.dll
413af21f7c0033ca632362acc337e2da	MPR.dll
413af21f7c0033ca632362acc337e2da	WINTRUST.dll
413af21f7c0033ca632362acc337e2da	KERNEL32.dll
413af21f7c0033ca632362acc337e2da	Secur32.dll
413af21f7c0033ca632362acc337e2da	WTSAPI32.dll
413af21f7c0033ca632362acc337e2da	ADVAPI32.dll
413af21f7c0033ca632362acc337e2da	USER32.dll
68fe8ffa9290ad67055503396fb4feb6	COMDLG32.dll
68fe8ffa9290ad67055503396fb4feb6	GDI32.dll
68fe8ffa9290ad67055503396fb4feb6	ADVAPI32.dll
68fe8ffa9290ad67055503396fb4feb6	KERNEL32.dll
68fe8ffa9290ad67055503396fb4feb6	SHELL32.dll
68fe8ffa9290ad67055503396fb4feb6	ole32.dll
68fe8ffa9290ad67055503396fb4feb6	USER32.dll
68fe8ffa9290ad67055503396fb4feb6	COMCTL32.dll
4a35a2f256ee343ac9b58062f36a1140	ADVAPI32.dll
4a35a2f256ee343ac9b58062f36a1140	KERNEL32.dll
4a35a2f256ee343ac9b58062f36a1140	USER32.dll
4a35a2f256ee343ac9b58062f36a1140	WINTRUST.dll
4a35a2f256ee343ac9b58062f36a1140	WTSAPI32.dll
f6bbb7a78c72089a237281e12b364b52	ADVAPI32.dll
f6bbb7a78c72089a237281e12b364b52	KERNEL32.dll
921229e0f11775f6054265486f2e71c9	MSVCP60.dll
921229e0f11775f6054265486f2e71c9	iphlpapi.dll
921229e0f11775f6054265486f2e71c9	WININET.dll
921229e0f11775f6054265486f2e71c9	KERNEL32.dll
921229e0f11775f6054265486f2e71c9	MSVCRT.dll
921229e0f11775f6054265486f2e71c9	ADVAPI32.dll
921229e0f11775f6054265486f2e71c9	WS2_32.dll
ce5c4ccd48fdd8ff1e5edfb5eae54c3e	SHELL32.dll
ce5c4ccd48fdd8ff1e5edfb5eae54c3e	KERNEL32.dll
ce5c4ccd48fdd8ff1e5edfb5eae54c3e	USER32.dll
ce5c4ccd48fdd8ff1e5edfb5eae54c3e	GDI32.dll
ce5c4ccd48fdd8ff1e5edfb5eae54c3e	MSIMG32.dll
e5197d64dc9772b872e37f10b6e43a06	ADVAPI32.dll
e5197d64dc9772b872e37f10b6e43a06	KERNEL32.dll
e5197d64dc9772b872e37f10b6e43a06	USER32.dll
e5197d64dc9772b872e37f10b6e43a06	WINTRUST.dll
e5197d64dc9772b872e37f10b6e43a06	WTSAPI32.dll
fa4c288c3f3469982d0b95cf4dd54a9b	GDI32.dll
fa4c288c3f3469982d0b95cf4dd54a9b	ADVAPI32.dll
fa4c288c3f3469982d0b95cf4dd54a9b	KERNEL32.dll
fa4c288c3f3469982d0b95cf4dd54a9b	SHELL32.dll
fa4c288c3f3469982d0b95cf4dd54a9b	ole32.dll
fa4c288c3f3469982d0b95cf4dd54a9b	SHLWAPI.dll
fa4c288c3f3469982d0b95cf4dd54a9b	USER32.dll
97f96448a8d9fa18946e0e4ff88f42e8	kernel32.dll
97f96448a8d9fa18946e0e4ff88f42e8	wtsapi32.dll
97f96448a8d9fa18946e0e4ff88f42e8	advapi32.dll
97f96448a8d9fa18946e0e4ff88f42e8	nddeapi.dll
97f96448a8d9fa18946e0e4ff88f42e8	clbcatq.dll
97f96448a8d9fa18946e0e4ff88f42e8	user32.dll
b26af5aa63c0d1134f29413fa940aed3	KERNEL32.dll
b26af5aa63c0d1134f29413fa940aed3	SHLWAPI.dll
b26af5aa63c0d1134f29413fa940aed3	kerberos.dll
b26af5aa63c0d1134f29413fa940aed3	user32.dll
b26af5aa63c0d1134f29413fa940aed3	KBDKAZ.dll
af77e678ca54830a92a9c2938f12c359	COMDLG32.dll
af77e678ca54830a92a9c2938f12c359	GDI32.dll
af77e678ca54830a92a9c2938f12c359	ADVAPI32.dll
af77e678ca54830a92a9c2938f12c359	KERNEL32.dll
af77e678ca54830a92a9c2938f12c359	SHELL32.dll
af77e678ca54830a92a9c2938f12c359	ole32.dll
af77e678ca54830a92a9c2938f12c359	COMCTL32.dll
af77e678ca54830a92a9c2938f12c359	USER32.dll
af77e678ca54830a92a9c2938f12c359	IMM32.dll
7bf783af8ec39914f102e0cc83b34403	GDI32.dll
7bf783af8ec39914f102e0cc83b34403	ADVAPI32.dll
7bf783af8ec39914f102e0cc83b34403	KERNEL32.dll
7bf783af8ec39914f102e0cc83b34403	msvcrt.dll
7bf783af8ec39914f102e0cc83b34403	SHELL32.dll
7bf783af8ec39914f102e0cc83b34403	SHLWAPI.dll
7bf783af8ec39914f102e0cc83b34403	USER32.dll
0597b82d23f47f8c9f3d2e5416113fbe	ADVAPI32.dll
0597b82d23f47f8c9f3d2e5416113fbe	KERNEL32.dll
d6fc1208cb9f49b627ce29853ff11270	ADVAPI32.dll
d6fc1208cb9f49b627ce29853ff11270	KERNEL32.dll
d6fc1208cb9f49b627ce29853ff11270	MSVCRT.dll
d6fc1208cb9f49b627ce29853ff11270	USER32.dll
7294559e8252d584c072d4f05c40b770	MSVCP60.dll
7294559e8252d584c072d4f05c40b770	iphlpapi.dll
7294559e8252d584c072d4f05c40b770	WININET.dll
7294559e8252d584c072d4f05c40b770	KERNEL32.dll
7294559e8252d584c072d4f05c40b770	MSVCRT.dll
7294559e8252d584c072d4f05c40b770	ADVAPI32.dll
7294559e8252d584c072d4f05c40b770	WS2_32.dll
8f54a0438adf3c1f2d4153c24d2ea6d6	kernel32.dll
8f54a0438adf3c1f2d4153c24d2ea6d6	ctl3d32.dll
8f54a0438adf3c1f2d4153c24d2ea6d6	crypt32.dll
9028d298af2640ec73585692144f1b42	MSVCP60.dll
9028d298af2640ec73585692144f1b42	iphlpapi.dll
9028d298af2640ec73585692144f1b42	WININET.dll
9028d298af2640ec73585692144f1b42	KERNEL32.dll
9028d298af2640ec73585692144f1b42	MSVCRT.dll
9028d298af2640ec73585692144f1b42	ADVAPI32.dll
9028d298af2640ec73585692144f1b42	WS2_32.dll
fdbdd6939ccbebcc178af85f1bca6346	urlmon.dll
fdbdd6939ccbebcc178af85f1bca6346	VERSION.dll
fdbdd6939ccbebcc178af85f1bca6346	WININET.dll
fdbdd6939ccbebcc178af85f1bca6346	GDI32.dll
fdbdd6939ccbebcc178af85f1bca6346	ADVAPI32.dll
fdbdd6939ccbebcc178af85f1bca6346	KERNEL32.dll
fdbdd6939ccbebcc178af85f1bca6346	OLEAUT32.dll
fdbdd6939ccbebcc178af85f1bca6346	NETAPI32.dll
fdbdd6939ccbebcc178af85f1bca6346	SHELL32.dll
fdbdd6939ccbebcc178af85f1bca6346	ole32.dll
fdbdd6939ccbebcc178af85f1bca6346	SHLWAPI.dll
fdbdd6939ccbebcc178af85f1bca6346	WS2_32.dll
fdbdd6939ccbebcc178af85f1bca6346	PSAPI.DLL
fdbdd6939ccbebcc178af85f1bca6346	USER32.dll
fdbdd6939ccbebcc178af85f1bca6346	WSOCK32.dll
999897cbacf43444237bc5a5f9efc823	comsvcs.dll
999897cbacf43444237bc5a5f9efc823	resutils.dll
999897cbacf43444237bc5a5f9efc823	odbctrac.dll
999897cbacf43444237bc5a5f9efc823	kernel32.dll
999897cbacf43444237bc5a5f9efc823	untfs.dll
999897cbacf43444237bc5a5f9efc823	advapi32.dll
999897cbacf43444237bc5a5f9efc823	shlwapi.dll
999897cbacf43444237bc5a5f9efc823	user32.dll
cf8b1b76e2afaa0cd5d45a6246a08f8f	KERNEL32.dll
cf8b1b76e2afaa0cd5d45a6246a08f8f	ole32.dll
6602e1b6e6c7d396dcb7743b2c113cbf	KERNEL32.DLL
6602e1b6e6c7d396dcb7743b2c113cbf	USER32.dll
bf5f4ebb8dc7d261ef5e8a05c508e239	rsaenh.dll
bf5f4ebb8dc7d261ef5e8a05c508e239	kernel32.dll
bf5f4ebb8dc7d261ef5e8a05c508e239	cmpbk32.dll
bf5f4ebb8dc7d261ef5e8a05c508e239	shell32.dll
bf5f4ebb8dc7d261ef5e8a05c508e239	shlwapi.dll
bf5f4ebb8dc7d261ef5e8a05c508e239	user32.dll
45ba11cce3e4727b4877a859c209c197	MSVCP60.dll
45ba11cce3e4727b4877a859c209c197	iphlpapi.dll
45ba11cce3e4727b4877a859c209c197	WININET.dll
45ba11cce3e4727b4877a859c209c197	KERNEL32.dll
45ba11cce3e4727b4877a859c209c197	MSVCRT.dll
45ba11cce3e4727b4877a859c209c197	ADVAPI32.dll
45ba11cce3e4727b4877a859c209c197	WS2_32.dll
ef527c9dab75735576d50a9ab0321d8a	MSVCP60.dll
ef527c9dab75735576d50a9ab0321d8a	iphlpapi.dll
ef527c9dab75735576d50a9ab0321d8a	WININET.dll
ef527c9dab75735576d50a9ab0321d8a	KERNEL32.dll
ef527c9dab75735576d50a9ab0321d8a	MSVCRT.dll
ef527c9dab75735576d50a9ab0321d8a	ADVAPI32.dll
ef527c9dab75735576d50a9ab0321d8a	WS2_32.dll
450d0347639c24bce1d22c5e7881cb9c	KERNEL32.dll
450d0347639c24bce1d22c5e7881cb9c	USER32.dll
450d0347639c24bce1d22c5e7881cb9c	COMCTL32.dll
329eb3d444fdf057f06b0f525e6c4063	shlwapi.dll
329eb3d444fdf057f06b0f525e6c4063	cfgmgr32.dll
329eb3d444fdf057f06b0f525e6c4063	kernel32.dll
329eb3d444fdf057f06b0f525e6c4063	ctl3d32.dll
329eb3d444fdf057f06b0f525e6c4063	untfs.dll
329eb3d444fdf057f06b0f525e6c4063	advapi32.dll
329eb3d444fdf057f06b0f525e6c4063	authz.dll
329eb3d444fdf057f06b0f525e6c4063	user32.dll
3072b864540b53a39f979329dd63c524	modemui.dll
3072b864540b53a39f979329dd63c524	kernel32.dll
3072b864540b53a39f979329dd63c524	dsprop.dll
3072b864540b53a39f979329dd63c524	untfs.dll
3072b864540b53a39f979329dd63c524	crypt32.dll
5c82009636b0ca498a7707c55363155e	COMDLG32.dll
5c82009636b0ca498a7707c55363155e	GDI32.dll
5c82009636b0ca498a7707c55363155e	ADVAPI32.dll
5c82009636b0ca498a7707c55363155e	KERNEL32.dll
5c82009636b0ca498a7707c55363155e	SHELL32.dll
5c82009636b0ca498a7707c55363155e	ole32.dll
5c82009636b0ca498a7707c55363155e	USER32.dll
5c82009636b0ca498a7707c55363155e	COMCTL32.dll
c2e2ac40e3e19e645e52ceac9fb3bf49	WINMM.DLL
c2e2ac40e3e19e645e52ceac9fb3bf49	GDI32.DLL
c2e2ac40e3e19e645e52ceac9fb3bf49	KERNEL32.dll
c2e2ac40e3e19e645e52ceac9fb3bf49	MSVCRT.dll
c2e2ac40e3e19e645e52ceac9fb3bf49	SHELL32.DLL
c2e2ac40e3e19e645e52ceac9fb3bf49	OLE32.DLL
c2e2ac40e3e19e645e52ceac9fb3bf49	SHLWAPI.DLL
c2e2ac40e3e19e645e52ceac9fb3bf49	USER32.DLL
c2e2ac40e3e19e645e52ceac9fb3bf49	COMCTL32.DLL
5d20f4655faf795bcc6fa8f9599892a8	MSVCP60.dll
5d20f4655faf795bcc6fa8f9599892a8	iphlpapi.dll
5d20f4655faf795bcc6fa8f9599892a8	WININET.dll
5d20f4655faf795bcc6fa8f9599892a8	KERNEL32.dll
5d20f4655faf795bcc6fa8f9599892a8	MSVCRT.dll
5d20f4655faf795bcc6fa8f9599892a8	ADVAPI32.dll
5d20f4655faf795bcc6fa8f9599892a8	WS2_32.dll
4f7cc501483bb2c2a9d7d2594b1559ce	KERNEL32.dll
4f7cc501483bb2c2a9d7d2594b1559ce	WINSPOOL.DRV
5da975f435c1469a57c5c1b0d05381fa	GDI32.dll
5da975f435c1469a57c5c1b0d05381fa	ADVAPI32.dll
5da975f435c1469a57c5c1b0d05381fa	KERNEL32.dll
5da975f435c1469a57c5c1b0d05381fa	SHELL32.dll
5da975f435c1469a57c5c1b0d05381fa	ole32.dll
5da975f435c1469a57c5c1b0d05381fa	USER32.dll
5da975f435c1469a57c5c1b0d05381fa	COMCTL32.dll
d26ab604bccedd959bea6b550c630a63	KERNEL32.dll
e4807868d3a654ede9136e3d7853874c	kernel32.dll
e4807868d3a654ede9136e3d7853874c	ctl3d32.dll
e4807868d3a654ede9136e3d7853874c	user32.dll
f175139a962da46c1a7c35c08d2617d6	mscoree.dll
dfb0fd1bd218e8e5c731b910155a7346	SHELL32.dll
dfb0fd1bd218e8e5c731b910155a7346	KERNEL32.dll
dfb0fd1bd218e8e5c731b910155a7346	USER32.dll
dfb0fd1bd218e8e5c731b910155a7346	GDI32.dll
81d70034e3964cdc0038182b10490888	MSVCP60.dll
81d70034e3964cdc0038182b10490888	iphlpapi.dll
81d70034e3964cdc0038182b10490888	WININET.dll
81d70034e3964cdc0038182b10490888	KERNEL32.dll
81d70034e3964cdc0038182b10490888	MSVCRT.dll
81d70034e3964cdc0038182b10490888	ADVAPI32.dll
81d70034e3964cdc0038182b10490888	WS2_32.dll
dfadbe9f7532ea36f16a5ec40d7f3c16	ADVAPI32.dll
dfadbe9f7532ea36f16a5ec40d7f3c16	SHELL32.dll
dfadbe9f7532ea36f16a5ec40d7f3c16	KERNEL32.dll
e517da7d95ca953a8526bc19f07ba159	SHELL32.dll
e517da7d95ca953a8526bc19f07ba159	KERNEL32.dll
e517da7d95ca953a8526bc19f07ba159	USER32.dll
e517da7d95ca953a8526bc19f07ba159	GDI32.dll
e517da7d95ca953a8526bc19f07ba159	MSIMG32.dll
4c376738505255d0de3eb5b0cf6fc23e	mprapi.dll
4c376738505255d0de3eb5b0cf6fc23e	crypt32.dll
4c376738505255d0de3eb5b0cf6fc23e	kernel32.dll
4c376738505255d0de3eb5b0cf6fc23e	advapi32.dll
4c376738505255d0de3eb5b0cf6fc23e	authz.dll
4c376738505255d0de3eb5b0cf6fc23e	msimg32.dll
8cd4f9da0fe60d80d5c3582034700d36	kernel32.dll
8cd4f9da0fe60d80d5c3582034700d36	ctl3d32.dll
8cd4f9da0fe60d80d5c3582034700d36	user32.dll
203e3c4916f65945010011d25d1f47d3	ADVAPI32.dll
203e3c4916f65945010011d25d1f47d3	KERNEL32.dll
203e3c4916f65945010011d25d1f47d3	ole32.dll
a82a43f46b3c539a19126ba682362d1e	KERNEL32.dll
a82a43f46b3c539a19126ba682362d1e	ole32.dll
fd40fa13cb1349a2e14daee745c1f594	shlwapi.dll
fd40fa13cb1349a2e14daee745c1f594	cfgmgr32.dll
fd40fa13cb1349a2e14daee745c1f594	kernel32.dll
fd40fa13cb1349a2e14daee745c1f594	ctl3d32.dll
fd40fa13cb1349a2e14daee745c1f594	untfs.dll
fd40fa13cb1349a2e14daee745c1f594	advapi32.dll
fd40fa13cb1349a2e14daee745c1f594	authz.dll
fd40fa13cb1349a2e14daee745c1f594	user32.dll
ecf4a1d646205e916e0b2c59c42097fc	SHELL32.dll
ecf4a1d646205e916e0b2c59c42097fc	KERNEL32.dll
ecf4a1d646205e916e0b2c59c42097fc	USER32.dll
ecf4a1d646205e916e0b2c59c42097fc	GDI32.dll
807a24237a93dd8061512a7aae2caa5d	KERNEL32.dll
807a24237a93dd8061512a7aae2caa5d	USER32.dll
807a24237a93dd8061512a7aae2caa5d	GDI32.dll
6c8e4418425aedd090145a378647f816	MSVCP60.dll
6c8e4418425aedd090145a378647f816	iphlpapi.dll
6c8e4418425aedd090145a378647f816	WININET.dll
6c8e4418425aedd090145a378647f816	KERNEL32.dll
6c8e4418425aedd090145a378647f816	MSVCRT.dll
6c8e4418425aedd090145a378647f816	ADVAPI32.dll
6c8e4418425aedd090145a378647f816	WS2_32.dll
0a2d6a60bd298b2fcc04a618095a6a97	ADVAPI32.dll
0a2d6a60bd298b2fcc04a618095a6a97	KERNEL32.dll
aebb40ad1ccf08d0a1c1fb3e67a81e49	ADVAPI32.dll
aebb40ad1ccf08d0a1c1fb3e67a81e49	KERNEL32.dll
aebb40ad1ccf08d0a1c1fb3e67a81e49	msvcrt.dll
aebb40ad1ccf08d0a1c1fb3e67a81e49	USER32.dll
aebb40ad1ccf08d0a1c1fb3e67a81e49	GDI32.dll
24751890c0f8ec4516e9f0ee9b8af6d2	MSVCP60.dll
24751890c0f8ec4516e9f0ee9b8af6d2	iphlpapi.dll
24751890c0f8ec4516e9f0ee9b8af6d2	WININET.dll
24751890c0f8ec4516e9f0ee9b8af6d2	KERNEL32.dll
24751890c0f8ec4516e9f0ee9b8af6d2	MSVCRT.dll
24751890c0f8ec4516e9f0ee9b8af6d2	ADVAPI32.dll
24751890c0f8ec4516e9f0ee9b8af6d2	WS2_32.dll
0e2393207a89bf6bd9bee8cbe1ddab5f	MSVCP60.dll
0e2393207a89bf6bd9bee8cbe1ddab5f	iphlpapi.dll
0e2393207a89bf6bd9bee8cbe1ddab5f	WININET.dll
0e2393207a89bf6bd9bee8cbe1ddab5f	KERNEL32.dll
0e2393207a89bf6bd9bee8cbe1ddab5f	MSVCRT.dll
0e2393207a89bf6bd9bee8cbe1ddab5f	ADVAPI32.dll
0e2393207a89bf6bd9bee8cbe1ddab5f	WS2_32.dll
a3ee324462ffe38b4e8776c4eda35188	kernel32.dll
a3ee324462ffe38b4e8776c4eda35188	wtsapi32.dll
a3ee324462ffe38b4e8776c4eda35188	advapi32.dll
a3ee324462ffe38b4e8776c4eda35188	nddeapi.dll
a3ee324462ffe38b4e8776c4eda35188	clbcatq.dll
a3ee324462ffe38b4e8776c4eda35188	user32.dll
36ea6f44f742af83397668b4074c0b56	MSVCP60.dll
36ea6f44f742af83397668b4074c0b56	iphlpapi.dll
36ea6f44f742af83397668b4074c0b56	WININET.dll
36ea6f44f742af83397668b4074c0b56	KERNEL32.dll
36ea6f44f742af83397668b4074c0b56	MSVCRT.dll
36ea6f44f742af83397668b4074c0b56	ADVAPI32.dll
36ea6f44f742af83397668b4074c0b56	WS2_32.dll
a9fbe1ad3259c0e39807a897e035b4cc	ADVAPI32.dll
a9fbe1ad3259c0e39807a897e035b4cc	KERNEL32.dll
532d7c5017ccd63114df861e6412b364	MSVCP60.dll
532d7c5017ccd63114df861e6412b364	iphlpapi.dll
532d7c5017ccd63114df861e6412b364	WININET.dll
532d7c5017ccd63114df861e6412b364	KERNEL32.dll
532d7c5017ccd63114df861e6412b364	MSVCRT.dll
532d7c5017ccd63114df861e6412b364	ADVAPI32.dll
532d7c5017ccd63114df861e6412b364	WS2_32.dll
faef7072005ebb5466ef1dc1ba9c125c	rsaenh.dll
faef7072005ebb5466ef1dc1ba9c125c	kernel32.dll
faef7072005ebb5466ef1dc1ba9c125c	cmpbk32.dll
faef7072005ebb5466ef1dc1ba9c125c	shell32.dll
faef7072005ebb5466ef1dc1ba9c125c	shlwapi.dll
faef7072005ebb5466ef1dc1ba9c125c	user32.dll
5f809caf59dc5b9107db3cf0e333a433	ctl3d32.dll
5f809caf59dc5b9107db3cf0e333a433	kernel32.dll
5f809caf59dc5b9107db3cf0e333a433	dsprop.dll
5f809caf59dc5b9107db3cf0e333a433	user32.dll
a189d2bc9013832a442e00b6cd4db7bf	GDI32.dll
a189d2bc9013832a442e00b6cd4db7bf	ADVAPI32.dll
a189d2bc9013832a442e00b6cd4db7bf	KERNEL32.dll
a189d2bc9013832a442e00b6cd4db7bf	SHELL32.dll
a189d2bc9013832a442e00b6cd4db7bf	ole32.dll
a189d2bc9013832a442e00b6cd4db7bf	USER32.dll
a189d2bc9013832a442e00b6cd4db7bf	COMCTL32.dll
cb6debafb215ab7681689cb86d73e036	ADVAPI32.dll
cb6debafb215ab7681689cb86d73e036	KERNEL32.dll
cb6debafb215ab7681689cb86d73e036	MSVCRT.dll
cb6debafb215ab7681689cb86d73e036	USER32.dll
6fa027b671c8c6cdca6964a0c81b779d	GDI32.dll
6fa027b671c8c6cdca6964a0c81b779d	ADVAPI32.dll
6fa027b671c8c6cdca6964a0c81b779d	KERNEL32.dll
6fa027b671c8c6cdca6964a0c81b779d	msvcrt.dll
6fa027b671c8c6cdca6964a0c81b779d	SHELL32.dll
6fa027b671c8c6cdca6964a0c81b779d	SHLWAPI.dll
6fa027b671c8c6cdca6964a0c81b779d	USER32.dll
d78d581aa90b5bfe9174057003f3ab47	comdlg32.dll
d78d581aa90b5bfe9174057003f3ab47	NETAPI32.dll
d78d581aa90b5bfe9174057003f3ab47	pdh.dll
d78d581aa90b5bfe9174057003f3ab47	OPENGL32.dll
d78d581aa90b5bfe9174057003f3ab47	iphlpapi.dll
d78d581aa90b5bfe9174057003f3ab47	KERNEL32.dll
d78d581aa90b5bfe9174057003f3ab47	GDI32.dll
d78d581aa90b5bfe9174057003f3ab47	AVICAP32.dll
d78d581aa90b5bfe9174057003f3ab47	ADVAPI32.dll
d78d581aa90b5bfe9174057003f3ab47	GLU32.dll
d78d581aa90b5bfe9174057003f3ab47	OLEAUT32.dll
d78d581aa90b5bfe9174057003f3ab47	AVIFIL32.dll
d78d581aa90b5bfe9174057003f3ab47	SHELL32.dll
d78d581aa90b5bfe9174057003f3ab47	ole32.dll
d78d581aa90b5bfe9174057003f3ab47	SETUPAPI.dll
d78d581aa90b5bfe9174057003f3ab47	MSIMG32.dll
d78d581aa90b5bfe9174057003f3ab47	USER32.dll
d78d581aa90b5bfe9174057003f3ab47	COMCTL32.dll
a08d8b4101519dc1fda3b19687f794c5	kernel32.dll
ce6741a0ba7159377f1c4e364ea280d5	MSVCP60.dll
ce6741a0ba7159377f1c4e364ea280d5	iphlpapi.dll
ce6741a0ba7159377f1c4e364ea280d5	WININET.dll
ce6741a0ba7159377f1c4e364ea280d5	KERNEL32.dll
ce6741a0ba7159377f1c4e364ea280d5	MSVCRT.dll
ce6741a0ba7159377f1c4e364ea280d5	ADVAPI32.dll
ce6741a0ba7159377f1c4e364ea280d5	WS2_32.dll
d6067fc20665ee8a2a4fe48680da8a92	KERNEL32.dll
e78fb8c1fe03a2e794f629a69cbb9fb4	KERNEL32.DLL
e78fb8c1fe03a2e794f629a69cbb9fb4	MSVBVM60.DLL
8384353a1867254ad5517984f7781f2b	SHELL32.dll
8384353a1867254ad5517984f7781f2b	ADVAPI32.dll
8384353a1867254ad5517984f7781f2b	KERNEL32.dll
8384353a1867254ad5517984f7781f2b	USER32.dll
0312a1cdbf0d9250db06ec75a5917268	ADVAPI32.dll
0312a1cdbf0d9250db06ec75a5917268	KERNEL32.dll
0312a1cdbf0d9250db06ec75a5917268	MSVCRT.dll
0312a1cdbf0d9250db06ec75a5917268	USER32.dll
af1f034f22690096b5cfa55676f69368	ADVAPI32.dll
af1f034f22690096b5cfa55676f69368	KERNEL32.dll
af1f034f22690096b5cfa55676f69368	MSVCRT.dll
af1f034f22690096b5cfa55676f69368	USER32.dll
2c7eb50850ecee3390a0ebe411cc54c3	ADVAPI32.dll
2c7eb50850ecee3390a0ebe411cc54c3	KERNEL32.dll
2c7eb50850ecee3390a0ebe411cc54c3	USER32.dll
2c7eb50850ecee3390a0ebe411cc54c3	WINTRUST.dll
2c7eb50850ecee3390a0ebe411cc54c3	WTSAPI32.dll
32137db58509d26fbe616e6e50f6b336	KERNEL32.dll
32137db58509d26fbe616e6e50f6b336	USER32.dll
e3c989ac2adf3ad111a6c87ef3ed0bf1	ADVAPI32.dll
e3c989ac2adf3ad111a6c87ef3ed0bf1	SHELL32.dll
e3c989ac2adf3ad111a6c87ef3ed0bf1	KERNEL32.dll
ff3fbd71dbc40995511d26b9ca1ccf95	SHELL32.dll
ff3fbd71dbc40995511d26b9ca1ccf95	KERNEL32.dll
ff3fbd71dbc40995511d26b9ca1ccf95	USER32.dll
ff3fbd71dbc40995511d26b9ca1ccf95	GDI32.dll
880212f8e5f0c926487be2e3d7e59c58	kernel32.dll
880212f8e5f0c926487be2e3d7e59c58	winmm.dll
880212f8e5f0c926487be2e3d7e59c58	ws2_32.dll
c01e90a893f161ae230ddae983ae159c	MSVCP60.dll
c01e90a893f161ae230ddae983ae159c	iphlpapi.dll
c01e90a893f161ae230ddae983ae159c	WININET.dll
c01e90a893f161ae230ddae983ae159c	KERNEL32.dll
c01e90a893f161ae230ddae983ae159c	MSVCRT.dll
c01e90a893f161ae230ddae983ae159c	ADVAPI32.dll
c01e90a893f161ae230ddae983ae159c	WS2_32.dll
0898ae6d282150161455b7ea5eefbb5f	modemui.dll
0898ae6d282150161455b7ea5eefbb5f	kernel32.dll
0898ae6d282150161455b7ea5eefbb5f	dsprop.dll
0898ae6d282150161455b7ea5eefbb5f	untfs.dll
0898ae6d282150161455b7ea5eefbb5f	crypt32.dll
3e20d05a64da0a45b5d44854d7bde875	SHLWAPI.dll
3e20d05a64da0a45b5d44854d7bde875	COMDLG32.dll
3e20d05a64da0a45b5d44854d7bde875	COMCTL32.dll
3e20d05a64da0a45b5d44854d7bde875	VERSION.dll
3e20d05a64da0a45b5d44854d7bde875	WINMM.dll
3e20d05a64da0a45b5d44854d7bde875	USER32.dll
3e20d05a64da0a45b5d44854d7bde875	IMM32.dll
3e20d05a64da0a45b5d44854d7bde875	GDI32.dll
3e20d05a64da0a45b5d44854d7bde875	ADVAPI32.dll
3e20d05a64da0a45b5d44854d7bde875	KERNEL32.dll
3e20d05a64da0a45b5d44854d7bde875	WINSPOOL.DRV
3e20d05a64da0a45b5d44854d7bde875	OLEAUT32.dll
3e20d05a64da0a45b5d44854d7bde875	NETAPI32.dll
3e20d05a64da0a45b5d44854d7bde875	SHELL32.dll
3e20d05a64da0a45b5d44854d7bde875	ole32.dll
3e20d05a64da0a45b5d44854d7bde875	TAPI32.dll
3e20d05a64da0a45b5d44854d7bde875	PSAPI.DLL
3e20d05a64da0a45b5d44854d7bde875	OLEACC.dll
3e20d05a64da0a45b5d44854d7bde875	WTSAPI32.dll
34496e26c8d80876d19ef50ab5d0f699	ADVAPI32.dll
34496e26c8d80876d19ef50ab5d0f699	SHELL32.dll
34496e26c8d80876d19ef50ab5d0f699	KERNEL32.dll
6774b7f23af07dda368b705aea069b10	rsaenh.dll
6774b7f23af07dda368b705aea069b10	kernel32.dll
6774b7f23af07dda368b705aea069b10	cmpbk32.dll
6774b7f23af07dda368b705aea069b10	shell32.dll
6774b7f23af07dda368b705aea069b10	shlwapi.dll
6774b7f23af07dda368b705aea069b10	user32.dll
008f31db08c42e5306d060f9e7171ee7	KERNEL32.dll
008f31db08c42e5306d060f9e7171ee7	ole32.dll
008f31db08c42e5306d060f9e7171ee7	USERENV.dll
6b7d1f024fd8a98c933a2c5d7c644285	ADVAPI32.dll
6b7d1f024fd8a98c933a2c5d7c644285	KERNEL32.dll
6b7d1f024fd8a98c933a2c5d7c644285	ole32.dll
34eb209615c71a389df132f9ba9ff02b	kernel32.dll
34eb209615c71a389df132f9ba9ff02b	ctl3d32.dll
34eb209615c71a389df132f9ba9ff02b	crypt32.dll
d92db3371150d0801d1814523e5115bc	SHELL32.dll
d92db3371150d0801d1814523e5115bc	KERNEL32.dll
d92db3371150d0801d1814523e5115bc	USER32.dll
d92db3371150d0801d1814523e5115bc	GDI32.dll
d08bae3942fa1e7d96aeca71f4cb0ee9	ADVAPI32.dll
d08bae3942fa1e7d96aeca71f4cb0ee9	SHELL32.dll
d08bae3942fa1e7d96aeca71f4cb0ee9	KERNEL32.dll
1238f2fcb835dcfe46ea08a707dba7d2	COMDLG32.dll
1238f2fcb835dcfe46ea08a707dba7d2	GDI32.dll
1238f2fcb835dcfe46ea08a707dba7d2	ADVAPI32.dll
1238f2fcb835dcfe46ea08a707dba7d2	KERNEL32.dll
1238f2fcb835dcfe46ea08a707dba7d2	OLEAUT32.dll
1238f2fcb835dcfe46ea08a707dba7d2	SHELL32.dll
1238f2fcb835dcfe46ea08a707dba7d2	ole32.dll
1238f2fcb835dcfe46ea08a707dba7d2	SHLWAPI.dll
1238f2fcb835dcfe46ea08a707dba7d2	USER32.dll
1238f2fcb835dcfe46ea08a707dba7d2	COMCTL32.dll
7261fb10d518402e31cd63ad15b38825	MSVCP60.dll
7261fb10d518402e31cd63ad15b38825	iphlpapi.dll
7261fb10d518402e31cd63ad15b38825	WININET.dll
7261fb10d518402e31cd63ad15b38825	KERNEL32.dll
7261fb10d518402e31cd63ad15b38825	MSVCRT.dll
7261fb10d518402e31cd63ad15b38825	ADVAPI32.dll
7261fb10d518402e31cd63ad15b38825	WS2_32.dll
e11f0c0857338c9382a027953a8b85f9	ADVAPI32.dll
e11f0c0857338c9382a027953a8b85f9	KERNEL32.dll
e11f0c0857338c9382a027953a8b85f9	MSVCRT.dll
e11f0c0857338c9382a027953a8b85f9	USER32.dll
6169ae69bbcdb7a6576939604ba86bf1	COMDLG32.dll
6169ae69bbcdb7a6576939604ba86bf1	GDI32.dll
6169ae69bbcdb7a6576939604ba86bf1	ADVAPI32.dll
6169ae69bbcdb7a6576939604ba86bf1	KERNEL32.dll
6169ae69bbcdb7a6576939604ba86bf1	SHELL32.dll
6169ae69bbcdb7a6576939604ba86bf1	ole32.dll
6169ae69bbcdb7a6576939604ba86bf1	SHLWAPI.dll
6169ae69bbcdb7a6576939604ba86bf1	USER32.dll
6169ae69bbcdb7a6576939604ba86bf1	COMCTL32.dll
eff35a0874ec4bbee6c3d0dc85a48feb	KERNEL32.DLL
eff35a0874ec4bbee6c3d0dc85a48feb	MSVBVM60.DLL
c2fb70d3cfd7b6ae70a05108dd032e64	SHELL32.dll
c2fb70d3cfd7b6ae70a05108dd032e64	KERNEL32.dll
c2fb70d3cfd7b6ae70a05108dd032e64	USER32.dll
c2fb70d3cfd7b6ae70a05108dd032e64	GDI32.dll
79a567e4aadcc99c02463da1d35b99f3	ADVAPI32.dll
79a567e4aadcc99c02463da1d35b99f3	KERNEL32.dll
79a567e4aadcc99c02463da1d35b99f3	MSVCRT.dll
79a567e4aadcc99c02463da1d35b99f3	USER32.dll
161a56741faeab572b3fc3b573ddb068	GDI32.dll
161a56741faeab572b3fc3b573ddb068	ADVAPI32.dll
161a56741faeab572b3fc3b573ddb068	KERNEL32.dll
161a56741faeab572b3fc3b573ddb068	SHELL32.dll
161a56741faeab572b3fc3b573ddb068	ole32.dll
161a56741faeab572b3fc3b573ddb068	SHLWAPI.dll
161a56741faeab572b3fc3b573ddb068	USER32.dll
a1a4c51140a8ba56651c8b915f1cd620	KERNEL32.dll
