md5	section_name	raw_size	virtual_size	entropy
7ba5ce04595768a6ee7814366aa611a8	.text	4096	4096	1.44
7ba5ce04595768a6ee7814366aa611a8	.rdata	8192	4096	0.73
7ba5ce04595768a6ee7814366aa611a8	.data	12288	4096	0.09
7ba5ce04595768a6ee7814366aa611a8	.rsrc	16384	5246976	2.45
7ba5ce04595768a6ee7814366aa611a8	.reloc	5263360	4096	0.0
f985b56f9d8dbe2c5f92edf14b5384f5	.text	4096	4096	1.44
f985b56f9d8dbe2c5f92edf14b5384f5	.rdata	8192	4096	0.73
f985b56f9d8dbe2c5f92edf14b5384f5	.data	12288	4096	0.09
f985b56f9d8dbe2c5f92edf14b5384f5	.rsrc	16384	5246976	6.0
f985b56f9d8dbe2c5f92edf14b5384f5	.reloc	5263360	4096	0.0
83b263a3766c13efd24dd8cdb4419cee	.text	4096	4096	1.44
83b263a3766c13efd24dd8cdb4419cee	.rdata	8192	4096	0.73
83b263a3766c13efd24dd8cdb4419cee	.data	12288	4096	0.09
83b263a3766c13efd24dd8cdb4419cee	.rsrc	16384	5246976	4.3
83b263a3766c13efd24dd8cdb4419cee	.reloc	5263360	4096	0.0
1750210a0d44924c9f140e61954cc028	.text	4096	319488	7.62
1750210a0d44924c9f140e61954cc028	.rdata	323584	181760	6.16
1750210a0d44924c9f140e61954cc028	.data	507904	836096	7.56
1750210a0d44924c9f140e61954cc028	.rsrc	1351680	512	7.55
1750210a0d44924c9f140e61954cc028	.reloc	1355776	11776	7.98
faaeabde1c0f2278e4b38fbca152ff85	.text	4096	4096	1.44
faaeabde1c0f2278e4b38fbca152ff85	.rdata	8192	4096	0.73
faaeabde1c0f2278e4b38fbca152ff85	.data	12288	4096	0.09
faaeabde1c0f2278e4b38fbca152ff85	.rsrc	16384	5246976	4.22
faaeabde1c0f2278e4b38fbca152ff85	.reloc	5263360	4096	0.0
182212a6cd19e379d2e99b1a6d574280	.text	4096	4096	1.44
182212a6cd19e379d2e99b1a6d574280	.rdata	8192	4096	0.73
182212a6cd19e379d2e99b1a6d574280	.data	12288	4096	0.09
182212a6cd19e379d2e99b1a6d574280	.rsrc	16384	5246976	5.99
182212a6cd19e379d2e99b1a6d574280	.reloc	5263360	4096	0.0
7e6cf6eca7ffb91f9438fb3e2c8a23d2	.text	4096	4096	1.44
7e6cf6eca7ffb91f9438fb3e2c8a23d2	.rdata	8192	4096	0.73
7e6cf6eca7ffb91f9438fb3e2c8a23d2	.data	12288	4096	0.09
7e6cf6eca7ffb91f9438fb3e2c8a23d2	.rsrc	16384	5246976	6.08
7e6cf6eca7ffb91f9438fb3e2c8a23d2	.reloc	5263360	4096	0.0
f893c31648ddb18043da19dba47e9d27	.text	4096	4096	1.44
f893c31648ddb18043da19dba47e9d27	.rdata	8192	4096	0.73
f893c31648ddb18043da19dba47e9d27	.data	12288	4096	0.09
f893c31648ddb18043da19dba47e9d27	.rsrc	16384	5246976	4.34
f893c31648ddb18043da19dba47e9d27	.reloc	5263360	4096	0.0
1519a3eb7d1cd3b9e7d7db2bdd6d5834	.text	4096	4096	1.44
1519a3eb7d1cd3b9e7d7db2bdd6d5834	.rdata	8192	4096	0.73
1519a3eb7d1cd3b9e7d7db2bdd6d5834	.data	12288	4096	0.09
1519a3eb7d1cd3b9e7d7db2bdd6d5834	.rsrc	16384	5246976	2.06
1519a3eb7d1cd3b9e7d7db2bdd6d5834	.reloc	5263360	4096	0.0
6f650979458e62b874fe02c891d8b0de	.text	4096	4096	1.44
6f650979458e62b874fe02c891d8b0de	.rdata	8192	4096	0.73
6f650979458e62b874fe02c891d8b0de	.data	12288	4096	0.09
6f650979458e62b874fe02c891d8b0de	.rsrc	16384	5246976	7.67
6f650979458e62b874fe02c891d8b0de	.reloc	5263360	4096	0.0
681a5a38f3a1bc79974a66f5c30ca48d	.text	4096	4096	1.44
681a5a38f3a1bc79974a66f5c30ca48d	.rdata	8192	4096	0.73
681a5a38f3a1bc79974a66f5c30ca48d	.data	12288	4096	0.09
681a5a38f3a1bc79974a66f5c30ca48d	.rsrc	16384	5246976	2.73
681a5a38f3a1bc79974a66f5c30ca48d	.reloc	5263360	4096	0.0
20d0fa88bd4ef3819de63c704e849854	.text	4096	4096	1.44
20d0fa88bd4ef3819de63c704e849854	.rdata	8192	4096	0.73
20d0fa88bd4ef3819de63c704e849854	.data	12288	4096	0.09
20d0fa88bd4ef3819de63c704e849854	.rsrc	16384	5246976	4.74
20d0fa88bd4ef3819de63c704e849854	.reloc	5263360	4096	0.0
dea9316000b70e0ee0ccc973c9ff0590	.text	4096	4096	1.44
dea9316000b70e0ee0ccc973c9ff0590	.rdata	8192	4096	0.73
dea9316000b70e0ee0ccc973c9ff0590	.data	12288	4096	0.09
dea9316000b70e0ee0ccc973c9ff0590	.rsrc	16384	5246976	1.66
dea9316000b70e0ee0ccc973c9ff0590	.reloc	5263360	4096	0.0
682c3c957b38f99160c788b4e62b109e	.text	4096	4096	1.44
682c3c957b38f99160c788b4e62b109e	.rdata	8192	4096	0.73
682c3c957b38f99160c788b4e62b109e	.data	12288	4096	0.09
682c3c957b38f99160c788b4e62b109e	.rsrc	16384	5246976	5.18
682c3c957b38f99160c788b4e62b109e	.reloc	5263360	4096	0.0
0ded766616638f1fc713fd1f7d29e01c	.text	4096	4096	1.44
0ded766616638f1fc713fd1f7d29e01c	.rdata	8192	4096	0.73
0ded766616638f1fc713fd1f7d29e01c	.data	12288	4096	0.09
0ded766616638f1fc713fd1f7d29e01c	.rsrc	16384	5246976	6.17
0ded766616638f1fc713fd1f7d29e01c	.reloc	5263360	4096	0.0
901decc503049bc0108dc9cd5eb94ffc	.text	4096	4096	1.44
901decc503049bc0108dc9cd5eb94ffc	.rdata	8192	4096	0.73
901decc503049bc0108dc9cd5eb94ffc	.data	12288	4096	0.09
901decc503049bc0108dc9cd5eb94ffc	.rsrc	16384	5246976	3.84
901decc503049bc0108dc9cd5eb94ffc	.reloc	5263360	4096	0.0
7cf2934f7933938afc419b8fd88fea8d	.text	4096	4096	1.44
7cf2934f7933938afc419b8fd88fea8d	.rdata	8192	4096	0.73
7cf2934f7933938afc419b8fd88fea8d	.data	12288	4096	0.09
7cf2934f7933938afc419b8fd88fea8d	.rsrc	16384	5246976	6.37
7cf2934f7933938afc419b8fd88fea8d	.reloc	5263360	4096	0.0
a4f8ff96834e5a8105599261ed19ec1e	.text	4096	4096	1.44
a4f8ff96834e5a8105599261ed19ec1e	.rdata	8192	4096	0.73
a4f8ff96834e5a8105599261ed19ec1e	.data	12288	4096	0.09
a4f8ff96834e5a8105599261ed19ec1e	.rsrc	16384	5246976	5.96
a4f8ff96834e5a8105599261ed19ec1e	.reloc	5263360	4096	0.0
4ba9d52510d0ef17f97393b53764fb06	.text	4096	4096	1.44
4ba9d52510d0ef17f97393b53764fb06	.rdata	8192	4096	0.73
4ba9d52510d0ef17f97393b53764fb06	.data	12288	4096	0.09
4ba9d52510d0ef17f97393b53764fb06	.rsrc	16384	5246976	6.02
4ba9d52510d0ef17f97393b53764fb06	.reloc	5263360	4096	0.0
98e7b5dd7180efdcf6fa2c6a5434365b	.text	4096	289792	7.74
98e7b5dd7180efdcf6fa2c6a5434365b	.rdata	294912	159744	6.38
98e7b5dd7180efdcf6fa2c6a5434365b	.data	454656	446976	7.74
98e7b5dd7180efdcf6fa2c6a5434365b	.rsrc	909312	512	7.49
98e7b5dd7180efdcf6fa2c6a5434365b	.reloc	913408	11776	7.88
8db7ea437579a0e6e87370a8c70811b6	.text	4096	319488	7.62
8db7ea437579a0e6e87370a8c70811b6	.rdata	323584	181760	6.16
8db7ea437579a0e6e87370a8c70811b6	.data	507904	836096	6.67
8db7ea437579a0e6e87370a8c70811b6	.rsrc	1351680	512	7.64
8db7ea437579a0e6e87370a8c70811b6	.reloc	1355776	11776	7.96
88f70cdde8a50556bc9fa7efa50fd3f0	.text	4096	4096	1.44
88f70cdde8a50556bc9fa7efa50fd3f0	.rdata	8192	4096	0.73
88f70cdde8a50556bc9fa7efa50fd3f0	.data	12288	4096	0.09
88f70cdde8a50556bc9fa7efa50fd3f0	.rsrc	16384	5246976	2.67
88f70cdde8a50556bc9fa7efa50fd3f0	.reloc	5263360	4096	0.0
06d9b8b5dc9f3ccddb9dedc28a69b447	.text	4096	4096	1.44
06d9b8b5dc9f3ccddb9dedc28a69b447	.rdata	8192	4096	0.73
06d9b8b5dc9f3ccddb9dedc28a69b447	.data	12288	4096	0.09
06d9b8b5dc9f3ccddb9dedc28a69b447	.rsrc	16384	5246976	6.43
06d9b8b5dc9f3ccddb9dedc28a69b447	.reloc	5263360	4096	0.0
05f6e10d6812f71458c5aa49c846eafc	.text	4096	4096	1.44
05f6e10d6812f71458c5aa49c846eafc	.rdata	8192	4096	0.73
05f6e10d6812f71458c5aa49c846eafc	.data	12288	4096	0.09
05f6e10d6812f71458c5aa49c846eafc	.rsrc	16384	5246976	4.66
05f6e10d6812f71458c5aa49c846eafc	.reloc	5263360	4096	0.0
423df4f58d05bf6e90dc3da9c0912624	.text	4096	4096	1.44
423df4f58d05bf6e90dc3da9c0912624	.rdata	8192	4096	0.73
423df4f58d05bf6e90dc3da9c0912624	.data	12288	4096	0.09
423df4f58d05bf6e90dc3da9c0912624	.rsrc	16384	5246976	5.15
423df4f58d05bf6e90dc3da9c0912624	.reloc	5263360	4096	0.0
0c89c1432d8ecfa1cda6b99c60fa4f4c	.text	4096	4096	1.44
0c89c1432d8ecfa1cda6b99c60fa4f4c	.rdata	8192	4096	0.73
0c89c1432d8ecfa1cda6b99c60fa4f4c	.data	12288	4096	0.09
0c89c1432d8ecfa1cda6b99c60fa4f4c	.rsrc	16384	5246976	4.81
0c89c1432d8ecfa1cda6b99c60fa4f4c	.reloc	5263360	4096	0.0
f8454cce1a1ea4137e1e2e1ec2d945bc	.text	4096	4096	1.44
f8454cce1a1ea4137e1e2e1ec2d945bc	.rdata	8192	4096	0.73
f8454cce1a1ea4137e1e2e1ec2d945bc	.data	12288	4096	0.09
f8454cce1a1ea4137e1e2e1ec2d945bc	.rsrc	16384	5246976	5.03
f8454cce1a1ea4137e1e2e1ec2d945bc	.reloc	5263360	4096	0.0
5cbe6c626c1836d43c31fb013157d9ed	.text	4096	4096	1.44
5cbe6c626c1836d43c31fb013157d9ed	.rdata	8192	4096	0.73
5cbe6c626c1836d43c31fb013157d9ed	.data	12288	4096	0.09
5cbe6c626c1836d43c31fb013157d9ed	.rsrc	16384	5246976	6.37
5cbe6c626c1836d43c31fb013157d9ed	.reloc	5263360	4096	0.0
3f3167cb731ef5c251d1d46ec6fcfbba	.text	4096	4096	1.44
3f3167cb731ef5c251d1d46ec6fcfbba	.rdata	8192	4096	0.73
3f3167cb731ef5c251d1d46ec6fcfbba	.data	12288	4096	0.09
3f3167cb731ef5c251d1d46ec6fcfbba	.rsrc	16384	5246976	2.49
3f3167cb731ef5c251d1d46ec6fcfbba	.reloc	5263360	4096	0.0
0b97d7daa11324ef3bdd956aa6f88937	.text	4096	4096	1.44
0b97d7daa11324ef3bdd956aa6f88937	.rdata	8192	4096	0.73
0b97d7daa11324ef3bdd956aa6f88937	.data	12288	4096	0.09
0b97d7daa11324ef3bdd956aa6f88937	.rsrc	16384	5246976	4.03
0b97d7daa11324ef3bdd956aa6f88937	.reloc	5263360	4096	0.0
0aa436ecb20331034fbf52c6d4d096ca	.text	4096	4096	1.44
0aa436ecb20331034fbf52c6d4d096ca	.rdata	8192	4096	0.73
0aa436ecb20331034fbf52c6d4d096ca	.data	12288	4096	0.09
0aa436ecb20331034fbf52c6d4d096ca	.rsrc	16384	5246976	5.26
0aa436ecb20331034fbf52c6d4d096ca	.reloc	5263360	4096	0.0
19a7b5f094f944081feb1e30ae031322	.text	4096	4096	1.44
19a7b5f094f944081feb1e30ae031322	.rdata	8192	4096	0.73
19a7b5f094f944081feb1e30ae031322	.data	12288	4096	0.09
19a7b5f094f944081feb1e30ae031322	.rsrc	16384	5246976	3.58
19a7b5f094f944081feb1e30ae031322	.reloc	5263360	4096	0.0
db957b2ee9345ae72b20faee8c8c0dd3	.text	4096	4096	1.44
db957b2ee9345ae72b20faee8c8c0dd3	.rdata	8192	4096	0.73
db957b2ee9345ae72b20faee8c8c0dd3	.data	12288	4096	0.09
db957b2ee9345ae72b20faee8c8c0dd3	.rsrc	16384	5246976	6.46
db957b2ee9345ae72b20faee8c8c0dd3	.reloc	5263360	4096	0.0
839e0c826ca9faccfbaab80f252ed0fb	.text	4096	4096	1.44
839e0c826ca9faccfbaab80f252ed0fb	.rdata	8192	4096	0.73
839e0c826ca9faccfbaab80f252ed0fb	.data	12288	4096	0.09
839e0c826ca9faccfbaab80f252ed0fb	.rsrc	16384	5246976	3.38
839e0c826ca9faccfbaab80f252ed0fb	.reloc	5263360	4096	0.0
c479e803bc1596360b6a2ffad44711e9	.text	4096	4096	1.44
c479e803bc1596360b6a2ffad44711e9	.rdata	8192	4096	0.73
c479e803bc1596360b6a2ffad44711e9	.data	12288	4096	0.09
c479e803bc1596360b6a2ffad44711e9	.rsrc	16384	5246976	6.34
c479e803bc1596360b6a2ffad44711e9	.reloc	5263360	4096	0.0
02f8be8aace2d68fa64285e67b4447e7	.text	4096	4096	1.44
02f8be8aace2d68fa64285e67b4447e7	.rdata	8192	4096	0.73
02f8be8aace2d68fa64285e67b4447e7	.data	12288	4096	0.09
02f8be8aace2d68fa64285e67b4447e7	.rsrc	16384	5246976	4.11
02f8be8aace2d68fa64285e67b4447e7	.reloc	5263360	4096	0.0
71335185ab32b17240ae0140bd83865e	.text	4096	4096	1.44
71335185ab32b17240ae0140bd83865e	.rdata	8192	4096	0.73
71335185ab32b17240ae0140bd83865e	.data	12288	4096	0.09
71335185ab32b17240ae0140bd83865e	.rsrc	16384	5246976	5.86
71335185ab32b17240ae0140bd83865e	.reloc	5263360	4096	0.0
27ef281eae4ab5f6ccdf7dfb19bb8dbf	.text	4096	319488	7.62
27ef281eae4ab5f6ccdf7dfb19bb8dbf	.rdata	323584	181760	6.16
27ef281eae4ab5f6ccdf7dfb19bb8dbf	.data	507904	836096	7.95
27ef281eae4ab5f6ccdf7dfb19bb8dbf	.rsrc	1351680	512	7.53
27ef281eae4ab5f6ccdf7dfb19bb8dbf	.reloc	1355776	11776	7.93
53074ae4b80f74466f07956e54fd61d3	.text	4096	140288	6.12
53074ae4b80f74466f07956e54fd61d3	.data	147456	216064	4.74
53074ae4b80f74466f07956e54fd61d3	.rdata	364544	66048	6.86
53074ae4b80f74466f07956e54fd61d3	.bss	434176	0	0.0
53074ae4b80f74466f07956e54fd61d3	.edata	450560	1024	0.43
53074ae4b80f74466f07956e54fd61d3	.idata	454656	10240	5.58
53074ae4b80f74466f07956e54fd61d3	.rsrc	466944	1024	3.0
53074ae4b80f74466f07956e54fd61d3	.reloc	471040	9216	6.75
881551e3186baa05d2ccac51609373dd	.text	4096	4096	1.44
881551e3186baa05d2ccac51609373dd	.rdata	8192	4096	0.73
881551e3186baa05d2ccac51609373dd	.data	12288	4096	0.09
881551e3186baa05d2ccac51609373dd	.rsrc	16384	5246976	3.99
881551e3186baa05d2ccac51609373dd	.reloc	5263360	4096	0.0
a05451c6c796bd962ca5767836784b39	.text	4096	4096	1.44
a05451c6c796bd962ca5767836784b39	.rdata	8192	4096	0.73
a05451c6c796bd962ca5767836784b39	.data	12288	4096	0.09
a05451c6c796bd962ca5767836784b39	.rsrc	16384	5246976	3.87
a05451c6c796bd962ca5767836784b39	.reloc	5263360	4096	0.0
3ede70ee2c4f8746e84d474ca3910924	.text	4096	4096	1.44
3ede70ee2c4f8746e84d474ca3910924	.rdata	8192	4096	0.73
3ede70ee2c4f8746e84d474ca3910924	.data	12288	4096	0.09
3ede70ee2c4f8746e84d474ca3910924	.rsrc	16384	5246976	5.49
3ede70ee2c4f8746e84d474ca3910924	.reloc	5263360	4096	0.0
e6014aaaddd5e12fad5e479f347f513b	.text	4096	4096	1.44
e6014aaaddd5e12fad5e479f347f513b	.rdata	8192	4096	0.73
e6014aaaddd5e12fad5e479f347f513b	.data	12288	4096	0.09
e6014aaaddd5e12fad5e479f347f513b	.rsrc	16384	5246976	6.4
e6014aaaddd5e12fad5e479f347f513b	.reloc	5263360	4096	0.0
6fe6250504833480c43d4b026bc7c17a	.text	4096	4096	1.44
6fe6250504833480c43d4b026bc7c17a	.rdata	8192	4096	0.73
6fe6250504833480c43d4b026bc7c17a	.data	12288	4096	0.09
6fe6250504833480c43d4b026bc7c17a	.rsrc	16384	5246976	4.65
6fe6250504833480c43d4b026bc7c17a	.reloc	5263360	4096	0.0
ce838883cbf59dbe80133f9b3c3b5902	.text	4096	4096	1.44
ce838883cbf59dbe80133f9b3c3b5902	.rdata	8192	4096	0.73
ce838883cbf59dbe80133f9b3c3b5902	.data	12288	4096	0.09
ce838883cbf59dbe80133f9b3c3b5902	.rsrc	16384	5246976	6.08
ce838883cbf59dbe80133f9b3c3b5902	.reloc	5263360	4096	0.0
1c036e1658a8fff9f6cdef1fbc4b2b17	.text	4096	4096	1.44
1c036e1658a8fff9f6cdef1fbc4b2b17	.rdata	8192	4096	0.73
1c036e1658a8fff9f6cdef1fbc4b2b17	.data	12288	4096	0.09
1c036e1658a8fff9f6cdef1fbc4b2b17	.rsrc	16384	5246976	4.0
1c036e1658a8fff9f6cdef1fbc4b2b17	.reloc	5263360	4096	0.0
665aebd7314a1bf229c7d4fc7a9fde34	.text	4096	4096	1.44
665aebd7314a1bf229c7d4fc7a9fde34	.rdata	8192	4096	0.73
665aebd7314a1bf229c7d4fc7a9fde34	.data	12288	4096	0.09
665aebd7314a1bf229c7d4fc7a9fde34	.rsrc	16384	5246976	6.15
665aebd7314a1bf229c7d4fc7a9fde34	.reloc	5263360	4096	0.0
e1805b7887f66413a9cb6b81e7e2625e	.text	4096	4096	1.44
e1805b7887f66413a9cb6b81e7e2625e	.rdata	8192	4096	0.73
e1805b7887f66413a9cb6b81e7e2625e	.data	12288	4096	0.09
e1805b7887f66413a9cb6b81e7e2625e	.rsrc	16384	5246976	6.26
e1805b7887f66413a9cb6b81e7e2625e	.reloc	5263360	4096	0.0
04e760086afbcfc0e98ec25397f62d6f	.text	4096	4096	1.44
04e760086afbcfc0e98ec25397f62d6f	.rdata	8192	4096	0.73
04e760086afbcfc0e98ec25397f62d6f	.data	12288	4096	0.09
04e760086afbcfc0e98ec25397f62d6f	.rsrc	16384	5246976	4.3
04e760086afbcfc0e98ec25397f62d6f	.reloc	5263360	4096	0.0
51a0db33087aa740665ca9b617533f3d	.text	4096	4096	1.44
51a0db33087aa740665ca9b617533f3d	.rdata	8192	4096	0.73
51a0db33087aa740665ca9b617533f3d	.data	12288	4096	0.09
51a0db33087aa740665ca9b617533f3d	.rsrc	16384	5246976	2.32
51a0db33087aa740665ca9b617533f3d	.reloc	5263360	4096	0.0
8a421d6e236422a8ad7a8c31cb5f92c4	.text	4096	341504	6.47
8a421d6e236422a8ad7a8c31cb5f92c4	.rdata	348160	25600	5.3
8a421d6e236422a8ad7a8c31cb5f92c4	.data	376832	635904	8.0
8a421d6e236422a8ad7a8c31cb5f92c4	.rsrc	1048576	512	0.0
8a421d6e236422a8ad7a8c31cb5f92c4	.reloc	1052672	22528	5.87
9297aeaff75601cbdec3dec53c307452	.text	4096	1111552	6.69
9297aeaff75601cbdec3dec53c307452	.rdata	1118208	343040	6.33
9297aeaff75601cbdec3dec53c307452	.data	1462272	636928	7.95
9297aeaff75601cbdec3dec53c307452	.tls	2125824	512	0.0
9297aeaff75601cbdec3dec53c307452	.rsrc	2129920	512	0.0
9297aeaff75601cbdec3dec53c307452	.reloc	2134016	63488	6.0
c10a4fafd18662dcb04451c812b2bef6	.text	4096	4096	1.44
c10a4fafd18662dcb04451c812b2bef6	.rdata	8192	4096	0.73
c10a4fafd18662dcb04451c812b2bef6	.data	12288	4096	0.09
c10a4fafd18662dcb04451c812b2bef6	.rsrc	16384	5246976	6.43
c10a4fafd18662dcb04451c812b2bef6	.reloc	5263360	4096	0.0
fdf7c41f534d960addad6fbb56eedd83	.text	4096	4096	1.44
fdf7c41f534d960addad6fbb56eedd83	.rdata	8192	4096	0.73
fdf7c41f534d960addad6fbb56eedd83	.data	12288	4096	0.09
fdf7c41f534d960addad6fbb56eedd83	.rsrc	16384	5246976	4.96
fdf7c41f534d960addad6fbb56eedd83	.reloc	5263360	4096	0.0
c21b35c31c7e24385a910c1b701ceb08	.text	4096	4096	1.44
c21b35c31c7e24385a910c1b701ceb08	.rdata	8192	4096	0.73
c21b35c31c7e24385a910c1b701ceb08	.data	12288	4096	0.09
c21b35c31c7e24385a910c1b701ceb08	.rsrc	16384	5246976	3.1
c21b35c31c7e24385a910c1b701ceb08	.reloc	5263360	4096	0.0
6a8e7766de1f2182bbd1eceb9ce0f797	.text	4096	4096	1.44
6a8e7766de1f2182bbd1eceb9ce0f797	.rdata	8192	4096	0.73
6a8e7766de1f2182bbd1eceb9ce0f797	.data	12288	4096	0.09
6a8e7766de1f2182bbd1eceb9ce0f797	.rsrc	16384	5246976	2.56
6a8e7766de1f2182bbd1eceb9ce0f797	.reloc	5263360	4096	0.0
b2f842271facd909101692dc82ac7e2f	.text	4096	4096	1.44
b2f842271facd909101692dc82ac7e2f	.rdata	8192	4096	0.73
b2f842271facd909101692dc82ac7e2f	.data	12288	4096	0.09
b2f842271facd909101692dc82ac7e2f	.rsrc	16384	5246976	6.92
b2f842271facd909101692dc82ac7e2f	.reloc	5263360	4096	0.0
0cb51f022895461e29f9a5cf50d0df5e	.text	4096	4096	1.44
0cb51f022895461e29f9a5cf50d0df5e	.rdata	8192	4096	0.73
0cb51f022895461e29f9a5cf50d0df5e	.data	12288	4096	0.09
0cb51f022895461e29f9a5cf50d0df5e	.rsrc	16384	5246976	6.16
0cb51f022895461e29f9a5cf50d0df5e	.reloc	5263360	4096	0.0
1e229f5b73e48300cd9af8285dd6370a	.text	4096	4096	1.44
1e229f5b73e48300cd9af8285dd6370a	.rdata	8192	4096	0.73
1e229f5b73e48300cd9af8285dd6370a	.data	12288	4096	0.09
1e229f5b73e48300cd9af8285dd6370a	.rsrc	16384	5246976	2.83
1e229f5b73e48300cd9af8285dd6370a	.reloc	5263360	4096	0.0
0f7fe07e5706fcd7747a62dd3bc95811	.text	4096	4096	1.44
0f7fe07e5706fcd7747a62dd3bc95811	.rdata	8192	4096	0.73
0f7fe07e5706fcd7747a62dd3bc95811	.data	12288	4096	0.09
0f7fe07e5706fcd7747a62dd3bc95811	.rsrc	16384	5246976	6.46
0f7fe07e5706fcd7747a62dd3bc95811	.reloc	5263360	4096	0.0
8e8b34dab364f9f81c090c1c9a3291ba	.text	4096	4096	1.44
8e8b34dab364f9f81c090c1c9a3291ba	.rdata	8192	4096	0.73
8e8b34dab364f9f81c090c1c9a3291ba	.data	12288	4096	0.09
8e8b34dab364f9f81c090c1c9a3291ba	.rsrc	16384	5246976	6.67
8e8b34dab364f9f81c090c1c9a3291ba	.reloc	5263360	4096	0.0
af4bddd975dd1b62b4689918329d1d30	.text	4096	4096	1.44
af4bddd975dd1b62b4689918329d1d30	.rdata	8192	4096	0.73
af4bddd975dd1b62b4689918329d1d30	.data	12288	4096	0.09
af4bddd975dd1b62b4689918329d1d30	.rsrc	16384	5246976	5.7
af4bddd975dd1b62b4689918329d1d30	.reloc	5263360	4096	0.0
9ee816fddda7934ad12f2afa05ab8aff	.text	4096	4096	1.44
9ee816fddda7934ad12f2afa05ab8aff	.rdata	8192	4096	0.73
9ee816fddda7934ad12f2afa05ab8aff	.data	12288	4096	0.09
9ee816fddda7934ad12f2afa05ab8aff	.rsrc	16384	5246976	4.11
9ee816fddda7934ad12f2afa05ab8aff	.reloc	5263360	4096	0.0
032da3c3ca5850223858796b809d8844	.text	4096	4096	1.44
032da3c3ca5850223858796b809d8844	.rdata	8192	4096	0.73
032da3c3ca5850223858796b809d8844	.data	12288	4096	0.09
032da3c3ca5850223858796b809d8844	.rsrc	16384	5246976	2.58
032da3c3ca5850223858796b809d8844	.reloc	5263360	4096	0.0
f15b5d9c133c1c7fc6cd280ef96afaae	.text	4096	4096	1.44
f15b5d9c133c1c7fc6cd280ef96afaae	.rdata	8192	4096	0.73
f15b5d9c133c1c7fc6cd280ef96afaae	.data	12288	4096	0.09
f15b5d9c133c1c7fc6cd280ef96afaae	.rsrc	16384	5246976	4.18
f15b5d9c133c1c7fc6cd280ef96afaae	.reloc	5263360	4096	0.0
bd0b7dc07465180268c8217800b1b010	.text	4096	161280	3.38
bd0b7dc07465180268c8217800b1b010	.rdata	167936	472576	7.51
bd0b7dc07465180268c8217800b1b010	.data	643072	512	1.06
bd0b7dc07465180268c8217800b1b010	.rsrc	647168	2048	2.15
bd0b7dc07465180268c8217800b1b010	.reloc	651264	6144	5.17
c05268350d5fc98c498505364662d259	.text	4096	4096	1.44
c05268350d5fc98c498505364662d259	.rdata	8192	4096	0.73
c05268350d5fc98c498505364662d259	.data	12288	4096	0.09
c05268350d5fc98c498505364662d259	.rsrc	16384	5246976	6.11
c05268350d5fc98c498505364662d259	.reloc	5263360	4096	0.0
25f945b53f6399d444a1277cf5c2a939	.text	4096	4096	1.44
25f945b53f6399d444a1277cf5c2a939	.rdata	8192	4096	0.73
25f945b53f6399d444a1277cf5c2a939	.data	12288	4096	0.09
25f945b53f6399d444a1277cf5c2a939	.rsrc	16384	5246976	6.05
25f945b53f6399d444a1277cf5c2a939	.reloc	5263360	4096	0.0
e1cd89eb68cbd53e6dca5dd8970ce49a	.text	4096	4096	1.44
e1cd89eb68cbd53e6dca5dd8970ce49a	.rdata	8192	4096	0.73
e1cd89eb68cbd53e6dca5dd8970ce49a	.data	12288	4096	0.09
e1cd89eb68cbd53e6dca5dd8970ce49a	.rsrc	16384	5246976	4.85
e1cd89eb68cbd53e6dca5dd8970ce49a	.reloc	5263360	4096	0.0
221825230a51d857fb9ee63ca1aa6fe1	.text	4096	4096	1.44
221825230a51d857fb9ee63ca1aa6fe1	.rdata	8192	4096	0.73
221825230a51d857fb9ee63ca1aa6fe1	.data	12288	4096	0.09
221825230a51d857fb9ee63ca1aa6fe1	.rsrc	16384	5246976	5.69
221825230a51d857fb9ee63ca1aa6fe1	.reloc	5263360	4096	0.0
5713ee6f93fa175290374fabebfe1536	.text	4096	4096	1.44
5713ee6f93fa175290374fabebfe1536	.rdata	8192	4096	0.73
5713ee6f93fa175290374fabebfe1536	.data	12288	4096	0.09
5713ee6f93fa175290374fabebfe1536	.rsrc	16384	5246976	6.03
5713ee6f93fa175290374fabebfe1536	.reloc	5263360	4096	0.0
602d0a22ec2e8bc6e2676927c1eec23d	.text	4096	4096	1.44
602d0a22ec2e8bc6e2676927c1eec23d	.rdata	8192	4096	0.73
602d0a22ec2e8bc6e2676927c1eec23d	.data	12288	4096	0.09
602d0a22ec2e8bc6e2676927c1eec23d	.rsrc	16384	5246976	6.44
602d0a22ec2e8bc6e2676927c1eec23d	.reloc	5263360	4096	0.0
b55ff6a7390ced97315c293e20bbf6bd	.text	4096	4096	1.44
b55ff6a7390ced97315c293e20bbf6bd	.rdata	8192	4096	0.73
b55ff6a7390ced97315c293e20bbf6bd	.data	12288	4096	0.09
b55ff6a7390ced97315c293e20bbf6bd	.rsrc	16384	5246976	6.33
b55ff6a7390ced97315c293e20bbf6bd	.reloc	5263360	4096	0.0
d16395c3952615e4d93fe0e5fecc25b6	.text	4096	4096	1.44
d16395c3952615e4d93fe0e5fecc25b6	.rdata	8192	4096	0.73
d16395c3952615e4d93fe0e5fecc25b6	.data	12288	4096	0.09
d16395c3952615e4d93fe0e5fecc25b6	.rsrc	16384	5246976	2.9
d16395c3952615e4d93fe0e5fecc25b6	.reloc	5263360	4096	0.0
34d5a0973172485c2c4f20983ba7a0a4	.text	4096	4096	1.44
34d5a0973172485c2c4f20983ba7a0a4	.rdata	8192	4096	0.73
34d5a0973172485c2c4f20983ba7a0a4	.data	12288	4096	0.09
34d5a0973172485c2c4f20983ba7a0a4	.rsrc	16384	5246976	6.19
34d5a0973172485c2c4f20983ba7a0a4	.reloc	5263360	4096	0.0
a92a07af520607d0b300c113b370b623	.text	4096	161280	3.38
a92a07af520607d0b300c113b370b623	.rdata	167936	472576	7.51
a92a07af520607d0b300c113b370b623	.data	643072	512	1.07
a92a07af520607d0b300c113b370b623	.rsrc	647168	2048	2.15
a92a07af520607d0b300c113b370b623	.reloc	651264	6144	5.18
af0c42264c65b393f3d39dd5f1a21893	.text	4096	4096	1.44
af0c42264c65b393f3d39dd5f1a21893	.rdata	8192	4096	0.73
af0c42264c65b393f3d39dd5f1a21893	.data	12288	4096	0.09
af0c42264c65b393f3d39dd5f1a21893	.rsrc	16384	5246976	6.07
af0c42264c65b393f3d39dd5f1a21893	.reloc	5263360	4096	0.0
da1d8d3288090eb3589d832bf687b804	.text	4096	4096	1.44
da1d8d3288090eb3589d832bf687b804	.rdata	8192	4096	0.73
da1d8d3288090eb3589d832bf687b804	.data	12288	4096	0.09
da1d8d3288090eb3589d832bf687b804	.rsrc	16384	5246976	6.46
da1d8d3288090eb3589d832bf687b804	.reloc	5263360	4096	0.0
0807856354c3ca7090284fcfa1f852fb	.text	4096	4096	1.44
0807856354c3ca7090284fcfa1f852fb	.rdata	8192	4096	0.73
0807856354c3ca7090284fcfa1f852fb	.data	12288	4096	0.09
0807856354c3ca7090284fcfa1f852fb	.rsrc	16384	5246976	3.48
0807856354c3ca7090284fcfa1f852fb	.reloc	5263360	4096	0.0
44d8c8d189d1366d3d6fbaefec1512a8	.text	4096	4096	1.44
44d8c8d189d1366d3d6fbaefec1512a8	.rdata	8192	4096	0.73
44d8c8d189d1366d3d6fbaefec1512a8	.data	12288	4096	0.09
44d8c8d189d1366d3d6fbaefec1512a8	.rsrc	16384	5246976	4.04
44d8c8d189d1366d3d6fbaefec1512a8	.reloc	5263360	4096	0.0
3b61c2df8f9d9b272f538f5ca6696500	.text	4096	4096	1.44
3b61c2df8f9d9b272f538f5ca6696500	.rdata	8192	4096	0.73
3b61c2df8f9d9b272f538f5ca6696500	.data	12288	4096	0.09
3b61c2df8f9d9b272f538f5ca6696500	.rsrc	16384	5246976	5.17
3b61c2df8f9d9b272f538f5ca6696500	.reloc	5263360	4096	0.0
e512b6ff2e853d8baedb55a6523370ec	.text	4096	4096	1.44
e512b6ff2e853d8baedb55a6523370ec	.rdata	8192	4096	0.73
e512b6ff2e853d8baedb55a6523370ec	.data	12288	4096	0.09
e512b6ff2e853d8baedb55a6523370ec	.rsrc	16384	5246976	6.31
e512b6ff2e853d8baedb55a6523370ec	.reloc	5263360	4096	0.0
0c4a0d56a0f38c39a15629cdc79adabc	.text	4096	4096	1.44
0c4a0d56a0f38c39a15629cdc79adabc	.rdata	8192	4096	0.73
0c4a0d56a0f38c39a15629cdc79adabc	.data	12288	4096	0.09
0c4a0d56a0f38c39a15629cdc79adabc	.rsrc	16384	5246976	5.65
0c4a0d56a0f38c39a15629cdc79adabc	.reloc	5263360	4096	0.0
b5db4212e21e18f163c426b97df4cf0b	.text	4096	4096	1.44
b5db4212e21e18f163c426b97df4cf0b	.rdata	8192	4096	0.73
b5db4212e21e18f163c426b97df4cf0b	.data	12288	4096	0.09
b5db4212e21e18f163c426b97df4cf0b	.rsrc	16384	5246976	2.13
b5db4212e21e18f163c426b97df4cf0b	.reloc	5263360	4096	0.0
c778460dd3624da0c88eb759eff0a277	.text	4096	289792	7.74
c778460dd3624da0c88eb759eff0a277	.rdata	294912	159744	6.38
c778460dd3624da0c88eb759eff0a277	.data	454656	446976	7.74
c778460dd3624da0c88eb759eff0a277	.rsrc	909312	512	7.61
c778460dd3624da0c88eb759eff0a277	.reloc	913408	11776	7.98
b8788523d4ab98b33b6adb0f36a4ffac	.text	4096	289792	7.74
b8788523d4ab98b33b6adb0f36a4ffac	.rdata	294912	159744	6.38
b8788523d4ab98b33b6adb0f36a4ffac	.data	454656	446976	7.23
b8788523d4ab98b33b6adb0f36a4ffac	.rsrc	909312	512	7.66
b8788523d4ab98b33b6adb0f36a4ffac	.reloc	913408	11776	7.98
d3ef2a2925a6dc66735ac5e6aa39f649	.text	4096	4096	1.44
d3ef2a2925a6dc66735ac5e6aa39f649	.rdata	8192	4096	0.73
d3ef2a2925a6dc66735ac5e6aa39f649	.data	12288	4096	0.09
d3ef2a2925a6dc66735ac5e6aa39f649	.rsrc	16384	5246976	4.12
d3ef2a2925a6dc66735ac5e6aa39f649	.reloc	5263360	4096	0.0
ef64ea1651ee4c087cedd43af08358e8	.text	4096	4096	1.44
ef64ea1651ee4c087cedd43af08358e8	.rdata	8192	4096	0.73
ef64ea1651ee4c087cedd43af08358e8	.data	12288	4096	0.09
ef64ea1651ee4c087cedd43af08358e8	.rsrc	16384	5246976	5.89
ef64ea1651ee4c087cedd43af08358e8	.reloc	5263360	4096	0.0
1287b4b32bec1e889276e98e3def776e	.text	4096	4096	1.44
1287b4b32bec1e889276e98e3def776e	.rdata	8192	4096	0.73
1287b4b32bec1e889276e98e3def776e	.data	12288	4096	0.09
1287b4b32bec1e889276e98e3def776e	.rsrc	16384	5246976	5.58
1287b4b32bec1e889276e98e3def776e	.reloc	5263360	4096	0.0
368ab4b33d432845dad73ec3254b4f09	.text	4096	4096	1.44
368ab4b33d432845dad73ec3254b4f09	.rdata	8192	4096	0.73
368ab4b33d432845dad73ec3254b4f09	.data	12288	4096	0.09
368ab4b33d432845dad73ec3254b4f09	.rsrc	16384	5246976	4.61
368ab4b33d432845dad73ec3254b4f09	.reloc	5263360	4096	0.0
2f802779b916a9eca1d6f47e3de80d2c	.text	4096	4096	1.44
2f802779b916a9eca1d6f47e3de80d2c	.rdata	8192	4096	0.73
2f802779b916a9eca1d6f47e3de80d2c	.data	12288	4096	0.09
2f802779b916a9eca1d6f47e3de80d2c	.rsrc	16384	5246976	5.99
2f802779b916a9eca1d6f47e3de80d2c	.reloc	5263360	4096	0.0
f128f40ab28afd91c02b45a3ab4153b1	.text	4096	4096	1.44
f128f40ab28afd91c02b45a3ab4153b1	.rdata	8192	4096	0.73
f128f40ab28afd91c02b45a3ab4153b1	.data	12288	4096	0.09
f128f40ab28afd91c02b45a3ab4153b1	.rsrc	16384	5246976	4.1
f128f40ab28afd91c02b45a3ab4153b1	.reloc	5263360	4096	0.0
399b04575c36235162d7908cbbcf6bcd	.text	4096	4096	1.44
399b04575c36235162d7908cbbcf6bcd	.rdata	8192	4096	0.73
399b04575c36235162d7908cbbcf6bcd	.data	12288	4096	0.09
399b04575c36235162d7908cbbcf6bcd	.rsrc	16384	5246976	5.7
399b04575c36235162d7908cbbcf6bcd	.reloc	5263360	4096	0.0
055c4477304d17bad79b4f114a6ce1ce	.text	4096	4096	1.44
055c4477304d17bad79b4f114a6ce1ce	.rdata	8192	4096	0.73
055c4477304d17bad79b4f114a6ce1ce	.data	12288	4096	0.09
055c4477304d17bad79b4f114a6ce1ce	.rsrc	16384	5246976	6.37
055c4477304d17bad79b4f114a6ce1ce	.reloc	5263360	4096	0.0
6df8a60c045b8956f68f1c2e75260279	.text	4096	4096	1.44
6df8a60c045b8956f68f1c2e75260279	.rdata	8192	4096	0.73
6df8a60c045b8956f68f1c2e75260279	.data	12288	4096	0.09
6df8a60c045b8956f68f1c2e75260279	.rsrc	16384	5246976	1.94
6df8a60c045b8956f68f1c2e75260279	.reloc	5263360	4096	0.0
b5b5ba046a0a7464f6a1571458ac0494	.text	4096	4096	1.44
b5b5ba046a0a7464f6a1571458ac0494	.rdata	8192	4096	0.73
b5b5ba046a0a7464f6a1571458ac0494	.data	12288	4096	0.09
b5b5ba046a0a7464f6a1571458ac0494	.rsrc	16384	5246976	3.65
b5b5ba046a0a7464f6a1571458ac0494	.reloc	5263360	4096	0.0
3d4d963eb29da760050e5361bced0869	.text	4096	4096	1.44
3d4d963eb29da760050e5361bced0869	.rdata	8192	4096	0.73
3d4d963eb29da760050e5361bced0869	.data	12288	4096	0.09
3d4d963eb29da760050e5361bced0869	.rsrc	16384	5246976	5.28
3d4d963eb29da760050e5361bced0869	.reloc	5263360	4096	0.0
cd98f5d9ef3efccdaada70a41570c682	.text	4096	4096	1.44
cd98f5d9ef3efccdaada70a41570c682	.rdata	8192	4096	0.73
cd98f5d9ef3efccdaada70a41570c682	.data	12288	4096	0.09
cd98f5d9ef3efccdaada70a41570c682	.rsrc	16384	5246976	3.48
cd98f5d9ef3efccdaada70a41570c682	.reloc	5263360	4096	0.0
0fbde0d034dca19b5231b826c2a5b45f	.text	4096	4096	1.44
0fbde0d034dca19b5231b826c2a5b45f	.rdata	8192	4096	0.73
0fbde0d034dca19b5231b826c2a5b45f	.data	12288	4096	0.09
0fbde0d034dca19b5231b826c2a5b45f	.rsrc	16384	5246976	4.28
0fbde0d034dca19b5231b826c2a5b45f	.reloc	5263360	4096	0.0
2417d45cf82c82fecdb2a27aa4f02261	.text	4096	4096	1.44
2417d45cf82c82fecdb2a27aa4f02261	.rdata	8192	4096	0.73
2417d45cf82c82fecdb2a27aa4f02261	.data	12288	4096	0.09
2417d45cf82c82fecdb2a27aa4f02261	.rsrc	16384	5246976	6.46
2417d45cf82c82fecdb2a27aa4f02261	.reloc	5263360	4096	0.0
30c2a982eb99808711d7d77049b28932	.text	4096	4096	1.44
30c2a982eb99808711d7d77049b28932	.rdata	8192	4096	0.73
30c2a982eb99808711d7d77049b28932	.data	12288	4096	0.09
30c2a982eb99808711d7d77049b28932	.rsrc	16384	5246976	5.26
30c2a982eb99808711d7d77049b28932	.reloc	5263360	4096	0.0
20af162430253430daf2f2e1d4c34606	.text	4096	4096	1.44
20af162430253430daf2f2e1d4c34606	.rdata	8192	4096	0.73
20af162430253430daf2f2e1d4c34606	.data	12288	4096	0.09
20af162430253430daf2f2e1d4c34606	.rsrc	16384	5246976	5.02
20af162430253430daf2f2e1d4c34606	.reloc	5263360	4096	0.0
bebab977769251e3d4c462cc5225a045	.text	4096	4096	1.44
bebab977769251e3d4c462cc5225a045	.rdata	8192	4096	0.73
bebab977769251e3d4c462cc5225a045	.data	12288	4096	0.09
bebab977769251e3d4c462cc5225a045	.rsrc	16384	5246976	4.11
bebab977769251e3d4c462cc5225a045	.reloc	5263360	4096	0.0
b7967191534c4882fc1c841aba795c9a	.text	4096	4096	1.44
b7967191534c4882fc1c841aba795c9a	.rdata	8192	4096	0.73
b7967191534c4882fc1c841aba795c9a	.data	12288	4096	0.09
b7967191534c4882fc1c841aba795c9a	.rsrc	16384	5246976	5.85
b7967191534c4882fc1c841aba795c9a	.reloc	5263360	4096	0.0
051c607cb68414a3900bd64dc589f1a5	.text	4096	4096	1.44
051c607cb68414a3900bd64dc589f1a5	.rdata	8192	4096	0.73
051c607cb68414a3900bd64dc589f1a5	.data	12288	4096	0.09
051c607cb68414a3900bd64dc589f1a5	.rsrc	16384	5246976	3.68
051c607cb68414a3900bd64dc589f1a5	.reloc	5263360	4096	0.0
01ee9fed8c7ff0144d6418fb7641aa31	.text	4096	4096	1.44
01ee9fed8c7ff0144d6418fb7641aa31	.rdata	8192	4096	0.73
01ee9fed8c7ff0144d6418fb7641aa31	.data	12288	4096	0.09
01ee9fed8c7ff0144d6418fb7641aa31	.rsrc	16384	5246976	2.01
01ee9fed8c7ff0144d6418fb7641aa31	.reloc	5263360	4096	0.0
12d850a38021ec63ef501446a40878c8	.text	4096	4096	1.44
12d850a38021ec63ef501446a40878c8	.rdata	8192	4096	0.73
12d850a38021ec63ef501446a40878c8	.data	12288	4096	0.09
12d850a38021ec63ef501446a40878c8	.rsrc	16384	5246976	5.43
12d850a38021ec63ef501446a40878c8	.reloc	5263360	4096	0.0
793f420e27a534087703a39f84f672e1	.text	4096	4096	1.44
793f420e27a534087703a39f84f672e1	.rdata	8192	4096	0.73
793f420e27a534087703a39f84f672e1	.data	12288	4096	0.09
793f420e27a534087703a39f84f672e1	.rsrc	16384	5246976	3.84
793f420e27a534087703a39f84f672e1	.reloc	5263360	4096	0.0
69277966c500661a85c5761c66ddbd59	.text	4096	4096	1.44
69277966c500661a85c5761c66ddbd59	.rdata	8192	4096	0.73
69277966c500661a85c5761c66ddbd59	.data	12288	4096	0.09
69277966c500661a85c5761c66ddbd59	.rsrc	16384	5246976	4.57
69277966c500661a85c5761c66ddbd59	.reloc	5263360	4096	0.0
0e1ce77c9caeae42f3a2f081dbafbbc7	.text	4096	4096	1.44
0e1ce77c9caeae42f3a2f081dbafbbc7	.rdata	8192	4096	0.73
0e1ce77c9caeae42f3a2f081dbafbbc7	.data	12288	4096	0.09
0e1ce77c9caeae42f3a2f081dbafbbc7	.rsrc	16384	5246976	3.1
0e1ce77c9caeae42f3a2f081dbafbbc7	.reloc	5263360	4096	0.0
8846e922b79f07daeb73f82f132ac50a	.text	4096	4096	1.44
8846e922b79f07daeb73f82f132ac50a	.rdata	8192	4096	0.73
8846e922b79f07daeb73f82f132ac50a	.data	12288	4096	0.09
8846e922b79f07daeb73f82f132ac50a	.rsrc	16384	5246976	2.59
8846e922b79f07daeb73f82f132ac50a	.reloc	5263360	4096	0.0
c8c4a8222006994b4d0d5adfb9dece7a	.text	4096	4096	1.44
c8c4a8222006994b4d0d5adfb9dece7a	.rdata	8192	4096	0.73
c8c4a8222006994b4d0d5adfb9dece7a	.data	12288	4096	0.09
c8c4a8222006994b4d0d5adfb9dece7a	.rsrc	16384	5246976	4.99
c8c4a8222006994b4d0d5adfb9dece7a	.reloc	5263360	4096	0.0
68d4c4e0abdb9b36dbe7e71f0101220a	.text	4096	4096	1.44
68d4c4e0abdb9b36dbe7e71f0101220a	.rdata	8192	4096	0.73
68d4c4e0abdb9b36dbe7e71f0101220a	.data	12288	4096	0.09
68d4c4e0abdb9b36dbe7e71f0101220a	.rsrc	16384	5246976	1.23
68d4c4e0abdb9b36dbe7e71f0101220a	.reloc	5263360	4096	0.0
