scan_id	total	number_of_pos	md5
00f8663259fcd9c43bbe929ee300ce4a7278646380da16e6a16ed8bfa348a68b-1605779021	71	63	ccc5b602d11eca38537c62277c8c1e2d
0911b88b693f7dfc40eb31971635a172f6d0c88a1536f7fac5ae2af4d6eb2af5-1605778373	71	53	faeac9a9389c589c15bf3ec13f5b0761
09960613d58e420e5a5d03e24d7959f29fcb71ac392ca903ecdee27d6ebebfb8-1605778403	72	54	1bfbf6afd739632c58a3fcc3ac73e7b4
13e299ac51bfd79ae4f2131530fbc2165728787d989b8d5671815c65467ab59d-1605773279	72	60	179ae4ec79c4affb21b54674e2e641f8
19686ec3838284a162fdd119b9b7d185c3d3eb5ac3c0c8db20fca607be2ad5b1-1605772331	71	60	ac523495303814bdf07f7f8e4b133ba5
20daa8a44dce9ec74f78d2e6a8a816c08c8f0424d2b097c706ad4fcf81d60a3d-1605775343	72	60	e57b0f45572c162cd5583519f5ec1019
24d5d9929dfd389114fa7a907ec33fa60bd06c0eadeefd88a2d0b5a8e4645d7e-1605778861	72	56	115285076ccb6dd8960cd27e41e72f2d
2ce2a1b0e8ce08f999044b4b93baaebdd0ea62492ed61cdc8a0b3db5ed7c036d-1605778787	66	48	c264d635d05008f726fa8cb8611663d7
32187a1868df4784822e291432d979064c6fdf0b4468f0a36a472e36c735b28b-1605776937	70	60	a26d9c59ecef741d882d84ac9097297f
373ef88ed3cf580061396e2ad4291beaad8d35ede286457239649c711268a89f-1605778209	71	52	e6519b556516937a157af204cee80006
3a8d6759325fd41280bfa1d747f8b1f18b015387ca9fa7c6eb72ff441b35107c-1605772746	72	59	1802d2cf0d86593be5b61808bf5b3d0b
3bb37adc43907e4ff69be3754fcf52eaa114be2246fd926b0a63bc39edf9c86a-1605776822	72	59	e6dea619e927cb5ad1837dbac364ae93
3bc239d77f7591cf936d8b92d20f140e664c115914e16a1137d399327dbd537b-1605779175	71	59	c44c922eb9a832b9f0e6add68dc4c7d3
3ec2c347c0c5b21499bce30cb5b410c3056503d9b775310bf13156a62e8e491e-1605772331	71	60	c81b5a29d59bb0212c13eaf82889e103
3fbba0639749ad10ef478e01fc4cc6e3029cc9d125d8cdb1f7498ee8070fc152-1605778465	71	50	7152f895012d0db20dda321d5ce2a098
49a9e98666f8131e54a9175f6b4cf347cbd3506666c7a86ef15cd5edc0fbd29a-1605776935	71	61	2840a08d787adc4a16a0244b59cb3100
4d5f6b2997bb78f622ee63fcdeb5aa56dca9578a2c4f413b9e442fad128f2e12-1605776936	68	58	758ec5dfe1c29cb1a65f7b7dfdfa60da
5a1421f0d364e0258b8e72a4716a15d9513b90d54a55889b16d1dbd495395b1e-1605778410	71	51	565dbea2dfa36cff3743e29ee64a2bb4
662b4836ec2eea8fd6f815300c853f240633591c7fb50dd0d316d26952afb6f8-1605776819	72	58	774ce6800177cf768da73679f691eb6a
672e6c6d1cb7ade96fe5ebc35f6b7efa70259f34714edc3ffbbae3f6c276544d-1605775854	71	54	148ad7aa5afbbb461637c383f7b14f61
70130d290a4c1918c755183ffc017b903e09fc1662e0a5493d017c83bf290ad1-1605778454	67	47	6d81fae2bbe84998bd1b8e62bf00351f
78762062f697ae8e62c202a2f683eda720c1271e5fe6a832243c53f97905c084-1605776829	68	51	41e746088281ed8d35d5d4e9278691ef
791ac1c2c7207d846769be7e6bc70c334353d94f5d774edab6cdba91da7dc5c3-1605776821	71	57	3721ee013adda0ab29341fbee3204011
7b49e7d6e197083093fda8937004d0c2da7868fa1c046570b7961450cedf0e29-1605775214	72	61	4951f1e53f01b309849db7e99fec3632
7b739c3fd11ea55160fd42233cc89af2ef7df0e6ac303ea05244edb68df92ddb-1605776778	72	55	5962d2245468b2e15148fd90b177d083
7cf7b32faf96e8e5f9d0f7a516ce2d6c1559e75edbff51c37632ce784b8b3402-1605778486	71	51	291409109d479d9c570be5e33cf3ab48
8094890e8662fd3fbce16216cc89884550d00d39ee84874a2a433390b5eecf59-1605777918	72	62	c9a6378df08a4b8c4246620c75091aab
80ac896fd8a5393c615641afd0e86d4cda7cbd5affcc2444b52c4bbc357e25f3-1605776327	72	56	663d9f4f8556af2e80248a0974f83c75
8455e5f6df9ce68143c305abc5f7ef345e0329a597129976aaa07b694a1178d5-1605776990	71	55	746213ed51aec2a5907915d3f536878e
8490cc106701d522c1d03280322fc3687928d026a711e38248669b44e08b62ae-1605778406	71	50	5d25fe0b7a745dd4e1cf92a0f2c79045
88436dfa544ca69b73f02fad987abc100158858db807b687acce7d570c785334-1605775212	72	62	1f423b7ff63950937532d313482ad8d3
8b62770d7db4040ab14012939d67590e4f700f50556c3b890f59ada91aef7d39-1605778263	69	58	c38efb8c26057fd530b6387c849a4ff4
8d774b4cf4ff2e92fbc7718c8f3a80722a1b5ff61c229db4babf0415d9e448c8-1605777319	72	56	2970fd0e20b0daef86b6498de86459f6
8da8c3b6ae0b9e128026dbedd5e178e3d630274c08fa685201ec90dda866afeb-1605778448	72	52	55009297c910e0604775d05435314e4d
8e4870ef72994ebfc1227bb63c50665f44cebed2993c5285c6cbfb267f0e1823-1605777022	72	62	c2730226a62a2f33e217a6c896906954
9a39addc6f81905c999883e5fde854910c3d0d312147b91005068278bb0661e0-1605779125	72	62	c49902192d72975666720ea8cc85266a
9d595c2ead68c9535df9f5e973fb58ca4e4da28422bfd24e8a8d3efb07a3fd81-1605778262	68	55	23e0f03b6a6ec0e3e50cf3718dc550e0
a8c1b5554ded9c054ab6dbfe7bcad529abfe0502133ddada008bdbe434849484-1605778493	72	53	57e8ef3df2e0abe6d7ff36dfd3d37afe
adf33e64b906544ac0c414c0e74332125b6b6452569b4290aef718e68ef59f82-1605776126	72	56	72dbda0303afd4bd09918a4327e575a6
b5a89678f2506ba5b8e496a58e6f1ffa3411c05d2ff9784b21649fa435082d5d-1605778549	62	47	266233862094320aed4439544f086eff
b5cdd87f30edc26d9733dcdb05bab67859e25e06322a0eeee1d34c0d16a66940-1605775344	72	60	1160b9e96d8968ead6d906ff4663a6c9
c3d132836625da1c251426b9e0263e83dbc9d4e9ca245494c426da449ee9a2b5-1605775345	72	60	ada9e60839697795b795670fba4d0616
c3d31a74c899219d210de8c66335fc5b5fe4b576e757377732abd2b2b62c392a-1605775211	72	61	5ac4df555b11e536ed625d374418a823
c7746e57578c8d48fa1b90abbd247b1e16954b496cd63963230240e4571f3068-1605779117	72	62	ca3e8986dd0d0139f664513ea6bc923c
cfb499b6fc912a70618478cda6b473ad969445f705145d795cd47565fd841d5e-1605776398	71	53	36211e683c77142cdbeb34bae233c1c5
d2dda2d6d7888a8d1d9f279dde1bc361ff7d8ca96f6966769c67690631a58852-1605778379	71	51	e6a735fef823f196d835fe7211da5588
da2c595ad6b8d0637f1f3991495a202d645bed4934058f8d796c41dcf28f1fd7-1605776827	69	62	d5ab5d9e7a392fd139b8acb94e23a831
db34dd047d29243486398fa222c6ff2e146337e55793e8c8e0057656e81ed85c-1605778463	70	49	e43c62ed8d074e1b9d3525cff4c35891
dbd3adbbe9d85476a90cb1d0dd2f1668daf4850531d8678e295a91ac55db0447-1605778780	71	50	be2db841c4f5a17a51645e55fce7ce43
e978dd2ba2e5e5cf3651bdf28b42da9276cf18d3e8d445b1de01fdc6df1a468a-1605778467	70	52	96bc3884cad09da69c8f051071981d6b
efd61a529bbe7f0ec9de2b00502071e6765db30e9f1af96ad78749568de505d8-1605778377	72	50	0d06c1aa64b12124e766ec0f551c9969
f8d2f6ef72fc01ee81014b446edd81654d9e7efbac5437f0210a7cf36dc9f829-1605778262	71	58	820703ce94238ecca31fff0481a835a3
