md5	sha1	sha256	vt_first_seen	mime_type	file_type	pe_file	file_type_extension
b22689235813ae703b5bd8b880e8f35d	6e50ca488d20f1914bd043126e3ec218969a296d	1292062afb2b08d2786d53e1ae3edfb8ef46bc03fbadd115ee399b087991782b	2020-05-06 12:46:40	application/octet-stream	Win32 DLL	PE32	dll
17243fc984cc18f6bfc96752869722fe	cb603f094c226fb668a93dd6eaef4dbcda9a0a92	7a8f03f878be1a9edf1fd5c0d4bef4808be8434410030c2e8f2e9257553cc728	2020-05-06 13:25:28	application/octet-stream	Win32 DLL	PE32	dll
978ef80ed890d0c362f6149afab6bb5e	1c4febc19257dde5f485f20cdb3f5f99e5031d46	e9d0d355fb27759d00686f79b729f9a88523d1e870ab289c35adfbc0042d6b5a	2020-05-06 13:17:30	application/octet-stream	Win32 DLL	PE32	dll
7c7262d9e49a40a52d0040942810456c	11f1d0fc532dd8ac926e4ecbae734a484bccb54c	fb2ddd079c9ea48c32edc702707a2e117e076a09196deec14f3eb9bb7492d619	2018-01-15 03:24:03	application/octet-stream	Win32 DLL	PE32	dll
