md5	export_names
b22689235813ae703b5bd8b880e8f35d	GRN
b22689235813ae703b5bd8b880e8f35d	WFE
b22689235813ae703b5bd8b880e8f35d	cA
17243fc984cc18f6bfc96752869722fe	PlayGame
978ef80ed890d0c362f6149afab6bb5e	??0AdbEndpointObject@@QAE@ABV0@@Z
978ef80ed890d0c362f6149afab6bb5e	??0AdbEndpointObject@@QAE@PAVAdbInterfaceObject@@EE@Z
978ef80ed890d0c362f6149afab6bb5e	??0AdbIOCompletion@@QAE@ABV0@@Z
978ef80ed890d0c362f6149afab6bb5e	??0AdbIOCompletion@@QAE@PAVAdbEndpointObject@@KPAX@Z
978ef80ed890d0c362f6149afab6bb5e	??0AdbInterfaceObject@@QAE@ABV0@@Z
978ef80ed890d0c362f6149afab6bb5e	??0AdbInterfaceObject@@QAE@PBG@Z
978ef80ed890d0c362f6149afab6bb5e	??0AdbObjectHandle@@QAE@ABV0@@Z
978ef80ed890d0c362f6149afab6bb5e	??0AdbObjectHandle@@QAE@W4AdbObjectType@@@Z
978ef80ed890d0c362f6149afab6bb5e	??1AdbEndpointObject@@MAE@XZ
978ef80ed890d0c362f6149afab6bb5e	??1AdbIOCompletion@@MAE@XZ
978ef80ed890d0c362f6149afab6bb5e	??1AdbInterfaceObject@@MAE@XZ
978ef80ed890d0c362f6149afab6bb5e	??1AdbObjectHandle@@MAE@XZ
978ef80ed890d0c362f6149afab6bb5e	??4AdbEndpointObject@@QAEAAV0@ABV0@@Z
978ef80ed890d0c362f6149afab6bb5e	??4AdbIOCompletion@@QAEAAV0@ABV0@@Z
978ef80ed890d0c362f6149afab6bb5e	??4AdbInterfaceObject@@QAEAAV0@ABV0@@Z
978ef80ed890d0c362f6149afab6bb5e	??4AdbObjectHandle@@QAEAAV0@ABV0@@Z
978ef80ed890d0c362f6149afab6bb5e	??_7AdbEndpointObject@@6B@
978ef80ed890d0c362f6149afab6bb5e	??_7AdbIOCompletion@@6B@
978ef80ed890d0c362f6149afab6bb5e	??_7AdbInterfaceObject@@6B@
978ef80ed890d0c362f6149afab6bb5e	??_7AdbObjectHandle@@6B@
978ef80ed890d0c362f6149afab6bb5e	?AddRef@AdbObjectHandle@@UAEJXZ
978ef80ed890d0c362f6149afab6bb5e	?AsyncRead@AdbEndpointObject@@UAEPAXPAXKPAK0K@Z
978ef80ed890d0c362f6149afab6bb5e	?AsyncWrite@AdbEndpointObject@@UAEPAXPAXKPAK0K@Z
978ef80ed890d0c362f6149afab6bb5e	?CloseHandle@AdbObjectHandle@@UAE_NXZ
978ef80ed890d0c362f6149afab6bb5e	?CreateHandle@AdbObjectHandle@@UAEPAXXZ
978ef80ed890d0c362f6149afab6bb5e	?GetEndpointInformation@AdbEndpointObject@@UAE_NPAU_AdbEndpointInformation@@@Z
978ef80ed890d0c362f6149afab6bb5e	?GetInterfaceName@AdbInterfaceObject@@UAE_NPAXPAK_N@Z
978ef80ed890d0c362f6149afab6bb5e	?GetParentInterfaceHandle@AdbEndpointObject@@QBEPAXXZ
978ef80ed890d0c362f6149afab6bb5e	?GetParentObjectHandle@AdbIOCompletion@@QBEPAXXZ
978ef80ed890d0c362f6149afab6bb5e	?GetUsbConfigurationDescriptor@AdbInterfaceObject@@UAE_NPAU_USB_CONFIGURATION_DESCRIPTOR@@@Z
978ef80ed890d0c362f6149afab6bb5e	?GetUsbDeviceDescriptor@AdbInterfaceObject@@UAE_NPAU_USB_DEVICE_DESCRIPTOR@@@Z
978ef80ed890d0c362f6149afab6bb5e	?GetUsbInterfaceDescriptor@AdbInterfaceObject@@UAE_NPAU_USB_INTERFACE_DESCRIPTOR@@@Z
978ef80ed890d0c362f6149afab6bb5e	?IsCompleted@AdbIOCompletion@@UAE_NXZ
978ef80ed890d0c362f6149afab6bb5e	?IsObjectOfType@AdbObjectHandle@@UBE_NW4AdbObjectType@@@Z
978ef80ed890d0c362f6149afab6bb5e	?IsOpened@AdbObjectHandle@@QBE_NXZ
978ef80ed890d0c362f6149afab6bb5e	?LastReferenceReleased@AdbObjectHandle@@MAEXXZ
978ef80ed890d0c362f6149afab6bb5e	?Lookup@AdbObjectHandle@@SGPAV1@PAX@Z
978ef80ed890d0c362f6149afab6bb5e	?Release@AdbObjectHandle@@UAEJXZ
978ef80ed890d0c362f6149afab6bb5e	?SyncRead@AdbEndpointObject@@UAE_NPAXKPAKK@Z
978ef80ed890d0c362f6149afab6bb5e	?SyncWrite@AdbEndpointObject@@UAE_NPAXKPAKK@Z
978ef80ed890d0c362f6149afab6bb5e	?Type@AdbEndpointObject@@SG?AW4AdbObjectType@@XZ
978ef80ed890d0c362f6149afab6bb5e	?Type@AdbIOCompletion@@SG?AW4AdbObjectType@@XZ
978ef80ed890d0c362f6149afab6bb5e	?Type@AdbInterfaceObject@@SG?AW4AdbObjectType@@XZ
978ef80ed890d0c362f6149afab6bb5e	?adb_handle@AdbObjectHandle@@QBEPAXXZ
978ef80ed890d0c362f6149afab6bb5e	?endpoint_id@AdbEndpointObject@@QBEEXZ
978ef80ed890d0c362f6149afab6bb5e	?endpoint_index@AdbEndpointObject@@QBEEXZ
978ef80ed890d0c362f6149afab6bb5e	?interface_name@AdbInterfaceObject@@QBEABV?$basic_string@GU?$char_traits@G@std@@V?$allocator@G@2@@std@@XZ
978ef80ed890d0c362f6149afab6bb5e	?object_type@AdbObjectHandle@@QBE?AW4AdbObjectType@@XZ
978ef80ed890d0c362f6149afab6bb5e	?overlapped@AdbIOCompletion@@QAEPAU_OVERLAPPED@@XZ
978ef80ed890d0c362f6149afab6bb5e	?parent_interface@AdbEndpointObject@@QBEPAVAdbInterfaceObject@@XZ
978ef80ed890d0c362f6149afab6bb5e	?parent_io_object@AdbIOCompletion@@QBEPAVAdbEndpointObject@@XZ
978ef80ed890d0c362f6149afab6bb5e	?usb_config_descriptor@AdbInterfaceObject@@QBEPBU_USB_CONFIGURATION_DESCRIPTOR@@XZ
978ef80ed890d0c362f6149afab6bb5e	?usb_device_descriptor@AdbInterfaceObject@@QBEPBU_USB_DEVICE_DESCRIPTOR@@XZ
978ef80ed890d0c362f6149afab6bb5e	?usb_interface_descriptor@AdbInterfaceObject@@QBEPBU_USB_INTERFACE_DESCRIPTOR@@XZ
978ef80ed890d0c362f6149afab6bb5e	AdbCloseHandle
978ef80ed890d0c362f6149afab6bb5e	AdbCreateInterface
978ef80ed890d0c362f6149afab6bb5e	AdbCreateInterfaceByName
978ef80ed890d0c362f6149afab6bb5e	AdbEnumInterfaces
978ef80ed890d0c362f6149afab6bb5e	AdbGetDefaultBulkReadEndpointInformation
978ef80ed890d0c362f6149afab6bb5e	AdbGetDefaultBulkWriteEndpointInformation
978ef80ed890d0c362f6149afab6bb5e	AdbGetEndpointInformation
978ef80ed890d0c362f6149afab6bb5e	AdbGetEndpointInterface
978ef80ed890d0c362f6149afab6bb5e	AdbGetInterfaceName
978ef80ed890d0c362f6149afab6bb5e	AdbGetOvelappedIoResult
978ef80ed890d0c362f6149afab6bb5e	AdbGetSerialNumber
978ef80ed890d0c362f6149afab6bb5e	AdbGetUsbConfigurationDescriptor
978ef80ed890d0c362f6149afab6bb5e	AdbGetUsbDeviceDescriptor
978ef80ed890d0c362f6149afab6bb5e	AdbGetUsbInterfaceDescriptor
978ef80ed890d0c362f6149afab6bb5e	AdbHasOvelappedIoComplated
978ef80ed890d0c362f6149afab6bb5e	AdbNextInterface
978ef80ed890d0c362f6149afab6bb5e	AdbOpenDefaultBulkReadEndpoint
978ef80ed890d0c362f6149afab6bb5e	AdbOpenDefaultBulkWriteEndpoint
978ef80ed890d0c362f6149afab6bb5e	AdbOpenEndpoint
978ef80ed890d0c362f6149afab6bb5e	AdbQueryInformationEndpoint
978ef80ed890d0c362f6149afab6bb5e	AdbReadEndpointAsync
978ef80ed890d0c362f6149afab6bb5e	AdbReadEndpointSync
978ef80ed890d0c362f6149afab6bb5e	AdbResetInterfaceEnum
978ef80ed890d0c362f6149afab6bb5e	AdbWriteEndpointAsync
978ef80ed890d0c362f6149afab6bb5e	AdbWriteEndpointSync
7c7262d9e49a40a52d0040942810456c	PlayGame
