md5	sha1	sha256	vt_first_seen	mime_type	file_type	pe_file	file_type_extension
ccc5b602d11eca38537c62277c8c1e2d	d6ec9c41a5468a3d802cd4534f2d86ef16170d21	00f8663259fcd9c43bbe929ee300ce4a7278646380da16e6a16ed8bfa348a68b	2020-11-15 13:22:04	application/octet-stream	Win32 EXE	PE32	exe
faeac9a9389c589c15bf3ec13f5b0761	65c9190ecde4e32423665a4883e1d678174ce58a	0911b88b693f7dfc40eb31971635a172f6d0c88a1536f7fac5ae2af4d6eb2af5	2020-11-19 09:32:53	application/octet-stream	Win32 EXE	PE32	exe
1bfbf6afd739632c58a3fcc3ac73e7b4	9467b4e2da14db190c8b930e46f4fb05dfd2d2c8	09960613d58e420e5a5d03e24d7959f29fcb71ac392ca903ecdee27d6ebebfb8	2020-11-19 09:33:23	application/octet-stream	Win32 EXE	PE32	exe
179ae4ec79c4affb21b54674e2e641f8	607b8a4195d6fdaa8d5dccf52edf81ec7012bb1e	13e299ac51bfd79ae4f2131530fbc2165728787d989b8d5671815c65467ab59d	2020-11-19 08:07:59	application/octet-stream	Win32 EXE	PE32	exe
ac523495303814bdf07f7f8e4b133ba5	ae452a323205175a9d1813344763d3a4fe9b41dc	19686ec3838284a162fdd119b9b7d185c3d3eb5ac3c0c8db20fca607be2ad5b1	2020-11-19 07:52:11	application/octet-stream	Win32 EXE	PE32	exe
e57b0f45572c162cd5583519f5ec1019	557a508f0b207f5c90271889c093b0032bae4d5a	20daa8a44dce9ec74f78d2e6a8a816c08c8f0424d2b097c706ad4fcf81d60a3d	2020-11-19 08:42:23	application/octet-stream	Win32 EXE	PE32	exe
115285076ccb6dd8960cd27e41e72f2d	317b48a0f82ef6fe1c25477660200af0203c9681	24d5d9929dfd389114fa7a907ec33fa60bd06c0eadeefd88a2d0b5a8e4645d7e	2020-11-19 09:41:01	application/octet-stream	Win32 EXE	PE32	exe
c264d635d05008f726fa8cb8611663d7	2c8c4c5775ec9a912947e291d2e99a9ab31534f2	2ce2a1b0e8ce08f999044b4b93baaebdd0ea62492ed61cdc8a0b3db5ed7c036d	2020-11-19 09:39:47	application/octet-stream	Win32 EXE	PE32	exe
a26d9c59ecef741d882d84ac9097297f	9ef90ce0b323f2f01d94cc2755d9e4a8ce5701d2	32187a1868df4784822e291432d979064c6fdf0b4468f0a36a472e36c735b28b	2020-11-19 09:08:57				
e6519b556516937a157af204cee80006	ffa06e145ef95822d080d0bb8e944a3c0380de9a	373ef88ed3cf580061396e2ad4291beaad8d35ede286457239649c711268a89f	2020-11-19 09:30:09	application/octet-stream	Win32 EXE	PE32	exe
1802d2cf0d86593be5b61808bf5b3d0b	d9a448a3b859a8501ac45f0146d9065b336251e1	3a8d6759325fd41280bfa1d747f8b1f18b015387ca9fa7c6eb72ff441b35107c	2020-11-19 07:59:06	application/octet-stream	Win32 EXE	PE32	exe
e6dea619e927cb5ad1837dbac364ae93	964f804a99329829ff7703a329aca5b2e2eb41f9	3bb37adc43907e4ff69be3754fcf52eaa114be2246fd926b0a63bc39edf9c86a	2020-11-19 09:07:02	application/octet-stream	Win32 EXE	PE32	exe
c44c922eb9a832b9f0e6add68dc4c7d3	c962cffb9c6b673eee0faae14f8b25983ff8b307	3bc239d77f7591cf936d8b92d20f140e664c115914e16a1137d399327dbd537b	2020-11-19 09:46:15	application/octet-stream	Win32 EXE	PE32	exe
c81b5a29d59bb0212c13eaf82889e103	0ef95372dd57d383969bfacbbdbf168a056a759d	3ec2c347c0c5b21499bce30cb5b410c3056503d9b775310bf13156a62e8e491e	2020-11-19 07:52:11	application/octet-stream	Win32 EXE	PE32	exe
7152f895012d0db20dda321d5ce2a098	e0c90361ba3b9c46e04ce919027bfdbc9c5e0ab8	3fbba0639749ad10ef478e01fc4cc6e3029cc9d125d8cdb1f7498ee8070fc152	2020-11-19 09:34:25	application/octet-stream	Win32 EXE	PE32	exe
2840a08d787adc4a16a0244b59cb3100	cdbc5c1584252fd8106ef30bd5abb594ad6e9e13	49a9e98666f8131e54a9175f6b4cf347cbd3506666c7a86ef15cd5edc0fbd29a	2020-11-19 09:08:55	application/octet-stream	Win32 EXE	PE32	exe
758ec5dfe1c29cb1a65f7b7dfdfa60da	f8144a8b2c825a427a95b0aba1670beed4ab2b0c	4d5f6b2997bb78f622ee63fcdeb5aa56dca9578a2c4f413b9e442fad128f2e12	2020-11-19 09:08:56	application/octet-stream	Win32 EXE	PE32	exe
565dbea2dfa36cff3743e29ee64a2bb4	ff598c6256e8674a9b0d8748305cf77580c58b3c	5a1421f0d364e0258b8e72a4716a15d9513b90d54a55889b16d1dbd495395b1e	2020-11-19 09:33:30	application/octet-stream	Win32 EXE	PE32	exe
774ce6800177cf768da73679f691eb6a	edd327016055a6df9ae92f62346daf9c7ff69ffd	662b4836ec2eea8fd6f815300c853f240633591c7fb50dd0d316d26952afb6f8	2020-11-19 09:06:59	application/octet-stream	Win32 EXE	PE32	exe
148ad7aa5afbbb461637c383f7b14f61	95511bc3726a4fa9b34dc3a7312fa9e6e12d6f44	672e6c6d1cb7ade96fe5ebc35f6b7efa70259f34714edc3ffbbae3f6c276544d	2020-11-19 08:50:54	application/octet-stream	Win32 EXE	PE32	exe
6d81fae2bbe84998bd1b8e62bf00351f	70ef5b6f8e39517f93b01b2f43a626bdf3af8e75	70130d290a4c1918c755183ffc017b903e09fc1662e0a5493d017c83bf290ad1	2020-11-19 09:34:14	application/octet-stream	Win32 EXE	PE32	exe
41e746088281ed8d35d5d4e9278691ef	9721195379188bff80bcb17e4353304102e0c50c	78762062f697ae8e62c202a2f683eda720c1271e5fe6a832243c53f97905c084	2020-11-19 09:07:09	application/octet-stream	Win32 EXE	PE32	exe
3721ee013adda0ab29341fbee3204011	d4c59d863258d22f9b39dd96189816dd3e8ed50f	791ac1c2c7207d846769be7e6bc70c334353d94f5d774edab6cdba91da7dc5c3	2020-11-19 09:07:01	application/octet-stream	Win32 EXE	PE32	exe
4951f1e53f01b309849db7e99fec3632	7a50fc54799abfa0c2aa26fe0de2a26b4f242a34	7b49e7d6e197083093fda8937004d0c2da7868fa1c046570b7961450cedf0e29	2020-11-19 08:40:14	application/octet-stream	Win32 EXE	PE32	exe
5962d2245468b2e15148fd90b177d083	be5c5416b9323b98f82874c6a43ef13ca763f2af	7b739c3fd11ea55160fd42233cc89af2ef7df0e6ac303ea05244edb68df92ddb	2020-11-19 09:06:18	application/octet-stream	Win32 EXE	PE32	exe
291409109d479d9c570be5e33cf3ab48	4fc95d3fd9d53313683b0b2830dcbe3b4cb76b1d	7cf7b32faf96e8e5f9d0f7a516ce2d6c1559e75edbff51c37632ce784b8b3402	2020-11-19 09:34:46	application/octet-stream	Win32 EXE	PE32	exe
c9a6378df08a4b8c4246620c75091aab	842fd9fddfd55995b27c1054460949cecc7798bf	8094890e8662fd3fbce16216cc89884550d00d39ee84874a2a433390b5eecf59	2020-11-19 09:25:18	application/octet-stream	Win32 EXE	PE32	exe
663d9f4f8556af2e80248a0974f83c75	83a73066a5d18ef21cd001d92bc2888695a5c8b6	80ac896fd8a5393c615641afd0e86d4cda7cbd5affcc2444b52c4bbc357e25f3	2020-11-19 08:58:47	application/octet-stream	Win32 EXE	PE32	exe
746213ed51aec2a5907915d3f536878e	7f2849d808097874303d141def4cced078d8ea51	8455e5f6df9ce68143c305abc5f7ef345e0329a597129976aaa07b694a1178d5	2020-11-19 09:09:50	application/octet-stream	Win32 EXE	PE32	exe
5d25fe0b7a745dd4e1cf92a0f2c79045	105d28080d7f0aebc05deaa270e43596c08db761	8490cc106701d522c1d03280322fc3687928d026a711e38248669b44e08b62ae	2020-11-19 09:33:26	application/octet-stream	Win32 EXE	PE32	exe
1f423b7ff63950937532d313482ad8d3	12812423a4e9ab3ac319172383d2c96dd68b9bd3	88436dfa544ca69b73f02fad987abc100158858db807b687acce7d570c785334	2020-11-19 08:40:12	application/octet-stream	Win32 EXE	PE32	exe
c38efb8c26057fd530b6387c849a4ff4	d48b5c58f09caab385ed495ef23d7ebd9802efd4	8b62770d7db4040ab14012939d67590e4f700f50556c3b890f59ada91aef7d39	2020-11-19 09:31:03	application/octet-stream	Win32 EXE	PE32	exe
2970fd0e20b0daef86b6498de86459f6	fa1177c38a99cdb9939982a8824a852fd8088846	8d774b4cf4ff2e92fbc7718c8f3a80722a1b5ff61c229db4babf0415d9e448c8	2020-11-19 09:15:19	application/octet-stream	Win32 EXE	PE32	exe
55009297c910e0604775d05435314e4d	ccbdf10e1bbc27459d38ffa0b0839e956aebb389	8da8c3b6ae0b9e128026dbedd5e178e3d630274c08fa685201ec90dda866afeb	2020-11-19 09:34:08	application/octet-stream	Win32 EXE	PE32	exe
c2730226a62a2f33e217a6c896906954	63fd2092e65543516fae589f47549921c5fa1a75	8e4870ef72994ebfc1227bb63c50665f44cebed2993c5285c6cbfb267f0e1823	2020-11-19 09:10:22	application/octet-stream	Win32 EXE	PE32	exe
c49902192d72975666720ea8cc85266a	d49294fd2807c5519da6be3db43af0de9916ae54	9a39addc6f81905c999883e5fde854910c3d0d312147b91005068278bb0661e0	2020-11-19 09:45:25	application/octet-stream	Win32 EXE	PE32	exe
23e0f03b6a6ec0e3e50cf3718dc550e0	fb707e6ad1880c5b995f9356520a9068ece32229	9d595c2ead68c9535df9f5e973fb58ca4e4da28422bfd24e8a8d3efb07a3fd81	2020-11-19 09:31:02	application/octet-stream	Win32 EXE	PE32	exe
57e8ef3df2e0abe6d7ff36dfd3d37afe	8cc50c3b1f5d300cfbfdc5b4ed33234ffc81ecc4	a8c1b5554ded9c054ab6dbfe7bcad529abfe0502133ddada008bdbe434849484	2020-11-19 09:34:53	application/octet-stream	Win32 EXE	PE32	exe
72dbda0303afd4bd09918a4327e575a6	bb01ea8d6f291e21fd1b60bde129b52446e733b9	adf33e64b906544ac0c414c0e74332125b6b6452569b4290aef718e68ef59f82	2020-11-19 08:55:26	application/octet-stream	Win32 EXE	PE32	exe
266233862094320aed4439544f086eff	7cfb4fce610657779dbfa217a40f6e90b092c8f7	b5a89678f2506ba5b8e496a58e6f1ffa3411c05d2ff9784b21649fa435082d5d	2020-11-19 09:35:49	application/octet-stream	Win32 EXE	PE32	exe
1160b9e96d8968ead6d906ff4663a6c9	f9df992e22fbefb1c209d63f8ae70d27aaff09fc	b5cdd87f30edc26d9733dcdb05bab67859e25e06322a0eeee1d34c0d16a66940	2020-11-19 08:42:24	application/octet-stream	Win32 EXE	PE32	exe
ada9e60839697795b795670fba4d0616	1bd6253d4827467b984025a966527265ff51ebbc	c3d132836625da1c251426b9e0263e83dbc9d4e9ca245494c426da449ee9a2b5	2020-11-19 08:42:25	application/octet-stream	Win32 EXE	PE32	exe
5ac4df555b11e536ed625d374418a823	9396df069a124f651c06b4563585adfb3b2437a1	c3d31a74c899219d210de8c66335fc5b5fe4b576e757377732abd2b2b62c392a	2020-11-19 08:40:11	application/octet-stream	Win32 EXE	PE32	exe
ca3e8986dd0d0139f664513ea6bc923c	0aaee1e457b90ac48657aae21f84eb99b5791800	c7746e57578c8d48fa1b90abbd247b1e16954b496cd63963230240e4571f3068	2020-11-19 09:45:17	application/octet-stream	Win32 EXE	PE32	exe
36211e683c77142cdbeb34bae233c1c5	92617d7f384fe748361e5bff72d961fe07be1e59	cfb499b6fc912a70618478cda6b473ad969445f705145d795cd47565fd841d5e	2020-11-19 08:59:58	application/octet-stream	Win32 EXE	PE32	exe
e6a735fef823f196d835fe7211da5588	9e3cf6c28a48f34f04f262fae401a9432f57c545	d2dda2d6d7888a8d1d9f279dde1bc361ff7d8ca96f6966769c67690631a58852	2020-11-19 09:32:59	application/octet-stream	Win32 EXE	PE32	exe
d5ab5d9e7a392fd139b8acb94e23a831	f8a646b465c72569cc2eb5d9360efef6cbb06483	da2c595ad6b8d0637f1f3991495a202d645bed4934058f8d796c41dcf28f1fd7	2020-11-18 07:12:35	application/octet-stream	Win32 EXE	PE32	exe
e43c62ed8d074e1b9d3525cff4c35891	3bf1b1cc391eebbb58f52e8889235cb9af7a0815	db34dd047d29243486398fa222c6ff2e146337e55793e8c8e0057656e81ed85c	2020-11-19 09:34:23	application/octet-stream	Win32 EXE	PE32	exe
be2db841c4f5a17a51645e55fce7ce43	9f96823aaa0480b14db84029c7fd93e00c2e9b2f	dbd3adbbe9d85476a90cb1d0dd2f1668daf4850531d8678e295a91ac55db0447	2020-11-19 09:39:40	application/octet-stream	Win32 EXE	PE32	exe
96bc3884cad09da69c8f051071981d6b	fadd0262c0cdd8c445d2ecf2a37b262454161466	e978dd2ba2e5e5cf3651bdf28b42da9276cf18d3e8d445b1de01fdc6df1a468a	2020-11-19 09:34:27	application/octet-stream	Win32 EXE	PE32	exe
0d06c1aa64b12124e766ec0f551c9969	3d2c912e76ccaacd0e14fb6870bd7fda58320d41	efd61a529bbe7f0ec9de2b00502071e6765db30e9f1af96ad78749568de505d8	2020-11-19 09:32:57	application/octet-stream	Win32 EXE	PE32	exe
820703ce94238ecca31fff0481a835a3	eadac0aaa2b961c2cdb9d66817ec5f778308569a	f8d2f6ef72fc01ee81014b446edd81654d9e7efbac5437f0210a7cf36dc9f829	2020-11-19 09:31:02	application/octet-stream	Win32 EXE	PE32	exe
