subsystem	subsystem_version	machine_type	time_stamp	code_size	initialized_data_size	unitialized_data_size	os_version	magic	pe_entry_point	md5
Windows GUI	4.0	Intel 386 or later, and compatibles	2004:10:20 07:21:32+01:00	113664	154624	0	4.0	PE32 executable for MS Windows (DLL) (GUI) Intel 80386 32-bit	31398	ab5f9860eaf38019b356d1c52e293b57
Windows GUI	4.0	Intel 386 or later, and compatibles	2012:07:26 12:45:18+01:00	27648	333312	0	4.0	PE32 executable for MS Windows (DLL) (GUI) Intel 80386 32-bit	10603	0d96df4667254727fed1f71d8d89318f
Windows GUI	4.0	Intel 386 or later, and compatibles	2017:05:11 13:21:37+01:00	4096	5259264	0	4.0	PE32 executable for MS Windows (DLL) (GUI) Intel 80386 32-bit	4585	b4feabe45040373b6690c6b995187f91
Windows GUI	5.1	Intel 386 or later, and compatibles	2016:08:24 07:31:23+01:00	35328	295936	0	5.1	PE32 executable for MS Windows (DLL) (GUI) Intel 80386 32-bit	19233	114e83dfe9fe596dd1b04c3b2d8bff30
Windows GUI	4.0	Intel 386 or later, and compatibles	2017:05:11 13:21:37+01:00	4096	5259264	0	4.0	PE32 executable for MS Windows (DLL) (GUI) Intel 80386 32-bit	4585	2676342d7c3ee16b77ced6d439b7a025
Windows GUI	4.0	Intel 386 or later, and compatibles	2017:05:11 13:21:37+01:00	4096	5259264	0	4.0	PE32 executable for MS Windows (DLL) (GUI) Intel 80386 32-bit	4585	f4ec3d9118a49ab380160d31a02b10d2
Windows GUI	4.0	Intel 386 or later, and compatibles	2017:05:11 13:21:37+01:00	4096	5259264	0	4.0	PE32 executable for MS Windows (DLL) (GUI) Intel 80386 32-bit	4585	d8f787b902f4352a5591004318288135
Windows GUI	4.0	Intel 386 or later, and compatibles	2017:05:11 13:21:37+01:00	4096	5259264	0	4.0	PE32 executable for MS Windows (DLL) (GUI) Intel 80386 32-bit	4585	f4deafee8c3b72c7b630914960b84a81
Windows GUI	4.0	Intel 386 or later, and compatibles	2017:05:11 13:21:37+01:00	4096	5259264	0	4.0	PE32 executable for MS Windows (DLL) (GUI) Intel 80386 32-bit	4585	b446d89e5df1b1a822c59fcf024991eb
Windows GUI	4.0	Intel 386 or later, and compatibles	2017:05:11 13:21:37+01:00	4096	5259264	0	4.0	PE32 executable for MS Windows (DLL) (GUI) Intel 80386 32-bit	4585	a31a1cdfa4f0cfc7847ebc26bba23089
Windows GUI	4.0	Intel 386 or later, and compatibles	2010:10:09 08:59:25+01:00	40960	401408	0	4.0	PE32 executable for MS Windows (DLL) (GUI) Intel 80386 32-bit	27100	19127d5f095707b6f3b6b027d7704743
Windows GUI	4.0	Intel 386 or later, and compatibles	2017:05:11 13:21:37+01:00	4096	5259264	0	4.0	PE32 executable for MS Windows (DLL) (GUI) Intel 80386 32-bit	4585	974e98f24068652d46ca81ea2a35de35
Windows GUI	5.1	Intel 386 or later, and compatibles	2016:11:24 07:30:25+01:00	111616	32256	40960	5.1	PE32 executable for MS Windows (DLL) (GUI) Intel 80386 32-bit	72834	12a998ef3d11d83a2f35dacaa8cb395c
