md5	sha1	sha256	vt_first_seen	mime_type	file_type	pe_file	file_type_extension
ab5f9860eaf38019b356d1c52e293b57	757d90e4afa1c2bce52ee8a2b18d34b6294c7692	05e43882f8669157c4aed9c196709beca37f9d89c3f828122ef9089fa3732c84	2014-08-06 15:52:00	application/octet-stream	Win32 DLL	PE32	dll
0d96df4667254727fed1f71d8d89318f	2d27c795ec2f0db441ad6caede6b6e285fe11897	13811980e883157e61ad3a2a2ac56764368daed5b886a78b79bd1c6fd798122c	2016-07-24 16:51:15	application/octet-stream	Win32 DLL	PE32	dll
b4feabe45040373b6690c6b995187f91	2d477e5d7c2e52b3d2496534e436d4480a8a12e6	3ee555c13650c3030437af6ce183e68894a1c44547ea83929b286d219c79321f	2017-09-20 17:00:23	application/octet-stream	Win32 DLL	PE32	dll
114e83dfe9fe596dd1b04c3b2d8bff30	fa52aa12f0913afcc5521bd207341d8a10ae26a4	624ae073c2535c7243348ce9f37e63efbe078ab9b918e82b57d55cca432db7dd	2016-08-24 09:50:17	application/octet-stream	Win32 DLL	PE32	dll
2676342d7c3ee16b77ced6d439b7a025	c2a0bd88df02854b6a1a82e1479cb8a9905e9f16	691d2aa81627b831524c42fa82cfc4ab62570b0f7c55c895d71c30fd4969ea96	2017-10-20 12:53:02	application/octet-stream	Win32 DLL	PE32	dll
f4ec3d9118a49ab380160d31a02b10d2	f90b335d9cdd7bdfc9555fe789a6f220a673d1c5	6ec0430f3eb5b3af37e0cda401cb12992fbcc543ae93e6090f72b7d13d210243	2017-10-20 11:09:45	application/octet-stream	Win32 DLL	PE32	dll
d8f787b902f4352a5591004318288135	c7ed35d046a64a8b9f703029cfeff88ae6b07ba7	79ecfe6bde01c3f274f48b4f7666b5822ee9341845116137041c38d99aab39c3	2017-10-20 11:13:24	application/octet-stream	Win32 DLL	PE32	dll
f4deafee8c3b72c7b630914960b84a81	aaf3643919bedb7c7c2f5a6fc765e7f43ec3af4d	a4390d9b65c2cbfa277f51cb247065b863b61babe2c3978632fbb3e180776a17	2017-10-20 01:39:45	application/octet-stream	Win32 DLL	PE32	dll
b446d89e5df1b1a822c59fcf024991eb	298080e2a7759dc00dc842e7cad2ff264f211b8b	b47808bf0e832f606ec7b094323dc39dcb39bfe552780fbbe507db4bb49234f0	2017-10-12 13:54:11	application/octet-stream	Win32 DLL	PE32	dll
a31a1cdfa4f0cfc7847ebc26bba23089	55d477a4ab1c50df4aee85e4b121959cfeb41f71	cc3bbb09eed55c90b5e4d1be42dcbb32205205eca0299307d7682d3c2078a05f	2017-10-20 12:50:42	application/octet-stream	Win32 DLL	PE32	dll
19127d5f095707b6f3b6b027d7704743	0f46d821a932a0cf001f8d0871326f839b7a2bd5	e4e75f0f081777ca0b48b520b3927af2506255030ac89c5c6ae4f2aa91279afd	2016-05-18 18:48:24	application/octet-stream	Win32 DLL	PE32	dll
974e98f24068652d46ca81ea2a35de35	1d29565b111ff02de2a1b28f0aed8583bd78ba17	f449c339127088c8ffa50298820b944558fa897d004271ed90506379d9ba837e	2017-10-20 11:15:04	application/octet-stream	Win32 DLL	PE32	dll
12a998ef3d11d83a2f35dacaa8cb395c	3f21de5b0bad57bbe88da12bdb97c7cb01b2fdf0	fa91cb96d59127d1988f7eb1e5ce97bdb54d1bd152136b8d5478dfb1cbe22a47	2016-11-26 13:30:49	application/octet-stream	Win32 DLL	PE32	dll
