md5	function_names
ab5f9860eaf38019b356d1c52e293b57	SetupScanFileQueueA
ab5f9860eaf38019b356d1c52e293b57	SetupOpenAppendInfFileA
ab5f9860eaf38019b356d1c52e293b57	SetupInitDefaultQueueCallbackEx
ab5f9860eaf38019b356d1c52e293b57	SetupCloseFileQueue
ab5f9860eaf38019b356d1c52e293b57	SetupCommitFileQueueA
ab5f9860eaf38019b356d1c52e293b57	SetupOpenFileQueue
ab5f9860eaf38019b356d1c52e293b57	SetupDefaultQueueCallbackA
ab5f9860eaf38019b356d1c52e293b57	SetupOpenInfFileA
ab5f9860eaf38019b356d1c52e293b57	SetupInstallFromInfSectionA
ab5f9860eaf38019b356d1c52e293b57	DeviceIoControl
ab5f9860eaf38019b356d1c52e293b57	EnterCriticalSection
ab5f9860eaf38019b356d1c52e293b57	GetUserDefaultLangID
ab5f9860eaf38019b356d1c52e293b57	LoadLibraryA
ab5f9860eaf38019b356d1c52e293b57	lstrlenA
ab5f9860eaf38019b356d1c52e293b57	GetModuleFileNameW
ab5f9860eaf38019b356d1c52e293b57	GlobalFree
ab5f9860eaf38019b356d1c52e293b57	WaitForSingleObject
ab5f9860eaf38019b356d1c52e293b57	FreeLibrary
ab5f9860eaf38019b356d1c52e293b57	QueryPerformanceCounter
ab5f9860eaf38019b356d1c52e293b57	HeapDestroy
ab5f9860eaf38019b356d1c52e293b57	HeapAlloc
ab5f9860eaf38019b356d1c52e293b57	lstrcmpiW
ab5f9860eaf38019b356d1c52e293b57	lstrlenW
ab5f9860eaf38019b356d1c52e293b57	DeleteCriticalSection
ab5f9860eaf38019b356d1c52e293b57	GetWindowsDirectoryW
ab5f9860eaf38019b356d1c52e293b57	LocalAlloc
ab5f9860eaf38019b356d1c52e293b57	DuplicateHandle
ab5f9860eaf38019b356d1c52e293b57	UnhandledExceptionFilter
ab5f9860eaf38019b356d1c52e293b57	GlobalLock
ab5f9860eaf38019b356d1c52e293b57	GetProcessHeap
ab5f9860eaf38019b356d1c52e293b57	lstrcpynW
ab5f9860eaf38019b356d1c52e293b57	lstrcpyW
ab5f9860eaf38019b356d1c52e293b57	RaiseException
ab5f9860eaf38019b356d1c52e293b57	CreateThread
ab5f9860eaf38019b356d1c52e293b57	ExpandEnvironmentStringsW
ab5f9860eaf38019b356d1c52e293b57	lstrcmpA
ab5f9860eaf38019b356d1c52e293b57	InterlockedExchange
ab5f9860eaf38019b356d1c52e293b57	lstrcpyA
ab5f9860eaf38019b356d1c52e293b57	ResetEvent
ab5f9860eaf38019b356d1c52e293b57	lstrcpynA
ab5f9860eaf38019b356d1c52e293b57	lstrcmpW
ab5f9860eaf38019b356d1c52e293b57	GetModuleHandleW
ab5f9860eaf38019b356d1c52e293b57	SetEvent
ab5f9860eaf38019b356d1c52e293b57	CreateEventW
ab5f9860eaf38019b356d1c52e293b57	HeapCreate
ab5f9860eaf38019b356d1c52e293b57	GlobalAlloc
ab5f9860eaf38019b356d1c52e293b57	Sleep
ab5f9860eaf38019b356d1c52e293b57	IsBadReadPtr
ab5f9860eaf38019b356d1c52e293b57	IsBadStringPtrA
ab5f9860eaf38019b356d1c52e293b57	IsBadCodePtr
ab5f9860eaf38019b356d1c52e293b57	GetProcAddress
ab5f9860eaf38019b356d1c52e293b57	GetLastError
ab5f9860eaf38019b356d1c52e293b57	malloc
ab5f9860eaf38019b356d1c52e293b57	memmove
ab5f9860eaf38019b356d1c52e293b57	wcscpy
ab5f9860eaf38019b356d1c52e293b57	wcslen
ab5f9860eaf38019b356d1c52e293b57	wcscmp
ab5f9860eaf38019b356d1c52e293b57	wcstok
ab5f9860eaf38019b356d1c52e293b57	exit
ab5f9860eaf38019b356d1c52e293b57	wcsstr
ab5f9860eaf38019b356d1c52e293b57	SysFreeString
ab5f9860eaf38019b356d1c52e293b57	SysStringLen
ab5f9860eaf38019b356d1c52e293b57	CoUninitialize
ab5f9860eaf38019b356d1c52e293b57	CoInitialize
ab5f9860eaf38019b356d1c52e293b57	CoQueryProxyBlanket
ab5f9860eaf38019b356d1c52e293b57	StringFromCLSID
ab5f9860eaf38019b356d1c52e293b57	CoTaskMemFree
ab5f9860eaf38019b356d1c52e293b57	CLSIDFromString
ab5f9860eaf38019b356d1c52e293b57	StringFromGUID2
ab5f9860eaf38019b356d1c52e293b57	CoSetProxyBlanket
ab5f9860eaf38019b356d1c52e293b57	PathFindFileNameW
ab5f9860eaf38019b356d1c52e293b57	ntohs
ab5f9860eaf38019b356d1c52e293b57	ntohl
ab5f9860eaf38019b356d1c52e293b57	CreatePropertySheetPageW
0d96df4667254727fed1f71d8d89318f	CPEncrypt
0d96df4667254727fed1f71d8d89318f	CPDeriveKey
0d96df4667254727fed1f71d8d89318f	CPGenKey
0d96df4667254727fed1f71d8d89318f	CPDecrypt
0d96df4667254727fed1f71d8d89318f	CPCreateHash
0d96df4667254727fed1f71d8d89318f	CopyFileW
0d96df4667254727fed1f71d8d89318f	CreateWaitableTimerW
0d96df4667254727fed1f71d8d89318f	FileTimeToSystemTime
0d96df4667254727fed1f71d8d89318f	lstrlenA
0d96df4667254727fed1f71d8d89318f	GetTickCount
0d96df4667254727fed1f71d8d89318f	GetVersionExA
0d96df4667254727fed1f71d8d89318f	WaitForSingleObjectEx
0d96df4667254727fed1f71d8d89318f	GetSystemDirectoryA
0d96df4667254727fed1f71d8d89318f	GetStartupInfoA
0d96df4667254727fed1f71d8d89318f	GetFileSize
0d96df4667254727fed1f71d8d89318f	GetDateFormatW
0d96df4667254727fed1f71d8d89318f	DeleteFileW
0d96df4667254727fed1f71d8d89318f	GetProcAddress
0d96df4667254727fed1f71d8d89318f	GetProcessHeap
0d96df4667254727fed1f71d8d89318f	lstrcpynW
0d96df4667254727fed1f71d8d89318f	CreateMutexA
0d96df4667254727fed1f71d8d89318f	CompareStringW
0d96df4667254727fed1f71d8d89318f	GetBinaryTypeW
0d96df4667254727fed1f71d8d89318f	MoveFileExW
0d96df4667254727fed1f71d8d89318f	GetModuleHandleA
0d96df4667254727fed1f71d8d89318f	GetDiskFreeSpaceW
0d96df4667254727fed1f71d8d89318f	ReadFile
0d96df4667254727fed1f71d8d89318f	WriteFile
0d96df4667254727fed1f71d8d89318f	FindFirstFileW
0d96df4667254727fed1f71d8d89318f	GetACP
0d96df4667254727fed1f71d8d89318f	HeapReAlloc
0d96df4667254727fed1f71d8d89318f	GetLogicalDriveStringsA
0d96df4667254727fed1f71d8d89318f	GetNumberFormatA
0d96df4667254727fed1f71d8d89318f	OpenSemaphoreA
0d96df4667254727fed1f71d8d89318f	FindClose
0d96df4667254727fed1f71d8d89318f	InterlockedDecrement
0d96df4667254727fed1f71d8d89318f	GetProfileIntA
0d96df4667254727fed1f71d8d89318f	CreateFileA
0d96df4667254727fed1f71d8d89318f	GetVersion
0d96df4667254727fed1f71d8d89318f	WriteConsoleW
0d96df4667254727fed1f71d8d89318f	InsertMenuA
0d96df4667254727fed1f71d8d89318f	wsprintfA
0d96df4667254727fed1f71d8d89318f	LoadIconA
0d96df4667254727fed1f71d8d89318f	IsDialogMessageW
0d96df4667254727fed1f71d8d89318f	FlashWindow
0d96df4667254727fed1f71d8d89318f	DrawStateA
0d96df4667254727fed1f71d8d89318f	LoadBitmapA
0d96df4667254727fed1f71d8d89318f	LoadCursorW
0d96df4667254727fed1f71d8d89318f	DispatchMessageW
0d96df4667254727fed1f71d8d89318f	GetMessageW
0d96df4667254727fed1f71d8d89318f	DialogBoxParamA
0d96df4667254727fed1f71d8d89318f	GetDlgItemTextW
0d96df4667254727fed1f71d8d89318f	PostMessageW
0d96df4667254727fed1f71d8d89318f	GetPropA
0d96df4667254727fed1f71d8d89318f	LoadMenuW
0d96df4667254727fed1f71d8d89318f	GetClassLongA
0d96df4667254727fed1f71d8d89318f	CharToOemA
0d96df4667254727fed1f71d8d89318f	ClusterEnum
0d96df4667254727fed1f71d8d89318f	ClusterControl
b4feabe45040373b6690c6b995187f91	CreateProcessA
b4feabe45040373b6690c6b995187f91	SizeofResource
b4feabe45040373b6690c6b995187f91	LoadResource
b4feabe45040373b6690c6b995187f91	LockResource
b4feabe45040373b6690c6b995187f91	WriteFile
b4feabe45040373b6690c6b995187f91	CloseHandle
b4feabe45040373b6690c6b995187f91	CreateFileA
b4feabe45040373b6690c6b995187f91	FindResourceA
b4feabe45040373b6690c6b995187f91	_adjust_fdiv
b4feabe45040373b6690c6b995187f91	_initterm
b4feabe45040373b6690c6b995187f91	malloc
b4feabe45040373b6690c6b995187f91	free
b4feabe45040373b6690c6b995187f91	sprintf
114e83dfe9fe596dd1b04c3b2d8bff30	GetSaveFileNameW
114e83dfe9fe596dd1b04c3b2d8bff30	GetFileTitleW
114e83dfe9fe596dd1b04c3b2d8bff30	CommDlgExtendedError
114e83dfe9fe596dd1b04c3b2d8bff30	CreateURLMonikerEx
114e83dfe9fe596dd1b04c3b2d8bff30	SHGetFolderLocation
114e83dfe9fe596dd1b04c3b2d8bff30	SHQueryRecycleBinW
114e83dfe9fe596dd1b04c3b2d8bff30	SHEmptyRecycleBinW
114e83dfe9fe596dd1b04c3b2d8bff30	SHCreateDirectoryExW
114e83dfe9fe596dd1b04c3b2d8bff30	DragFinish
114e83dfe9fe596dd1b04c3b2d8bff30	DragQueryFileW
114e83dfe9fe596dd1b04c3b2d8bff30	SHFileOperationW
114e83dfe9fe596dd1b04c3b2d8bff30	Shell_NotifyIconW
114e83dfe9fe596dd1b04c3b2d8bff30	SHGetPathFromIDListW
114e83dfe9fe596dd1b04c3b2d8bff30	ExtractIconExW
114e83dfe9fe596dd1b04c3b2d8bff30	SHGetDesktopFolder
114e83dfe9fe596dd1b04c3b2d8bff30	SHGetMalloc
114e83dfe9fe596dd1b04c3b2d8bff30	CommandLineToArgvW
114e83dfe9fe596dd1b04c3b2d8bff30	SHBrowseForFolderW
114e83dfe9fe596dd1b04c3b2d8bff30	mixerGetLineControlsW
114e83dfe9fe596dd1b04c3b2d8bff30	mixerGetControlDetailsW
114e83dfe9fe596dd1b04c3b2d8bff30	mciGetErrorStringW
114e83dfe9fe596dd1b04c3b2d8bff30	mixerOpen
114e83dfe9fe596dd1b04c3b2d8bff30	mixerSetControlDetails
114e83dfe9fe596dd1b04c3b2d8bff30	mciSendCommandW
114e83dfe9fe596dd1b04c3b2d8bff30	mixerClose
114e83dfe9fe596dd1b04c3b2d8bff30	mixerGetDevCapsW
114e83dfe9fe596dd1b04c3b2d8bff30	mixerGetLineInfoW
114e83dfe9fe596dd1b04c3b2d8bff30	InternetTimeFromSystemTimeW
114e83dfe9fe596dd1b04c3b2d8bff30	HttpQueryInfoW
114e83dfe9fe596dd1b04c3b2d8bff30	InternetGetLastResponseInfoW
114e83dfe9fe596dd1b04c3b2d8bff30	InternetConnectW
114e83dfe9fe596dd1b04c3b2d8bff30	InternetReadFile
114e83dfe9fe596dd1b04c3b2d8bff30	InternetCloseHandle
114e83dfe9fe596dd1b04c3b2d8bff30	InternetTimeToSystemTimeW
114e83dfe9fe596dd1b04c3b2d8bff30	HttpSendRequestW
114e83dfe9fe596dd1b04c3b2d8bff30	InternetErrorDlg
114e83dfe9fe596dd1b04c3b2d8bff30	InternetGetConnectedState
114e83dfe9fe596dd1b04c3b2d8bff30	InternetOpenW
114e83dfe9fe596dd1b04c3b2d8bff30	InternetSetOptionW
114e83dfe9fe596dd1b04c3b2d8bff30	HttpOpenRequestW
114e83dfe9fe596dd1b04c3b2d8bff30	HttpAddRequestHeadersW
114e83dfe9fe596dd1b04c3b2d8bff30	SetGraphicsMode
114e83dfe9fe596dd1b04c3b2d8bff30	Polygon
114e83dfe9fe596dd1b04c3b2d8bff30	TextOutW
114e83dfe9fe596dd1b04c3b2d8bff30	CreateFontIndirectW
114e83dfe9fe596dd1b04c3b2d8bff30	GetGlyphOutlineW
114e83dfe9fe596dd1b04c3b2d8bff30	CreatePen
114e83dfe9fe596dd1b04c3b2d8bff30	SaveDC
114e83dfe9fe596dd1b04c3b2d8bff30	SetTextAlign
114e83dfe9fe596dd1b04c3b2d8bff30	GetTextMetricsA
114e83dfe9fe596dd1b04c3b2d8bff30	GetBkColor
114e83dfe9fe596dd1b04c3b2d8bff30	CombineRgn
114e83dfe9fe596dd1b04c3b2d8bff30	GetClipBox
114e83dfe9fe596dd1b04c3b2d8bff30	BitBlt
114e83dfe9fe596dd1b04c3b2d8bff30	GetClipRgn
114e83dfe9fe596dd1b04c3b2d8bff30	GetPixel
114e83dfe9fe596dd1b04c3b2d8bff30	ModifyWorldTransform
114e83dfe9fe596dd1b04c3b2d8bff30	Rectangle
114e83dfe9fe596dd1b04c3b2d8bff30	SetMapMode
114e83dfe9fe596dd1b04c3b2d8bff30	GetBrushOrgEx
114e83dfe9fe596dd1b04c3b2d8bff30	OffsetViewportOrgEx
114e83dfe9fe596dd1b04c3b2d8bff30	DeleteDC
114e83dfe9fe596dd1b04c3b2d8bff30	RestoreDC
114e83dfe9fe596dd1b04c3b2d8bff30	SetBkMode
114e83dfe9fe596dd1b04c3b2d8bff30	GetCharacterPlacementW
114e83dfe9fe596dd1b04c3b2d8bff30	SetWorldTransform
114e83dfe9fe596dd1b04c3b2d8bff30	DeleteObject
114e83dfe9fe596dd1b04c3b2d8bff30	GetObjectW
114e83dfe9fe596dd1b04c3b2d8bff30	CreateDCW
114e83dfe9fe596dd1b04c3b2d8bff30	CreateDIBSection
114e83dfe9fe596dd1b04c3b2d8bff30	RealizePalette
114e83dfe9fe596dd1b04c3b2d8bff30	SetTextColor
114e83dfe9fe596dd1b04c3b2d8bff30	CreatePatternBrush
114e83dfe9fe596dd1b04c3b2d8bff30	GetDeviceCaps
114e83dfe9fe596dd1b04c3b2d8bff30	RectVisible
114e83dfe9fe596dd1b04c3b2d8bff30	ExtTextOutW
114e83dfe9fe596dd1b04c3b2d8bff30	GetOutlineTextMetricsA
114e83dfe9fe596dd1b04c3b2d8bff30	CreateBitmap
114e83dfe9fe596dd1b04c3b2d8bff30	SetPixelV
114e83dfe9fe596dd1b04c3b2d8bff30	CreatePalette
114e83dfe9fe596dd1b04c3b2d8bff30	EnumFontFamiliesExW
114e83dfe9fe596dd1b04c3b2d8bff30	GetStockObject
114e83dfe9fe596dd1b04c3b2d8bff30	SelectPalette
114e83dfe9fe596dd1b04c3b2d8bff30	SetBkColor
114e83dfe9fe596dd1b04c3b2d8bff30	PtVisible
114e83dfe9fe596dd1b04c3b2d8bff30	GetDIBits
114e83dfe9fe596dd1b04c3b2d8bff30	ExtCreateRegion
114e83dfe9fe596dd1b04c3b2d8bff30	GdiFlush
114e83dfe9fe596dd1b04c3b2d8bff30	SetBrushOrgEx
114e83dfe9fe596dd1b04c3b2d8bff30	SelectClipRgn
114e83dfe9fe596dd1b04c3b2d8bff30	CreateCompatibleDC
114e83dfe9fe596dd1b04c3b2d8bff30	CreateFontW
114e83dfe9fe596dd1b04c3b2d8bff30	ScaleWindowExtEx
114e83dfe9fe596dd1b04c3b2d8bff30	ScaleViewportExtEx
114e83dfe9fe596dd1b04c3b2d8bff30	CreateRectRgn
114e83dfe9fe596dd1b04c3b2d8bff30	SelectObject
114e83dfe9fe596dd1b04c3b2d8bff30	SetPolyFillMode
114e83dfe9fe596dd1b04c3b2d8bff30	CreateCompatibleBitmap
114e83dfe9fe596dd1b04c3b2d8bff30	SetWindowExtEx
114e83dfe9fe596dd1b04c3b2d8bff30	CreateSolidBrush
114e83dfe9fe596dd1b04c3b2d8bff30	SetViewportExtEx
114e83dfe9fe596dd1b04c3b2d8bff30	SetViewportOrgEx
114e83dfe9fe596dd1b04c3b2d8bff30	Escape
114e83dfe9fe596dd1b04c3b2d8bff30	GetFontData
114e83dfe9fe596dd1b04c3b2d8bff30	GetTextExtentPoint32W
114e83dfe9fe596dd1b04c3b2d8bff30	Ellipse
114e83dfe9fe596dd1b04c3b2d8bff30	SnmpUtilOidCpy
114e83dfe9fe596dd1b04c3b2d8bff30	SnmpUtilOidNCmp
114e83dfe9fe596dd1b04c3b2d8bff30	SnmpUtilVarBindFree
114e83dfe9fe596dd1b04c3b2d8bff30	Ord(4)
114e83dfe9fe596dd1b04c3b2d8bff30	GetStdHandle
114e83dfe9fe596dd1b04c3b2d8bff30	GetDriveTypeW
114e83dfe9fe596dd1b04c3b2d8bff30	GetConsoleOutputCP
114e83dfe9fe596dd1b04c3b2d8bff30	ReleaseMutex
114e83dfe9fe596dd1b04c3b2d8bff30	FileTimeToSystemTime
114e83dfe9fe596dd1b04c3b2d8bff30	WaitForSingleObject
114e83dfe9fe596dd1b04c3b2d8bff30	GetDriveTypeA
114e83dfe9fe596dd1b04c3b2d8bff30	HeapDestroy
114e83dfe9fe596dd1b04c3b2d8bff30	EnumUILanguagesW
114e83dfe9fe596dd1b04c3b2d8bff30	GetFileAttributesW
114e83dfe9fe596dd1b04c3b2d8bff30	DuplicateHandle
114e83dfe9fe596dd1b04c3b2d8bff30	GetLocalTime
114e83dfe9fe596dd1b04c3b2d8bff30	FreeEnvironmentStringsA
114e83dfe9fe596dd1b04c3b2d8bff30	DeleteCriticalSection
114e83dfe9fe596dd1b04c3b2d8bff30	GetCurrentProcess
114e83dfe9fe596dd1b04c3b2d8bff30	GetConsoleMode
114e83dfe9fe596dd1b04c3b2d8bff30	GetLocaleInfoA
114e83dfe9fe596dd1b04c3b2d8bff30	LocalAlloc
114e83dfe9fe596dd1b04c3b2d8bff30	lstrcatA
114e83dfe9fe596dd1b04c3b2d8bff30	UnhandledExceptionFilter
114e83dfe9fe596dd1b04c3b2d8bff30	SetErrorMode
114e83dfe9fe596dd1b04c3b2d8bff30	GetLogicalDrives
114e83dfe9fe596dd1b04c3b2d8bff30	FreeEnvironmentStringsW
114e83dfe9fe596dd1b04c3b2d8bff30	CheckNameLegalDOS8Dot3A
114e83dfe9fe596dd1b04c3b2d8bff30	GetLocaleInfoW
114e83dfe9fe596dd1b04c3b2d8bff30	EnumResourceLanguagesW
114e83dfe9fe596dd1b04c3b2d8bff30	GetFileTime
114e83dfe9fe596dd1b04c3b2d8bff30	WideCharToMultiByte
114e83dfe9fe596dd1b04c3b2d8bff30	GetStringTypeA
114e83dfe9fe596dd1b04c3b2d8bff30	InterlockedExchange
114e83dfe9fe596dd1b04c3b2d8bff30	GetTempPathW
114e83dfe9fe596dd1b04c3b2d8bff30	GetTimeZoneInformation
114e83dfe9fe596dd1b04c3b2d8bff30	GetSystemTimeAsFileTime
114e83dfe9fe596dd1b04c3b2d8bff30	GlobalMemoryStatusEx
114e83dfe9fe596dd1b04c3b2d8bff30	HeapReAlloc
114e83dfe9fe596dd1b04c3b2d8bff30	GetStringTypeW
114e83dfe9fe596dd1b04c3b2d8bff30	GetOEMCP
114e83dfe9fe596dd1b04c3b2d8bff30	LocalFree
114e83dfe9fe596dd1b04c3b2d8bff30	FormatMessageW
114e83dfe9fe596dd1b04c3b2d8bff30	GetExitCodeProcess
114e83dfe9fe596dd1b04c3b2d8bff30	InitializeCriticalSection
114e83dfe9fe596dd1b04c3b2d8bff30	LoadResource
114e83dfe9fe596dd1b04c3b2d8bff30	GlobalHandle
114e83dfe9fe596dd1b04c3b2d8bff30	FindClose
114e83dfe9fe596dd1b04c3b2d8bff30	InterlockedDecrement
114e83dfe9fe596dd1b04c3b2d8bff30	FormatMessageA
114e83dfe9fe596dd1b04c3b2d8bff30	SetFileAttributesW
114e83dfe9fe596dd1b04c3b2d8bff30	OutputDebugStringA
114e83dfe9fe596dd1b04c3b2d8bff30	GetCurrentThread
114e83dfe9fe596dd1b04c3b2d8bff30	SetLastError
114e83dfe9fe596dd1b04c3b2d8bff30	GetUserDefaultUILanguage
114e83dfe9fe596dd1b04c3b2d8bff30	GetSystemTime
114e83dfe9fe596dd1b04c3b2d8bff30	DeviceIoControl
114e83dfe9fe596dd1b04c3b2d8bff30	LocalLock
114e83dfe9fe596dd1b04c3b2d8bff30	OutputDebugStringW
114e83dfe9fe596dd1b04c3b2d8bff30	RemoveDirectoryW
114e83dfe9fe596dd1b04c3b2d8bff30	IsDebuggerPresent
114e83dfe9fe596dd1b04c3b2d8bff30	HeapAlloc
114e83dfe9fe596dd1b04c3b2d8bff30	FlushFileBuffers
114e83dfe9fe596dd1b04c3b2d8bff30	GetModuleFileNameA
114e83dfe9fe596dd1b04c3b2d8bff30	GlobalFindAtomW
114e83dfe9fe596dd1b04c3b2d8bff30	SetProcessWorkingSetSize
114e83dfe9fe596dd1b04c3b2d8bff30	SetThreadPriority
114e83dfe9fe596dd1b04c3b2d8bff30	WritePrivateProfileSectionW
114e83dfe9fe596dd1b04c3b2d8bff30	GetVolumeInformationW
114e83dfe9fe596dd1b04c3b2d8bff30	TlsGetValue
114e83dfe9fe596dd1b04c3b2d8bff30	MultiByteToWideChar
114e83dfe9fe596dd1b04c3b2d8bff30	SetFilePointerEx
114e83dfe9fe596dd1b04c3b2d8bff30	GetSystemPowerStatus
114e83dfe9fe596dd1b04c3b2d8bff30	MoveFileW
114e83dfe9fe596dd1b04c3b2d8bff30	GetFullPathNameW
114e83dfe9fe596dd1b04c3b2d8bff30	GlobalAddAtomW
114e83dfe9fe596dd1b04c3b2d8bff30	CreateThread
114e83dfe9fe596dd1b04c3b2d8bff30	CreatePipe
114e83dfe9fe596dd1b04c3b2d8bff30	GetExitCodeThread
114e83dfe9fe596dd1b04c3b2d8bff30	ActivateActCtx
114e83dfe9fe596dd1b04c3b2d8bff30	GlobalAddAtomA
114e83dfe9fe596dd1b04c3b2d8bff30	SetUnhandledExceptionFilter
114e83dfe9fe596dd1b04c3b2d8bff30	ConvertDefaultLocale
114e83dfe9fe596dd1b04c3b2d8bff30	CreateMutexW
114e83dfe9fe596dd1b04c3b2d8bff30	MulDiv
114e83dfe9fe596dd1b04c3b2d8bff30	UnlockFile
114e83dfe9fe596dd1b04c3b2d8bff30	ExitThread
114e83dfe9fe596dd1b04c3b2d8bff30	FindAtomW
114e83dfe9fe596dd1b04c3b2d8bff30	CreateSemaphoreW
114e83dfe9fe596dd1b04c3b2d8bff30	WriteConsoleA
114e83dfe9fe596dd1b04c3b2d8bff30	SetCurrentDirectoryW
114e83dfe9fe596dd1b04c3b2d8bff30	GlobalAlloc
114e83dfe9fe596dd1b04c3b2d8bff30	LocalFileTimeToFileTime
114e83dfe9fe596dd1b04c3b2d8bff30	GetDiskFreeSpaceExW
114e83dfe9fe596dd1b04c3b2d8bff30	SetEndOfFile
114e83dfe9fe596dd1b04c3b2d8bff30	GetVersion
114e83dfe9fe596dd1b04c3b2d8bff30	InterlockedIncrement
114e83dfe9fe596dd1b04c3b2d8bff30	WriteConsoleW
114e83dfe9fe596dd1b04c3b2d8bff30	AreFileApisANSI
114e83dfe9fe596dd1b04c3b2d8bff30	HeapFree
114e83dfe9fe596dd1b04c3b2d8bff30	EnterCriticalSection
114e83dfe9fe596dd1b04c3b2d8bff30	SetHandleCount
114e83dfe9fe596dd1b04c3b2d8bff30	LoadLibraryW
114e83dfe9fe596dd1b04c3b2d8bff30	GetLastError
114e83dfe9fe596dd1b04c3b2d8bff30	GetVersionExW
114e83dfe9fe596dd1b04c3b2d8bff30	FreeLibrary
114e83dfe9fe596dd1b04c3b2d8bff30	QueryPerformanceCounter
114e83dfe9fe596dd1b04c3b2d8bff30	GetTickCount
114e83dfe9fe596dd1b04c3b2d8bff30	TlsAlloc
114e83dfe9fe596dd1b04c3b2d8bff30	GetVersionExA
114e83dfe9fe596dd1b04c3b2d8bff30	LoadLibraryA
114e83dfe9fe596dd1b04c3b2d8bff30	RtlUnwind
114e83dfe9fe596dd1b04c3b2d8bff30	OpenWaitableTimerW
114e83dfe9fe596dd1b04c3b2d8bff30	CopyFileW
114e83dfe9fe596dd1b04c3b2d8bff30	GetStartupInfoA
114e83dfe9fe596dd1b04c3b2d8bff30	GetDateFormatA
114e83dfe9fe596dd1b04c3b2d8bff30	GetFileSize
114e83dfe9fe596dd1b04c3b2d8bff30	LCMapStringW
114e83dfe9fe596dd1b04c3b2d8bff30	OpenProcess
114e83dfe9fe596dd1b04c3b2d8bff30	GetPrivateProfileIntA
114e83dfe9fe596dd1b04c3b2d8bff30	GetModuleHandleW
114e83dfe9fe596dd1b04c3b2d8bff30	GetDateFormatW
114e83dfe9fe596dd1b04c3b2d8bff30	GetStartupInfoW
114e83dfe9fe596dd1b04c3b2d8bff30	CreateDirectoryW
114e83dfe9fe596dd1b04c3b2d8bff30	DeleteFileW
114e83dfe9fe596dd1b04c3b2d8bff30	GlobalLock
114e83dfe9fe596dd1b04c3b2d8bff30	GetPrivateProfileIntW
114e83dfe9fe596dd1b04c3b2d8bff30	AddAtomW
114e83dfe9fe596dd1b04c3b2d8bff30	GetProcessHeap
114e83dfe9fe596dd1b04c3b2d8bff30	GetTempFileNameW
114e83dfe9fe596dd1b04c3b2d8bff30	CreateFileMappingW
114e83dfe9fe596dd1b04c3b2d8bff30	CompareStringW
114e83dfe9fe596dd1b04c3b2d8bff30	GetFileSizeEx
114e83dfe9fe596dd1b04c3b2d8bff30	GlobalReAlloc
114e83dfe9fe596dd1b04c3b2d8bff30	GetModuleFileNameW
114e83dfe9fe596dd1b04c3b2d8bff30	GetFileInformationByHandle
114e83dfe9fe596dd1b04c3b2d8bff30	lstrcmpA
114e83dfe9fe596dd1b04c3b2d8bff30	FindNextFileW
114e83dfe9fe596dd1b04c3b2d8bff30	CompareStringA
114e83dfe9fe596dd1b04c3b2d8bff30	GetComputerNameA
114e83dfe9fe596dd1b04c3b2d8bff30	FindFirstFileW
114e83dfe9fe596dd1b04c3b2d8bff30	lstrcmpW
114e83dfe9fe596dd1b04c3b2d8bff30	GetProcAddress
114e83dfe9fe596dd1b04c3b2d8bff30	SetEvent
114e83dfe9fe596dd1b04c3b2d8bff30	CreateEventW
114e83dfe9fe596dd1b04c3b2d8bff30	CreateFileW
114e83dfe9fe596dd1b04c3b2d8bff30	GlobalFindAtomA
114e83dfe9fe596dd1b04c3b2d8bff30	GetFileType
114e83dfe9fe596dd1b04c3b2d8bff30	TlsSetValue
114e83dfe9fe596dd1b04c3b2d8bff30	CreateFileA
114e83dfe9fe596dd1b04c3b2d8bff30	ExitProcess
114e83dfe9fe596dd1b04c3b2d8bff30	LeaveCriticalSection
114e83dfe9fe596dd1b04c3b2d8bff30	GlobalGetAtomNameW
114e83dfe9fe596dd1b04c3b2d8bff30	LocalReAlloc
114e83dfe9fe596dd1b04c3b2d8bff30	SystemTimeToFileTime
114e83dfe9fe596dd1b04c3b2d8bff30	GlobalDeleteAtom
114e83dfe9fe596dd1b04c3b2d8bff30	UnmapViewOfFile
114e83dfe9fe596dd1b04c3b2d8bff30	GetSystemInfo
114e83dfe9fe596dd1b04c3b2d8bff30	lstrlenA
114e83dfe9fe596dd1b04c3b2d8bff30	GlobalFree
114e83dfe9fe596dd1b04c3b2d8bff30	GetConsoleCP
114e83dfe9fe596dd1b04c3b2d8bff30	GetThreadLocale
114e83dfe9fe596dd1b04c3b2d8bff30	GetEnvironmentStringsW
114e83dfe9fe596dd1b04c3b2d8bff30	GlobalUnlock
114e83dfe9fe596dd1b04c3b2d8bff30	LockFile
114e83dfe9fe596dd1b04c3b2d8bff30	lstrlenW
114e83dfe9fe596dd1b04c3b2d8bff30	GetCPInfo
114e83dfe9fe596dd1b04c3b2d8bff30	FileTimeToLocalFileTime
114e83dfe9fe596dd1b04c3b2d8bff30	GetEnvironmentStrings
114e83dfe9fe596dd1b04c3b2d8bff30	GetCurrentDirectoryW
114e83dfe9fe596dd1b04c3b2d8bff30	GetCurrentProcessId
114e83dfe9fe596dd1b04c3b2d8bff30	LockResource
114e83dfe9fe596dd1b04c3b2d8bff30	SetFileTime
114e83dfe9fe596dd1b04c3b2d8bff30	GetCommandLineW
114e83dfe9fe596dd1b04c3b2d8bff30	GetCurrentDirectoryA
114e83dfe9fe596dd1b04c3b2d8bff30	HeapSize
114e83dfe9fe596dd1b04c3b2d8bff30	GetCommandLineA
114e83dfe9fe596dd1b04c3b2d8bff30	WritePrivateProfileStringW
114e83dfe9fe596dd1b04c3b2d8bff30	ExpandEnvironmentStringsW
114e83dfe9fe596dd1b04c3b2d8bff30	RaiseException
114e83dfe9fe596dd1b04c3b2d8bff30	ReleaseSemaphore
114e83dfe9fe596dd1b04c3b2d8bff30	MapViewOfFile
114e83dfe9fe596dd1b04c3b2d8bff30	TlsFree
114e83dfe9fe596dd1b04c3b2d8bff30	SetFilePointer
114e83dfe9fe596dd1b04c3b2d8bff30	ReadFile
114e83dfe9fe596dd1b04c3b2d8bff30	GlobalFlags
114e83dfe9fe596dd1b04c3b2d8bff30	CloseHandle
114e83dfe9fe596dd1b04c3b2d8bff30	GetACP
114e83dfe9fe596dd1b04c3b2d8bff30	GetCurrentThreadId
114e83dfe9fe596dd1b04c3b2d8bff30	FreeResource
114e83dfe9fe596dd1b04c3b2d8bff30	GetFileAttributesExW
114e83dfe9fe596dd1b04c3b2d8bff30	SetStdHandle
114e83dfe9fe596dd1b04c3b2d8bff30	SizeofResource
114e83dfe9fe596dd1b04c3b2d8bff30	HeapCreate
114e83dfe9fe596dd1b04c3b2d8bff30	FindResourceW
114e83dfe9fe596dd1b04c3b2d8bff30	VirtualQuery
114e83dfe9fe596dd1b04c3b2d8bff30	VirtualFree
114e83dfe9fe596dd1b04c3b2d8bff30	Sleep
114e83dfe9fe596dd1b04c3b2d8bff30	VirtualAlloc
114e83dfe9fe596dd1b04c3b2d8bff30	GetTimeFormatA
114e83dfe9fe596dd1b04c3b2d8bff30	_CIsin
114e83dfe9fe596dd1b04c3b2d8bff30	free
114e83dfe9fe596dd1b04c3b2d8bff30	calloc
114e83dfe9fe596dd1b04c3b2d8bff30	isdigit
114e83dfe9fe596dd1b04c3b2d8bff30	_exit
114e83dfe9fe596dd1b04c3b2d8bff30	_wtoi
114e83dfe9fe596dd1b04c3b2d8bff30	LoadRegTypeLib
114e83dfe9fe596dd1b04c3b2d8bff30	VariantChangeType
114e83dfe9fe596dd1b04c3b2d8bff30	SysFreeString
114e83dfe9fe596dd1b04c3b2d8bff30	VariantTimeToSystemTime
114e83dfe9fe596dd1b04c3b2d8bff30	SystemTimeToVariantTime
114e83dfe9fe596dd1b04c3b2d8bff30	UnRegisterTypeLib
114e83dfe9fe596dd1b04c3b2d8bff30	VarUI4FromStr
114e83dfe9fe596dd1b04c3b2d8bff30	SafeArrayGetElement
114e83dfe9fe596dd1b04c3b2d8bff30	RegisterTypeLib
114e83dfe9fe596dd1b04c3b2d8bff30	VariantClear
114e83dfe9fe596dd1b04c3b2d8bff30	SysAllocString
114e83dfe9fe596dd1b04c3b2d8bff30	SafeArrayDestroy
114e83dfe9fe596dd1b04c3b2d8bff30	SafeArrayGetUBound
114e83dfe9fe596dd1b04c3b2d8bff30	SafeArrayGetVartype
114e83dfe9fe596dd1b04c3b2d8bff30	SafeArrayGetLBound
114e83dfe9fe596dd1b04c3b2d8bff30	LoadTypeLib
114e83dfe9fe596dd1b04c3b2d8bff30	SafeArrayGetDim
114e83dfe9fe596dd1b04c3b2d8bff30	SafeArrayCopy
114e83dfe9fe596dd1b04c3b2d8bff30	VariantInit
114e83dfe9fe596dd1b04c3b2d8bff30	SysStringLen
114e83dfe9fe596dd1b04c3b2d8bff30	Netbios
114e83dfe9fe596dd1b04c3b2d8bff30	RegCreateKeyExW
114e83dfe9fe596dd1b04c3b2d8bff30	CryptDestroyKey
114e83dfe9fe596dd1b04c3b2d8bff30	RegCloseKey
114e83dfe9fe596dd1b04c3b2d8bff30	RegRestoreKeyW
114e83dfe9fe596dd1b04c3b2d8bff30	RegQueryValueExA
114e83dfe9fe596dd1b04c3b2d8bff30	RegCreateKeyW
114e83dfe9fe596dd1b04c3b2d8bff30	CryptReleaseContext
114e83dfe9fe596dd1b04c3b2d8bff30	LookupPrivilegeValueW
114e83dfe9fe596dd1b04c3b2d8bff30	RegEnumKeyW
114e83dfe9fe596dd1b04c3b2d8bff30	RegDeleteKeyW
114e83dfe9fe596dd1b04c3b2d8bff30	CryptHashData
114e83dfe9fe596dd1b04c3b2d8bff30	RegQueryValueExW
114e83dfe9fe596dd1b04c3b2d8bff30	CryptCreateHash
114e83dfe9fe596dd1b04c3b2d8bff30	RegOpenKeyA
114e83dfe9fe596dd1b04c3b2d8bff30	OpenProcessToken
114e83dfe9fe596dd1b04c3b2d8bff30	RegOpenKeyExW
114e83dfe9fe596dd1b04c3b2d8bff30	RegOpenKeyW
114e83dfe9fe596dd1b04c3b2d8bff30	RegOpenKeyExA
114e83dfe9fe596dd1b04c3b2d8bff30	RegQueryValueW
114e83dfe9fe596dd1b04c3b2d8bff30	CryptVerifySignatureW
114e83dfe9fe596dd1b04c3b2d8bff30	RegQueryInfoKeyW
114e83dfe9fe596dd1b04c3b2d8bff30	RegEnumKeyExW
114e83dfe9fe596dd1b04c3b2d8bff30	OpenThreadToken
114e83dfe9fe596dd1b04c3b2d8bff30	GetUserNameA
114e83dfe9fe596dd1b04c3b2d8bff30	CryptDestroyHash
114e83dfe9fe596dd1b04c3b2d8bff30	CryptAcquireContextW
114e83dfe9fe596dd1b04c3b2d8bff30	CryptGetUserKey
114e83dfe9fe596dd1b04c3b2d8bff30	RegDeleteValueW
114e83dfe9fe596dd1b04c3b2d8bff30	RegSetValueExW
114e83dfe9fe596dd1b04c3b2d8bff30	CreateStreamOnHGlobal
114e83dfe9fe596dd1b04c3b2d8bff30	OleLockRunning
114e83dfe9fe596dd1b04c3b2d8bff30	CoUninitialize
114e83dfe9fe596dd1b04c3b2d8bff30	CoInitialize
114e83dfe9fe596dd1b04c3b2d8bff30	CoTaskMemAlloc
114e83dfe9fe596dd1b04c3b2d8bff30	CoRevokeClassObject
114e83dfe9fe596dd1b04c3b2d8bff30	CoLockObjectExternal
114e83dfe9fe596dd1b04c3b2d8bff30	OleSetContainedObject
114e83dfe9fe596dd1b04c3b2d8bff30	RegisterDragDrop
114e83dfe9fe596dd1b04c3b2d8bff30	CoCreateInstance
114e83dfe9fe596dd1b04c3b2d8bff30	CoTaskMemRealloc
114e83dfe9fe596dd1b04c3b2d8bff30	CLSIDFromProgID
114e83dfe9fe596dd1b04c3b2d8bff30	RevokeDragDrop
114e83dfe9fe596dd1b04c3b2d8bff30	CoRegisterClassObject
114e83dfe9fe596dd1b04c3b2d8bff30	CoCreateInstanceEx
114e83dfe9fe596dd1b04c3b2d8bff30	CoCreateGuid
114e83dfe9fe596dd1b04c3b2d8bff30	CoTaskMemFree
114e83dfe9fe596dd1b04c3b2d8bff30	CLSIDFromString
114e83dfe9fe596dd1b04c3b2d8bff30	StringFromGUID2
114e83dfe9fe596dd1b04c3b2d8bff30	OleInitialize
114e83dfe9fe596dd1b04c3b2d8bff30	PathFindFileNameW
114e83dfe9fe596dd1b04c3b2d8bff30	SHCopyKeyW
114e83dfe9fe596dd1b04c3b2d8bff30	PathIsUNCW
114e83dfe9fe596dd1b04c3b2d8bff30	PathFindExtensionW
114e83dfe9fe596dd1b04c3b2d8bff30	PathStripToRootW
114e83dfe9fe596dd1b04c3b2d8bff30	PathMakeSystemFolderW
114e83dfe9fe596dd1b04c3b2d8bff30	PathUnmakeSystemFolderW
114e83dfe9fe596dd1b04c3b2d8bff30	GdipDrawImageRectRect
114e83dfe9fe596dd1b04c3b2d8bff30	GdipGetFontStyle
114e83dfe9fe596dd1b04c3b2d8bff30	GdipDrawRectangleI
114e83dfe9fe596dd1b04c3b2d8bff30	GdipCreateLineBrushFromRectWithAngleI
114e83dfe9fe596dd1b04c3b2d8bff30	GdipSaveGraphics
114e83dfe9fe596dd1b04c3b2d8bff30	GdipGetGenericFontFamilySansSerif
114e83dfe9fe596dd1b04c3b2d8bff30	GdipTranslateMatrix
114e83dfe9fe596dd1b04c3b2d8bff30	GdipSetPenBrushFill
114e83dfe9fe596dd1b04c3b2d8bff30	GdipCreateBitmapFromScan0
114e83dfe9fe596dd1b04c3b2d8bff30	GdipGetImageVerticalResolution
114e83dfe9fe596dd1b04c3b2d8bff30	GdipDisposeImage
114e83dfe9fe596dd1b04c3b2d8bff30	GdipImageSelectActiveFrame
114e83dfe9fe596dd1b04c3b2d8bff30	GdipGetFamilyName
114e83dfe9fe596dd1b04c3b2d8bff30	GdipGetFontSize
114e83dfe9fe596dd1b04c3b2d8bff30	GdipGetCompositingMode
114e83dfe9fe596dd1b04c3b2d8bff30	GdipGetTextRenderingHint
114e83dfe9fe596dd1b04c3b2d8bff30	GdipGetCellAscent
114e83dfe9fe596dd1b04c3b2d8bff30	GdipGetClipBounds
114e83dfe9fe596dd1b04c3b2d8bff30	GdipSetStringFormatAlign
114e83dfe9fe596dd1b04c3b2d8bff30	GdipImageGetFrameCount
114e83dfe9fe596dd1b04c3b2d8bff30	GdipGetImageWidth
114e83dfe9fe596dd1b04c3b2d8bff30	GdipDrawImageI
114e83dfe9fe596dd1b04c3b2d8bff30	GdipStringFormatGetGenericTypographic
114e83dfe9fe596dd1b04c3b2d8bff30	GdipCreateFont
114e83dfe9fe596dd1b04c3b2d8bff30	GdipCloneBrush
114e83dfe9fe596dd1b04c3b2d8bff30	GdipCloneStringFormat
114e83dfe9fe596dd1b04c3b2d8bff30	GdipSetClipRect
114e83dfe9fe596dd1b04c3b2d8bff30	GdipFree
114e83dfe9fe596dd1b04c3b2d8bff30	GdipGetImageRawFormat
114e83dfe9fe596dd1b04c3b2d8bff30	GdipGetImageHeight
114e83dfe9fe596dd1b04c3b2d8bff30	GdipDeleteStringFormat
114e83dfe9fe596dd1b04c3b2d8bff30	GdipTranslateWorldTransform
114e83dfe9fe596dd1b04c3b2d8bff30	GdipSetPenDashStyle
114e83dfe9fe596dd1b04c3b2d8bff30	GdipSetTextRenderingHint
114e83dfe9fe596dd1b04c3b2d8bff30	GdipCreateBitmapFromHICON
114e83dfe9fe596dd1b04c3b2d8bff30	GdipGetImageHorizontalResolution
114e83dfe9fe596dd1b04c3b2d8bff30	GdipSetImageAttributesColorMatrix
114e83dfe9fe596dd1b04c3b2d8bff30	GdipSaveImageToFile
114e83dfe9fe596dd1b04c3b2d8bff30	GdipMeasureString
114e83dfe9fe596dd1b04c3b2d8bff30	GdipTransformMatrixPoints
114e83dfe9fe596dd1b04c3b2d8bff30	GdipBitmapSetResolution
114e83dfe9fe596dd1b04c3b2d8bff30	GdiplusStartup
114e83dfe9fe596dd1b04c3b2d8bff30	GdipDrawImageRectRectI
114e83dfe9fe596dd1b04c3b2d8bff30	GdipGetFamily
114e83dfe9fe596dd1b04c3b2d8bff30	GdipFillPath
114e83dfe9fe596dd1b04c3b2d8bff30	GdipCreateBitmapFromStream
114e83dfe9fe596dd1b04c3b2d8bff30	GdipGetImageThumbnail
114e83dfe9fe596dd1b04c3b2d8bff30	GdipGetImageEncoders
114e83dfe9fe596dd1b04c3b2d8bff30	GdipFillRectangleI
114e83dfe9fe596dd1b04c3b2d8bff30	GdipDisposeImageAttributes
114e83dfe9fe596dd1b04c3b2d8bff30	GdipSetCompositingMode
114e83dfe9fe596dd1b04c3b2d8bff30	GdipClosePathFigure
114e83dfe9fe596dd1b04c3b2d8bff30	GdipCreateMatrix
114e83dfe9fe596dd1b04c3b2d8bff30	GdipDrawLine
114e83dfe9fe596dd1b04c3b2d8bff30	GdipRotateMatrix
114e83dfe9fe596dd1b04c3b2d8bff30	GdipGetImageGraphicsContext
114e83dfe9fe596dd1b04c3b2d8bff30	GdipRestoreGraphics
114e83dfe9fe596dd1b04c3b2d8bff30	GdipGetImageEncodersSize
114e83dfe9fe596dd1b04c3b2d8bff30	GdipBitmapLockBits
114e83dfe9fe596dd1b04c3b2d8bff30	GdipClonePen
114e83dfe9fe596dd1b04c3b2d8bff30	GdipGetCellDescent
114e83dfe9fe596dd1b04c3b2d8bff30	GdipStringFormatGetGenericDefault
114e83dfe9fe596dd1b04c3b2d8bff30	GdipDrawPath
114e83dfe9fe596dd1b04c3b2d8bff30	GdipDeleteFontFamily
114e83dfe9fe596dd1b04c3b2d8bff30	GdipCloneFontFamily
114e83dfe9fe596dd1b04c3b2d8bff30	GdipCreatePath
114e83dfe9fe596dd1b04c3b2d8bff30	GdipBitmapUnlockBits
114e83dfe9fe596dd1b04c3b2d8bff30	GdipFillRectangle
114e83dfe9fe596dd1b04c3b2d8bff30	GdipDeleteFont
114e83dfe9fe596dd1b04c3b2d8bff30	GdipSetPixelOffsetMode
114e83dfe9fe596dd1b04c3b2d8bff30	GdipGetPropertyItem
114e83dfe9fe596dd1b04c3b2d8bff30	GdipGetPropertyItemSize
114e83dfe9fe596dd1b04c3b2d8bff30	GdipDrawLineI
114e83dfe9fe596dd1b04c3b2d8bff30	GdipBitmapGetPixel
114e83dfe9fe596dd1b04c3b2d8bff30	GdipCreateFontFamilyFromName
114e83dfe9fe596dd1b04c3b2d8bff30	GdipSetStringFormatFlags
114e83dfe9fe596dd1b04c3b2d8bff30	GdipDeleteBrush
114e83dfe9fe596dd1b04c3b2d8bff30	GdipRotateWorldTransform
114e83dfe9fe596dd1b04c3b2d8bff30	GdipInvertMatrix
114e83dfe9fe596dd1b04c3b2d8bff30	GdipAddPathArcI
114e83dfe9fe596dd1b04c3b2d8bff30	GdipSetMatrixElements
114e83dfe9fe596dd1b04c3b2d8bff30	GdipSetClipRectI
114e83dfe9fe596dd1b04c3b2d8bff30	GdipGetStringFormatFlags
114e83dfe9fe596dd1b04c3b2d8bff30	GdipGetClipBoundsI
114e83dfe9fe596dd1b04c3b2d8bff30	GdipGetImagePixelFormat
114e83dfe9fe596dd1b04c3b2d8bff30	GdipCreateSolidFill
114e83dfe9fe596dd1b04c3b2d8bff30	GdipSetSmoothingMode
114e83dfe9fe596dd1b04c3b2d8bff30	GdipSetStringFormatTrimming
114e83dfe9fe596dd1b04c3b2d8bff30	GdipGetEmHeight
114e83dfe9fe596dd1b04c3b2d8bff30	GdipGetDC
114e83dfe9fe596dd1b04c3b2d8bff30	GdipDeleteMatrix
114e83dfe9fe596dd1b04c3b2d8bff30	GdipGetLineSpacing
114e83dfe9fe596dd1b04c3b2d8bff30	GdipDeleteGraphics
114e83dfe9fe596dd1b04c3b2d8bff30	GdipTransformPath
114e83dfe9fe596dd1b04c3b2d8bff30	GdipCreateImageAttributes
114e83dfe9fe596dd1b04c3b2d8bff30	GdipCreateFromHDC
114e83dfe9fe596dd1b04c3b2d8bff30	GdipCreatePen1
114e83dfe9fe596dd1b04c3b2d8bff30	GdipDrawRectangle
114e83dfe9fe596dd1b04c3b2d8bff30	GdipAlloc
114e83dfe9fe596dd1b04c3b2d8bff30	GdipDeletePath
114e83dfe9fe596dd1b04c3b2d8bff30	GdipDeletePen
114e83dfe9fe596dd1b04c3b2d8bff30	GdipSetInterpolationMode
114e83dfe9fe596dd1b04c3b2d8bff30	GdipDrawString
114e83dfe9fe596dd1b04c3b2d8bff30	GdipCloneImage
114e83dfe9fe596dd1b04c3b2d8bff30	GdipReleaseDC
114e83dfe9fe596dd1b04c3b2d8bff30	EnumProcesses
114e83dfe9fe596dd1b04c3b2d8bff30	GetModuleBaseNameW
114e83dfe9fe596dd1b04c3b2d8bff30	EnumProcessModules
114e83dfe9fe596dd1b04c3b2d8bff30	ImmReleaseContext
114e83dfe9fe596dd1b04c3b2d8bff30	ImmGetContext
2676342d7c3ee16b77ced6d439b7a025	CreateProcessA
2676342d7c3ee16b77ced6d439b7a025	SizeofResource
2676342d7c3ee16b77ced6d439b7a025	LoadResource
2676342d7c3ee16b77ced6d439b7a025	LockResource
2676342d7c3ee16b77ced6d439b7a025	WriteFile
2676342d7c3ee16b77ced6d439b7a025	CloseHandle
2676342d7c3ee16b77ced6d439b7a025	CreateFileA
2676342d7c3ee16b77ced6d439b7a025	FindResourceA
2676342d7c3ee16b77ced6d439b7a025	_adjust_fdiv
2676342d7c3ee16b77ced6d439b7a025	_initterm
2676342d7c3ee16b77ced6d439b7a025	malloc
2676342d7c3ee16b77ced6d439b7a025	free
2676342d7c3ee16b77ced6d439b7a025	sprintf
f4ec3d9118a49ab380160d31a02b10d2	CreateProcessA
f4ec3d9118a49ab380160d31a02b10d2	SizeofResource
f4ec3d9118a49ab380160d31a02b10d2	LoadResource
f4ec3d9118a49ab380160d31a02b10d2	LockResource
f4ec3d9118a49ab380160d31a02b10d2	WriteFile
f4ec3d9118a49ab380160d31a02b10d2	CloseHandle
f4ec3d9118a49ab380160d31a02b10d2	CreateFileA
f4ec3d9118a49ab380160d31a02b10d2	FindResourceA
f4ec3d9118a49ab380160d31a02b10d2	_adjust_fdiv
f4ec3d9118a49ab380160d31a02b10d2	_initterm
f4ec3d9118a49ab380160d31a02b10d2	malloc
f4ec3d9118a49ab380160d31a02b10d2	free
f4ec3d9118a49ab380160d31a02b10d2	sprintf
d8f787b902f4352a5591004318288135	CreateProcessA
d8f787b902f4352a5591004318288135	SizeofResource
d8f787b902f4352a5591004318288135	LoadResource
d8f787b902f4352a5591004318288135	LockResource
d8f787b902f4352a5591004318288135	WriteFile
d8f787b902f4352a5591004318288135	CloseHandle
d8f787b902f4352a5591004318288135	CreateFileA
d8f787b902f4352a5591004318288135	FindResourceA
d8f787b902f4352a5591004318288135	_adjust_fdiv
d8f787b902f4352a5591004318288135	_initterm
d8f787b902f4352a5591004318288135	malloc
d8f787b902f4352a5591004318288135	free
d8f787b902f4352a5591004318288135	sprintf
f4deafee8c3b72c7b630914960b84a81	CreateProcessA
f4deafee8c3b72c7b630914960b84a81	SizeofResource
f4deafee8c3b72c7b630914960b84a81	LoadResource
f4deafee8c3b72c7b630914960b84a81	LockResource
f4deafee8c3b72c7b630914960b84a81	WriteFile
f4deafee8c3b72c7b630914960b84a81	CloseHandle
f4deafee8c3b72c7b630914960b84a81	CreateFileA
f4deafee8c3b72c7b630914960b84a81	FindResourceA
f4deafee8c3b72c7b630914960b84a81	_adjust_fdiv
f4deafee8c3b72c7b630914960b84a81	_initterm
f4deafee8c3b72c7b630914960b84a81	malloc
f4deafee8c3b72c7b630914960b84a81	free
f4deafee8c3b72c7b630914960b84a81	sprintf
b446d89e5df1b1a822c59fcf024991eb	CreateProcessA
b446d89e5df1b1a822c59fcf024991eb	SizeofResource
b446d89e5df1b1a822c59fcf024991eb	LoadResource
b446d89e5df1b1a822c59fcf024991eb	LockResource
b446d89e5df1b1a822c59fcf024991eb	WriteFile
b446d89e5df1b1a822c59fcf024991eb	CloseHandle
b446d89e5df1b1a822c59fcf024991eb	CreateFileA
b446d89e5df1b1a822c59fcf024991eb	FindResourceA
b446d89e5df1b1a822c59fcf024991eb	_adjust_fdiv
b446d89e5df1b1a822c59fcf024991eb	_initterm
b446d89e5df1b1a822c59fcf024991eb	malloc
b446d89e5df1b1a822c59fcf024991eb	free
b446d89e5df1b1a822c59fcf024991eb	sprintf
a31a1cdfa4f0cfc7847ebc26bba23089	CreateProcessA
a31a1cdfa4f0cfc7847ebc26bba23089	SizeofResource
a31a1cdfa4f0cfc7847ebc26bba23089	LoadResource
a31a1cdfa4f0cfc7847ebc26bba23089	LockResource
a31a1cdfa4f0cfc7847ebc26bba23089	WriteFile
a31a1cdfa4f0cfc7847ebc26bba23089	CloseHandle
a31a1cdfa4f0cfc7847ebc26bba23089	CreateFileA
a31a1cdfa4f0cfc7847ebc26bba23089	FindResourceA
a31a1cdfa4f0cfc7847ebc26bba23089	_adjust_fdiv
a31a1cdfa4f0cfc7847ebc26bba23089	_initterm
a31a1cdfa4f0cfc7847ebc26bba23089	malloc
a31a1cdfa4f0cfc7847ebc26bba23089	free
a31a1cdfa4f0cfc7847ebc26bba23089	sprintf
19127d5f095707b6f3b6b027d7704743	GetSystemTime
19127d5f095707b6f3b6b027d7704743	GetLastError
19127d5f095707b6f3b6b027d7704743	EnumUILanguagesA
19127d5f095707b6f3b6b027d7704743	GetConsoleNlsMode
19127d5f095707b6f3b6b027d7704743	GetDriveTypeW
19127d5f095707b6f3b6b027d7704743	SetVDMCurrentDirectories
19127d5f095707b6f3b6b027d7704743	LoadResource
19127d5f095707b6f3b6b027d7704743	LoadLibraryA
19127d5f095707b6f3b6b027d7704743	RemoveDirectoryW
19127d5f095707b6f3b6b027d7704743	GetModuleHandleW
19127d5f095707b6f3b6b027d7704743	Beep
19127d5f095707b6f3b6b027d7704743	CompareStringW
19127d5f095707b6f3b6b027d7704743	CreateTapePartition
19127d5f095707b6f3b6b027d7704743	AddAtomA
19127d5f095707b6f3b6b027d7704743	GetNumberOfConsoleMouseButtons
19127d5f095707b6f3b6b027d7704743	VirtualProtect
19127d5f095707b6f3b6b027d7704743	GetVersionExA
19127d5f095707b6f3b6b027d7704743	GetFileAttributesW
19127d5f095707b6f3b6b027d7704743	CreateNamedPipeA
19127d5f095707b6f3b6b027d7704743	lstrcmpiW
19127d5f095707b6f3b6b027d7704743	GetSystemDefaultLangID
19127d5f095707b6f3b6b027d7704743	RaiseException
19127d5f095707b6f3b6b027d7704743	CreatePipe
19127d5f095707b6f3b6b027d7704743	GetCurrentProcess
19127d5f095707b6f3b6b027d7704743	SwitchToThread
19127d5f095707b6f3b6b027d7704743	BuildCommDCBAndTimeoutsA
19127d5f095707b6f3b6b027d7704743	GetLocaleInfoA
19127d5f095707b6f3b6b027d7704743	GetCurrentProcessId
19127d5f095707b6f3b6b027d7704743	GetLogicalDriveStringsA
19127d5f095707b6f3b6b027d7704743	DebugActiveProcessStop
19127d5f095707b6f3b6b027d7704743	ClearCommBreak
19127d5f095707b6f3b6b027d7704743	SetFileTime
19127d5f095707b6f3b6b027d7704743	GetCommandLineW
19127d5f095707b6f3b6b027d7704743	CreateActCtxA
19127d5f095707b6f3b6b027d7704743	GetDateFormatW
19127d5f095707b6f3b6b027d7704743	DeleteFileW
19127d5f095707b6f3b6b027d7704743	GetProcAddress
19127d5f095707b6f3b6b027d7704743	SetThreadUILanguage
19127d5f095707b6f3b6b027d7704743	GetLocaleInfoW
19127d5f095707b6f3b6b027d7704743	DeleteVolumeMountPointA
19127d5f095707b6f3b6b027d7704743	GetTimeFormatW
19127d5f095707b6f3b6b027d7704743	GetNextVDMCommand
19127d5f095707b6f3b6b027d7704743	GetSystemTimes
19127d5f095707b6f3b6b027d7704743	WideCharToMultiByte
19127d5f095707b6f3b6b027d7704743	GetFileAttributesA
19127d5f095707b6f3b6b027d7704743	MoveFileExW
19127d5f095707b6f3b6b027d7704743	GetSystemDirectoryW
19127d5f095707b6f3b6b027d7704743	ReadConsoleOutputCharacterW
19127d5f095707b6f3b6b027d7704743	InterlockedExchange
19127d5f095707b6f3b6b027d7704743	_hwrite
19127d5f095707b6f3b6b027d7704743	lstrcpyA
19127d5f095707b6f3b6b027d7704743	FindNextVolumeMountPointW
19127d5f095707b6f3b6b027d7704743	DeleteAtom
19127d5f095707b6f3b6b027d7704743	CloseHandle
19127d5f095707b6f3b6b027d7704743	IsProcessorFeaturePresent
19127d5f095707b6f3b6b027d7704743	GetLogicalDriveStringsW
19127d5f095707b6f3b6b027d7704743	ClearCommError
19127d5f095707b6f3b6b027d7704743	lstrcmpW
19127d5f095707b6f3b6b027d7704743	GetDiskFreeSpaceA
19127d5f095707b6f3b6b027d7704743	MoveFileExA
19127d5f095707b6f3b6b027d7704743	GetWindowsDirectoryA
19127d5f095707b6f3b6b027d7704743	FreeLibrary
19127d5f095707b6f3b6b027d7704743	LocalFree
19127d5f095707b6f3b6b027d7704743	UnregisterConsoleIME
19127d5f095707b6f3b6b027d7704743	GlobalMemoryStatus
19127d5f095707b6f3b6b027d7704743	GetThreadPriority
19127d5f095707b6f3b6b027d7704743	LocalSize
19127d5f095707b6f3b6b027d7704743	AllocateUserPhysicalPages
19127d5f095707b6f3b6b027d7704743	GetNumberFormatA
19127d5f095707b6f3b6b027d7704743	OutputDebugStringW
19127d5f095707b6f3b6b027d7704743	DeleteTimerQueueTimer
19127d5f095707b6f3b6b027d7704743	GetConsoleWindow
19127d5f095707b6f3b6b027d7704743	SearchPathA
19127d5f095707b6f3b6b027d7704743	AllocConsole
19127d5f095707b6f3b6b027d7704743	LocalAlloc
19127d5f095707b6f3b6b027d7704743	MoveFileW
19127d5f095707b6f3b6b027d7704743	IsBadStringPtrA
19127d5f095707b6f3b6b027d7704743	BackupSeek
19127d5f095707b6f3b6b027d7704743	SetLocaleInfoW
19127d5f095707b6f3b6b027d7704743	GetStartupInfoA
19127d5f095707b6f3b6b027d7704743	WriteConsoleW
19127d5f095707b6f3b6b027d7704743	CompareStringA
974e98f24068652d46ca81ea2a35de35	CreateProcessA
974e98f24068652d46ca81ea2a35de35	SizeofResource
974e98f24068652d46ca81ea2a35de35	LoadResource
974e98f24068652d46ca81ea2a35de35	LockResource
974e98f24068652d46ca81ea2a35de35	WriteFile
974e98f24068652d46ca81ea2a35de35	CloseHandle
974e98f24068652d46ca81ea2a35de35	CreateFileA
974e98f24068652d46ca81ea2a35de35	FindResourceA
974e98f24068652d46ca81ea2a35de35	_adjust_fdiv
974e98f24068652d46ca81ea2a35de35	_initterm
974e98f24068652d46ca81ea2a35de35	malloc
974e98f24068652d46ca81ea2a35de35	free
974e98f24068652d46ca81ea2a35de35	sprintf
12a998ef3d11d83a2f35dacaa8cb395c	LocalAlloc
12a998ef3d11d83a2f35dacaa8cb395c	GetLastError
12a998ef3d11d83a2f35dacaa8cb395c	InitializeCriticalSection
12a998ef3d11d83a2f35dacaa8cb395c	HeapFree
12a998ef3d11d83a2f35dacaa8cb395c	GetStdHandle
12a998ef3d11d83a2f35dacaa8cb395c	EnterCriticalSection
12a998ef3d11d83a2f35dacaa8cb395c	LCMapStringW
12a998ef3d11d83a2f35dacaa8cb395c	SetHandleCount
12a998ef3d11d83a2f35dacaa8cb395c	GetSystemInfo
12a998ef3d11d83a2f35dacaa8cb395c	WaitForSingleObject
12a998ef3d11d83a2f35dacaa8cb395c	GetOEMCP
12a998ef3d11d83a2f35dacaa8cb395c	LCMapStringA
12a998ef3d11d83a2f35dacaa8cb395c	HeapDestroy
12a998ef3d11d83a2f35dacaa8cb395c	ExitProcess
12a998ef3d11d83a2f35dacaa8cb395c	IsBadWritePtr
12a998ef3d11d83a2f35dacaa8cb395c	TlsAlloc
12a998ef3d11d83a2f35dacaa8cb395c	GetEnvironmentStringsW
12a998ef3d11d83a2f35dacaa8cb395c	GetVersionExA
12a998ef3d11d83a2f35dacaa8cb395c	LoadLibraryA
12a998ef3d11d83a2f35dacaa8cb395c	RtlUnwind
12a998ef3d11d83a2f35dacaa8cb395c	GetACP
12a998ef3d11d83a2f35dacaa8cb395c	FreeLibrary
12a998ef3d11d83a2f35dacaa8cb395c	GetCPInfo
12a998ef3d11d83a2f35dacaa8cb395c	FreeEnvironmentStringsA
12a998ef3d11d83a2f35dacaa8cb395c	DeleteCriticalSection
12a998ef3d11d83a2f35dacaa8cb395c	GetCurrentProcess
12a998ef3d11d83a2f35dacaa8cb395c	GetDriveTypeW
12a998ef3d11d83a2f35dacaa8cb395c	GetEnvironmentStrings
12a998ef3d11d83a2f35dacaa8cb395c	GetCurrentProcessId
12a998ef3d11d83a2f35dacaa8cb395c	CreateSemaphoreA
12a998ef3d11d83a2f35dacaa8cb395c	WaitForMultipleObjects
12a998ef3d11d83a2f35dacaa8cb395c	DeleteFileA
12a998ef3d11d83a2f35dacaa8cb395c	CreateThread
12a998ef3d11d83a2f35dacaa8cb395c	UnhandledExceptionFilter
12a998ef3d11d83a2f35dacaa8cb395c	TlsGetValue
12a998ef3d11d83a2f35dacaa8cb395c	MultiByteToWideChar
12a998ef3d11d83a2f35dacaa8cb395c	HeapSize
12a998ef3d11d83a2f35dacaa8cb395c	FreeEnvironmentStringsW
12a998ef3d11d83a2f35dacaa8cb395c	SetEvent
12a998ef3d11d83a2f35dacaa8cb395c	GetCommandLineA
12a998ef3d11d83a2f35dacaa8cb395c	GetProcAddress
12a998ef3d11d83a2f35dacaa8cb395c	GetStringTypeA
12a998ef3d11d83a2f35dacaa8cb395c	IsBadReadPtr
12a998ef3d11d83a2f35dacaa8cb395c	GetTempPathA
12a998ef3d11d83a2f35dacaa8cb395c	RaiseException
12a998ef3d11d83a2f35dacaa8cb395c	CreateFileA
12a998ef3d11d83a2f35dacaa8cb395c	ReleaseSemaphore
12a998ef3d11d83a2f35dacaa8cb395c	WideCharToMultiByte
12a998ef3d11d83a2f35dacaa8cb395c	TlsFree
12a998ef3d11d83a2f35dacaa8cb395c	GetModuleHandleA
12a998ef3d11d83a2f35dacaa8cb395c	ReadFile
12a998ef3d11d83a2f35dacaa8cb395c	InterlockedExchange
12a998ef3d11d83a2f35dacaa8cb395c	SetUnhandledExceptionFilter
12a998ef3d11d83a2f35dacaa8cb395c	WriteFile
12a998ef3d11d83a2f35dacaa8cb395c	InterlockedIncrement
12a998ef3d11d83a2f35dacaa8cb395c	CloseHandle
12a998ef3d11d83a2f35dacaa8cb395c	GetTempFileNameA
12a998ef3d11d83a2f35dacaa8cb395c	ExitThread
12a998ef3d11d83a2f35dacaa8cb395c	HeapReAlloc
12a998ef3d11d83a2f35dacaa8cb395c	GetStringTypeW
12a998ef3d11d83a2f35dacaa8cb395c	GetVersion
12a998ef3d11d83a2f35dacaa8cb395c	SetFileAttributesA
12a998ef3d11d83a2f35dacaa8cb395c	HeapAlloc
12a998ef3d11d83a2f35dacaa8cb395c	TerminateProcess
12a998ef3d11d83a2f35dacaa8cb395c	GetModuleFileNameA
12a998ef3d11d83a2f35dacaa8cb395c	QueryPerformanceCounter
12a998ef3d11d83a2f35dacaa8cb395c	GetEnvironmentVariableA
12a998ef3d11d83a2f35dacaa8cb395c	HeapCreate
12a998ef3d11d83a2f35dacaa8cb395c	VirtualFree
12a998ef3d11d83a2f35dacaa8cb395c	CreateEventA
12a998ef3d11d83a2f35dacaa8cb395c	InterlockedDecrement
12a998ef3d11d83a2f35dacaa8cb395c	GetFileType
12a998ef3d11d83a2f35dacaa8cb395c	TlsSetValue
12a998ef3d11d83a2f35dacaa8cb395c	IsBadCodePtr
12a998ef3d11d83a2f35dacaa8cb395c	GetTickCount
12a998ef3d11d83a2f35dacaa8cb395c	GetCurrentThreadId
12a998ef3d11d83a2f35dacaa8cb395c	LeaveCriticalSection
12a998ef3d11d83a2f35dacaa8cb395c	VirtualAlloc
12a998ef3d11d83a2f35dacaa8cb395c	GetStartupInfoA
12a998ef3d11d83a2f35dacaa8cb395c	SetLastError
12a998ef3d11d83a2f35dacaa8cb395c	ResetEvent
12a998ef3d11d83a2f35dacaa8cb395c	exit
12a998ef3d11d83a2f35dacaa8cb395c	SendMessageA
