md5	export_names
5ea9b56faa35f0b5a0e53fa9562256dd	CeyEvent@12
06259bafa939712ee25a3a80758bbace	ultrax
a0cbef5201bb1e687f30eaa0040006d1	Get
06a7f2cb8ca552f76ed01aa9d88e0b79	yertui
e71821754dd15cedc399b870e131dcfe	ultrax
2c8e5a6bed65c5f46f78e5f42ca83930	ikop32
94dbe985a972d16a2dbff991ca3dcc6e	ultrax
b40a8ea33de89a9d19fb88ca79d4318e	ultrax
c31e3c90c32de0261aff2af00e0d8693	_unger
775e0efaca7fe2f78b773d694139bda0	ultrax
5cf940404f22d21d1643cfb81bd116e0	ultrax
f9fd57995c43406ececa91501667e43a	rety64
35470315151902be4d56eda0ecd9bf84	yertui
db21fdb62cbd9db75697bea10001cee5	CeyEvent@12
4d26ab8e7e7e37756a449b98beab382b	_set32
0319bbe00248d58392d133b730340892	CeyEvent@12
