scan_id	total	number_of_pos	md5
05e43882f8669157c4aed9c196709beca37f9d89c3f828122ef9089fa3732c84-1508503171	65	48	ab5f9860eaf38019b356d1c52e293b57
13811980e883157e61ad3a2a2ac56764368daed5b886a78b79bd1c6fd798122c-1508463636	66	55	0d96df4667254727fed1f71d8d89318f
3ee555c13650c3030437af6ce183e68894a1c44547ea83929b286d219c79321f-1508461641	66	56	b4feabe45040373b6690c6b995187f91
624ae073c2535c7243348ce9f37e63efbe078ab9b918e82b57d55cca432db7dd-1508463651	65	54	114e83dfe9fe596dd1b04c3b2d8bff30
691d2aa81627b831524c42fa82cfc4ab62570b0f7c55c895d71c30fd4969ea96-1508503982	66	54	2676342d7c3ee16b77ced6d439b7a025
6ec0430f3eb5b3af37e0cda401cb12992fbcc543ae93e6090f72b7d13d210243-1508497785	67	52	f4ec3d9118a49ab380160d31a02b10d2
79ecfe6bde01c3f274f48b4f7666b5822ee9341845116137041c38d99aab39c3-1508498004	65	55	d8f787b902f4352a5591004318288135
a4390d9b65c2cbfa277f51cb247065b863b61babe2c3978632fbb3e180776a17-1508463585	67	56	f4deafee8c3b72c7b630914960b84a81
b47808bf0e832f606ec7b094323dc39dcb39bfe552780fbbe507db4bb49234f0-1508497512	66	56	b446d89e5df1b1a822c59fcf024991eb
cc3bbb09eed55c90b5e4d1be42dcbb32205205eca0299307d7682d3c2078a05f-1508503842	67	55	a31a1cdfa4f0cfc7847ebc26bba23089
e4e75f0f081777ca0b48b520b3927af2506255030ac89c5c6ae4f2aa91279afd-1508463669	64	53	19127d5f095707b6f3b6b027d7704743
f449c339127088c8ffa50298820b944558fa897d004271ed90506379d9ba837e-1508498104	67	57	974e98f24068652d46ca81ea2a35de35
fa91cb96d59127d1988f7eb1e5ce97bdb54d1bd152136b8d5478dfb1cbe22a47-1508498904	66	53	12a998ef3d11d83a2f35dacaa8cb395c
