md5	library_names
ab5f9860eaf38019b356d1c52e293b57	SETUPAPI.dll
ab5f9860eaf38019b356d1c52e293b57	KERNEL32.dll
ab5f9860eaf38019b356d1c52e293b57	msvcrt.dll
ab5f9860eaf38019b356d1c52e293b57	OLEAUT32.dll
ab5f9860eaf38019b356d1c52e293b57	ole32.dll
ab5f9860eaf38019b356d1c52e293b57	SHLWAPI.dll
ab5f9860eaf38019b356d1c52e293b57	WS2_32.dll
ab5f9860eaf38019b356d1c52e293b57	COMCTL32.dll
0d96df4667254727fed1f71d8d89318f	rsaenh.dll
0d96df4667254727fed1f71d8d89318f	kernel32.dll
0d96df4667254727fed1f71d8d89318f	user32.dll
0d96df4667254727fed1f71d8d89318f	clusapi.dll
b4feabe45040373b6690c6b995187f91	KERNEL32.dll
b4feabe45040373b6690c6b995187f91	MSVCRT.dll
114e83dfe9fe596dd1b04c3b2d8bff30	COMDLG32.dll
114e83dfe9fe596dd1b04c3b2d8bff30	urlmon.dll
114e83dfe9fe596dd1b04c3b2d8bff30	SHELL32.dll
114e83dfe9fe596dd1b04c3b2d8bff30	WINMM.dll
114e83dfe9fe596dd1b04c3b2d8bff30	WININET.dll
114e83dfe9fe596dd1b04c3b2d8bff30	GDI32.dll
114e83dfe9fe596dd1b04c3b2d8bff30	snmpapi.dll
114e83dfe9fe596dd1b04c3b2d8bff30	RICHED20.dll
114e83dfe9fe596dd1b04c3b2d8bff30	KERNEL32.dll
114e83dfe9fe596dd1b04c3b2d8bff30	msvcrt.dll
114e83dfe9fe596dd1b04c3b2d8bff30	OLEAUT32.dll
114e83dfe9fe596dd1b04c3b2d8bff30	NETAPI32.dll
114e83dfe9fe596dd1b04c3b2d8bff30	ADVAPI32.dll
114e83dfe9fe596dd1b04c3b2d8bff30	ole32.dll
114e83dfe9fe596dd1b04c3b2d8bff30	SHLWAPI.dll
114e83dfe9fe596dd1b04c3b2d8bff30	gdiplus.dll
114e83dfe9fe596dd1b04c3b2d8bff30	PSAPI.DLL
114e83dfe9fe596dd1b04c3b2d8bff30	IMM32.dll
2676342d7c3ee16b77ced6d439b7a025	KERNEL32.dll
2676342d7c3ee16b77ced6d439b7a025	MSVCRT.dll
f4ec3d9118a49ab380160d31a02b10d2	KERNEL32.dll
f4ec3d9118a49ab380160d31a02b10d2	MSVCRT.dll
d8f787b902f4352a5591004318288135	KERNEL32.dll
d8f787b902f4352a5591004318288135	MSVCRT.dll
f4deafee8c3b72c7b630914960b84a81	KERNEL32.dll
f4deafee8c3b72c7b630914960b84a81	MSVCRT.dll
b446d89e5df1b1a822c59fcf024991eb	KERNEL32.dll
b446d89e5df1b1a822c59fcf024991eb	MSVCRT.dll
a31a1cdfa4f0cfc7847ebc26bba23089	KERNEL32.dll
a31a1cdfa4f0cfc7847ebc26bba23089	MSVCRT.dll
19127d5f095707b6f3b6b027d7704743	KERNEL32.dll
974e98f24068652d46ca81ea2a35de35	KERNEL32.dll
974e98f24068652d46ca81ea2a35de35	MSVCRT.dll
12a998ef3d11d83a2f35dacaa8cb395c	KERNEL32.dll
12a998ef3d11d83a2f35dacaa8cb395c	msvcrt.dll
12a998ef3d11d83a2f35dacaa8cb395c	USER32.dll
