md5	export_names
ab5f9860eaf38019b356d1c52e293b57	AttacksProblemCompared
ab5f9860eaf38019b356d1c52e293b57	CentreAISIOther
ab5f9860eaf38019b356d1c52e293b57	ComputingIntentionsBotnet
ab5f9860eaf38019b356d1c52e293b57	DevelopmentCapabilities
ab5f9860eaf38019b356d1c52e293b57	EveryThree
ab5f9860eaf38019b356d1c52e293b57	Forms
ab5f9860eaf38019b356d1c52e293b57	Frontline
ab5f9860eaf38019b356d1c52e293b57	InBranchEnthusiasm
ab5f9860eaf38019b356d1c52e293b57	IncidentsRapidly
ab5f9860eaf38019b356d1c52e293b57	Me
ab5f9860eaf38019b356d1c52e293b57	Media
ab5f9860eaf38019b356d1c52e293b57	TechnicalStreamlineDuring
ab5f9860eaf38019b356d1c52e293b57	TechniquesImpactIncreasingly
ab5f9860eaf38019b356d1c52e293b57	TheConfidentDigital
ab5f9860eaf38019b356d1c52e293b57	Then
0d96df4667254727fed1f71d8d89318f	MMS1
0d96df4667254727fed1f71d8d89318f	MMS0
b4feabe45040373b6690c6b995187f91	PlayGame
114e83dfe9fe596dd1b04c3b2d8bff30	_WinMainExp@16
2676342d7c3ee16b77ced6d439b7a025	PlayGame
f4ec3d9118a49ab380160d31a02b10d2	PlayGame
d8f787b902f4352a5591004318288135	PlayGame
f4deafee8c3b72c7b630914960b84a81	PlayGame
b446d89e5df1b1a822c59fcf024991eb	PlayGame
a31a1cdfa4f0cfc7847ebc26bba23089	PlayGame
19127d5f095707b6f3b6b027d7704743	?dnGetFileSize@@YAKPBD@Z
19127d5f095707b6f3b6b027d7704743	??0dnDecalVertexPNTUV@@QAE@ABVdnVector2@@@Z
19127d5f095707b6f3b6b027d7704743	?Serialize@dnSkinMeshInstance@@QAEXAAVdnArchive@@@Z
19127d5f095707b6f3b6b027d7704743	?GetRelativePath@dnAnimationDirectory@@QBEPBDXZ
19127d5f095707b6f3b6b027d7704743	?Get_R_Frames@dnAnimation@@QBEPBUdnCompressedKeyFrame_R@@E@Z
19127d5f095707b6f3b6b027d7704743	?GetIsGroup@dnAnimationNode@@UBEHXZ
19127d5f095707b6f3b6b027d7704743	??1dnAnimation@@UAE@XZ
19127d5f095707b6f3b6b027d7704743	?GetShortName@dnAnimationNode@@UBEPBDXZ
19127d5f095707b6f3b6b027d7704743	?Get_Uncompressed_R_Frames@dnAnimation@@QBEPBUdnKeyFrame_R@@E@Z
19127d5f095707b6f3b6b027d7704743	?Serialize1@dnAnimationPoseGrid2D@@AAEHAAVdnArchive@@@Z
19127d5f095707b6f3b6b027d7704743	?GetVectorsLOD@dnSkinMeshInstance@@QBEEXZ
19127d5f095707b6f3b6b027d7704743	?SetMaterial@dnSkinMeshInstance@@QBEXEPBVUMaterialEx@@@Z
19127d5f095707b6f3b6b027d7704743	?GetBoneTris@dnSkinMeshInstance@@QBEABV?$dnArray@UdnSkinMeshTriInfo@@@@E@Z
19127d5f095707b6f3b6b027d7704743	?Reload@dnAnimationNode@@QAEXXZ
19127d5f095707b6f3b6b027d7704743	?GetBones@dnAnimationGroup@@UBEABV?$dnArray@VdnBone@@@@XZ
19127d5f095707b6f3b6b027d7704743	?AddAnimInstance@dnAnimationGrid1DInstance@@AAEXPAVdnAnimationInstance@@@Z
19127d5f095707b6f3b6b027d7704743	?GetSkeletonFile@dnDefinition@@QBEPBDXZ
19127d5f095707b6f3b6b027d7704743	?GetSkinMeshLODMgr@dnDefinition@@QBEPBVdnSkinMeshLODMgr@@XZ
19127d5f095707b6f3b6b027d7704743	?Init_DLC@dnAnimationMgr@@YAHPB_W@Z
19127d5f095707b6f3b6b027d7704743	?SetSettings@dnAnimationNode@@QAEXABUdnAnimationSettings@@@Z
19127d5f095707b6f3b6b027d7704743	?GetMaxVertexIndex@dnSkinMeshInstance@@QBEGE@Z
19127d5f095707b6f3b6b027d7704743	?GetMinVertexIndex@dnSkinMeshInstance@@QBEGE@Z
19127d5f095707b6f3b6b027d7704743	?GetAnimation@dnDefinition@@QBEPBVdnAnimationResource@@PBDAAH@Z
19127d5f095707b6f3b6b027d7704743	??_7dnAnimationMedley@@6B@
19127d5f095707b6f3b6b027d7704743	?Update@dnAnimationPoseGrid2DInstance@@UAEXMPAVdnBone@@H@Z
19127d5f095707b6f3b6b027d7704743	?Init@dnAnimationPoseGrid2DInstance@@UAEHPBD0PBVdnSkeletonInstance@@ABUdnAnimationSettings@@@Z
19127d5f095707b6f3b6b027d7704743	?GetMax_S_Value@dnAnimation@@QBEFXZ
19127d5f095707b6f3b6b027d7704743	?r_ThreadSkinning@@3HA
19127d5f095707b6f3b6b027d7704743	?GetName@dnBoneSet@@QBEPBDXZ
19127d5f095707b6f3b6b027d7704743	?ExportInit@dnSkinMesh@@AAEHABVdnSkeleton@@AAV?$dnArray@V?$dnArray@UdnSkinMeshExportTri@@@@@@ABVdnMatrix44@@@Z
19127d5f095707b6f3b6b027d7704743	?ExportComputeAABBs@dnSkinMesh@@AAEXABVdnSkeleton@@@Z
19127d5f095707b6f3b6b027d7704743	?GetIsDone@dnAnimationInstance@@UBEHXZ
19127d5f095707b6f3b6b027d7704743	?Serialize0@dnAnimationPoseGrid2D@@AAEHAAVdnArchive@@@Z
19127d5f095707b6f3b6b027d7704743	?GetNumActiveBones@dnAnimationInstance@@QBEEXZ
19127d5f095707b6f3b6b027d7704743	?g_SkeletonNameTable@@3V?$dnHashTable@PBDH@@A
19127d5f095707b6f3b6b027d7704743	?Reset@dnSkinMeshInstance@@QAEXXZ
19127d5f095707b6f3b6b027d7704743	??0dnAnimationPoseGrid1DInstance@@QAE@XZ
19127d5f095707b6f3b6b027d7704743	??_7dnAnimationResource@@6B@
19127d5f095707b6f3b6b027d7704743	?ExportInit@dnAnimationPoseGrid1D@@AAEHPBDABVdnMatrix44@@1HH@Z
19127d5f095707b6f3b6b027d7704743	?GetLastHistTriInfo@dnSkinMeshInstance@@QBEPBUdnSkinMeshTriInfo@@XZ
974e98f24068652d46ca81ea2a35de35	PlayGame
