subsystem	subsystem_version	machine_type	time_stamp	code_size	initialized_data_size	unitialized_data_size	os_version	magic	pe_entry_point	md5
Windows GUI	4.0	Intel 386 or later, and compatibles	2020:08:01 02:42:47+00:00	25088	118784	1024	4.0	PE32 executable for MS Windows (GUI) Intel 80386 32-bit	13074	d890288be49de6efb57c4f878a3a1d8d
Windows GUI	4.0	Intel 386 or later, and compatibles	2019:01:07 09:09:57+00:00	37376	39424	131072	4.0	PE32 executable for MS Windows (GUI) Intel 80386 32-bit	17246	6439c37a0e87cb41c5c698522d2d85b9
Windows GUI	4.0	Intel 386 or later, and compatibles	2001:10:21 10:37:45+00:00	36864	3682304	0	4.0	PE32 executable for MS Windows (GUI) Intel 80386 32-bit	6809518	4135dd030bca24aa9756f09dc0f3a8ce
Windows GUI	4.0	Intel 386 or later, and compatibles	1992:06:19 22:22:17+00:00	163840	52736	0	4.0	PE32 executable for MS Windows (GUI) Intel 80386 32-bit	241665	19c59ff7b80ce012c6c86ce6506dd436
Windows GUI	4.0	Intel 386 or later, and compatibles	2009:10:26 14:18:18+00:00	4096	0	0	4.0	PE32 executable for MS Windows (GUI) Intel 80386 32-bit	405504	171fa518e57980b19b6374721673717c
Windows GUI	4.0	Intel 386 or later, and compatibles	2019:01:07 09:09:57+00:00	37376	39424	131072	4.0	PE32 executable for MS Windows (GUI) Intel 80386 32-bit	17246	1179c9a17d8ff4936f4178d1f0f5061b
Windows GUI	4.0	Intel 386 or later, and compatibles	2010:11:20 09:03:08+00:00	36864	3682304	0	4.0	PE32 executable for MS Windows (GUI) Intel 80386 32-bit	39446	e25c046e498a92695ac5048ce17358fe
Windows GUI	4.0	Intel 386 or later, and compatibles	2020:08:01 02:42:47+00:00	25088	118784	1024	4.0	PE32 executable for MS Windows (GUI) Intel 80386 32-bit	13074	95567b62ae6a0e692de7209e70320d56
Windows GUI	4.0	Intel 386 or later, and compatibles	2009:10:26 14:18:18+00:00	4096	0	0	4.0	PE32 executable for MS Windows (GUI) Intel 80386 32-bit	405504	9fa41594ac0b7117536e64d311d4f1c6
Windows GUI	4.0	Intel 386 or later, and compatibles	2009:10:26 14:18:18+00:00	4096	0	0	4.0	PE32 executable for MS Windows (GUI) Intel 80386 32-bit	405504	ace11db0ab9c7d43b86d4d0e0a109a99
Windows GUI	4.0	Intel 386 or later, and compatibles	2019:01:07 09:09:57+00:00	37376	39424	131072	4.0	PE32 executable for MS Windows (GUI) Intel 80386 32-bit	17246	127117b70118e0aa86913738978231d4
Windows GUI	4.0	Intel 386 or later, and compatibles	2020:08:01 02:42:47+00:00	25088	118784	1024	4.0	PE32 executable for MS Windows (GUI) Intel 80386 32-bit	13074	51771f9984d0ca5aa35a753312d59b29
Windows GUI	4.0	Intel 386 or later, and compatibles	2019:01:07 09:09:57+00:00	37376	39424	131072	4.0	PE32 executable for MS Windows (GUI) Intel 80386 32-bit	17246	a1c2e2101c3bf27c21b9783401211633
Windows GUI	4.0	Intel 386 or later, and compatibles	1992:06:19 22:22:17+00:00	163840	52736	0	4.0	PE32 executable for MS Windows (GUI) Intel 80386 32-bit	241665	2d62408ad1bbb0916799e53bd4849d79
Windows GUI	4.0	Intel 386 or later, and compatibles	1992:06:19 22:22:17+00:00	155648	20480	299008	4.0	PE32 executable for MS Windows (GUI) Intel 80386 32-bit	457216	d8e664cd6ca0b9e36954eae6d0fc1ab4
Windows GUI	4.0	Intel 386 or later, and compatibles	2010:11:20 09:05:05+00:00	28672	3481600	0	4.0	PE32 executable for MS Windows (GUI) Intel 80386 32-bit	30650	3ccaa89f776cea78ecf594df2c590ead
Windows GUI	4.0	Intel 386 or later, and compatibles	2019:01:07 09:09:57+00:00	37376	39424	131072	4.0	PE32 executable for MS Windows (GUI) Intel 80386 32-bit	17246	3b8b0570bb025ccc029e6ded41e93c0e
Windows GUI	5.1	Intel 386 or later, and compatibles	2018:06:19 00:49:16+00:00	80896	110592	0	5.1	PE32 executable for MS Windows (GUI) Intel 80386 32-bit	39996	c00317237e48a4385154e5145d716ce8
Windows GUI	4.0	Intel 386 or later, and compatibles	2019:01:07 09:09:57+00:00	37376	39424	131072	4.0	PE32 executable for MS Windows (GUI) Intel 80386 32-bit	17246	e67d44ca7ac773031c3f6acc5306ae3c
Windows GUI	4.0	Intel 386 or later, and compatibles	2010:11:20 09:03:08+00:00	36864	3682304	0	4.0	PE32 executable for MS Windows (GUI) Intel 80386 32-bit	39446	c0eed006d894319f20c2a585260084d7
Windows GUI	5.1	Intel 386 or later, and compatibles	1998:07:30 21:01:02+00:00	204288	845824	0	5.1	PE32 executable for MS Windows (GUI) Intel 80386 32-bit	53292	b1c4e1e3337c43420008ffc9dbfcda97
