md5	sha1	sha256	vt_first_seen	mime_type	file_type	pe_file	file_type_extension
d890288be49de6efb57c4f878a3a1d8d	948d437f950ef3016295f9ee41a21457580ca49d	04857a290be2141e2a78fcde5b83e3dbf07ed985c07af16eeebc21f526409ce7	2021-04-15 03:57:27	application/octet-stream	Win32 EXE	PE32	exe
6439c37a0e87cb41c5c698522d2d85b9	d99d05a0b34e13787ec01a01301ab3ae5456a61a	1a1375637a97f73e5eb6e928a105a9699fcb6732e0b700743dc881a3360dd679	2021-04-15 04:32:50	application/octet-stream	Win32 EXE	PE32	exe
4135dd030bca24aa9756f09dc0f3a8ce	d553523f02b62176e516c3b4a27e071329fb8bd3	2681af80d5d47e303bf71a086efa72d5876a7853dff4f5f54cd7b5d96b8ff2c8	2021-04-15 04:19:16	application/octet-stream	Win32 EXE	PE32	exe
19c59ff7b80ce012c6c86ce6506dd436	6a4a81382808e695f38ec032c49ce7c897779b84	385d0a338ee64bf52cb61a72dcf4279d58d1552ffd32f07309df07af9a885bf2	2021-04-15 03:06:57	application/octet-stream	Win32 EXE	PE32	exe
171fa518e57980b19b6374721673717c	ce0b349ff9868fafa35d37d0809bb238cc5dc9b5	3bc7f7dad3a584bfecc41dc8b268514c1eb3e2daa38d6367bb3ec3ac6b3a99be	2021-04-15 04:29:22	application/octet-stream	Win32 EXE	PE32	exe
1179c9a17d8ff4936f4178d1f0f5061b	8a7a21c66a3540c8c7af47e51945e539bc1790b9	3cec95009cccaad2afc9918ae3baf2b10271342f2ce63e96239204d60997225f	2021-04-15 03:39:01	application/octet-stream	Win32 EXE	PE32	exe
e25c046e498a92695ac5048ce17358fe	3db014fdae5e862a08ce1a4fb49894683c59ac56	424ebfce774cce4088139322522ae8eaf5553cc8117cb2ff52f7243295dca5f4	2021-04-15 04:20:11	application/octet-stream	Win32 EXE	PE32	exe
95567b62ae6a0e692de7209e70320d56	4709866fb39190cd6e18db982ca0ef318e47da0d	4dad0f6dc151427711667b215a2da3c6cad38ef1d073df62aab1059c5e3640ee	2021-04-15 02:57:24	application/octet-stream	Win32 EXE	PE32	exe
9fa41594ac0b7117536e64d311d4f1c6	b25620885927dc8b788074a09731fd35c220631c	64c7509277ef09826dda0f6c28add3540fd386be0086899941bbd36a09d157bf	2021-04-15 04:25:18	application/octet-stream	Win32 EXE	PE32	exe
ace11db0ab9c7d43b86d4d0e0a109a99	672dc80f9d69c8775ad403c3d89c1aefc3d3f68b	7308b0436e11f1eeb5a598ad068454190deee8f9cd4ae5e88babc8c11e38bd6a	2021-04-15 04:22:31	application/octet-stream	Win32 EXE	PE32	exe
127117b70118e0aa86913738978231d4	5561a91afaac22c3d3cd38f3f298ef119c7bb54f	7c37cfea94f4632c908e22ab0e2b850c3af23c27574658bdd1255f7310c6c816	2021-04-15 02:59:13	application/octet-stream	Win32 EXE	PE32	exe
51771f9984d0ca5aa35a753312d59b29	14bc593c911ad423af112273b2c924919e4d266c	8898271568ffbcb2d4075bf52e0c5f9ebd0180d560e2c254e9f0aefe47da1efb	2021-04-15 04:06:14	application/octet-stream	Win32 EXE	PE32	exe
a1c2e2101c3bf27c21b9783401211633	4829cba3639d09ed0269a7d3eb95ae8620e7c1a2	9a1187181bcd53bbf9973a3495f707dfc6eace1a122f3993941b14260b72e9ab	2021-04-15 04:43:00	application/octet-stream	Win32 EXE	PE32	exe
2d62408ad1bbb0916799e53bd4849d79	19a7016b0b9233d6469b9e1dfb21cea3ee8ccb0e	ad030b95b5c01d01664dbfb5334f6f976e64973248259d7442535ecb88dbf09e	2021-04-15 03:06:51	application/octet-stream	Win32 EXE	PE32	exe
d8e664cd6ca0b9e36954eae6d0fc1ab4	fb443ed524b00ba716be0dec6b2edd4b52c76869	d185e57268cbeb618ad1ebbac196cb47f44946a0eea6287b755d08e302801abf	2021-04-15 04:19:17	application/octet-stream	Win32 EXE	PE32	exe
3ccaa89f776cea78ecf594df2c590ead	c7392b74293f66ccc638aac0f891c91c5e62e472	d21c70611aa446e20374e438b71a5e5c8825ca512143bd6207f77d351ac52f33	2021-02-05 19:10:10	application/octet-stream	Win32 EXE	PE32	exe
3b8b0570bb025ccc029e6ded41e93c0e	192d78e660e8f34f440be48c6fc103a30b480f7e	efeae7ec9b9065e0afae8b6abf6726aa8e65d184f94eb25b6bd98f1ba63b01ae	2021-04-15 03:51:52	application/octet-stream	Win32 EXE	PE32	exe
c00317237e48a4385154e5145d716ce8	415a7e9347793a0fa0d68b9209fd32f1282f2310	f41f06205ac36a151a9d1931108b5529576b30da9ea45ea0a8113dab84dc02fc	2021-04-15 03:11:59	application/octet-stream	Win32 EXE	PE32	exe
e67d44ca7ac773031c3f6acc5306ae3c	b47bc438da0d32f610515b10f776a17de2024071	f7341724549fb772853aebb66b6ce234f008df833c2f231ec2244dca8ff701a0	2021-04-15 04:48:22	application/octet-stream	Win32 EXE	PE32	exe
c0eed006d894319f20c2a585260084d7	f3ea63396668307fd5e5271319f15d45a53cea0a	f84cb93adb1e657466e013fb865a4f4dd3446382c24931e11160dbd2c02814dc	2021-04-15 04:19:20	application/octet-stream	Win32 EXE	PE32	exe
b1c4e1e3337c43420008ffc9dbfcda97	22c0f59972e3e94e16cef9f0c2edb0d4ab0f4e7a	fff4134bdff4de8208292a81a5868228d50d1e4e9ef4b78e0d93035592c1c3c8	2021-04-15 04:45:48	application/octet-stream	Win32 EXE	PE32	exe
