md5	library_names
d890288be49de6efb57c4f878a3a1d8d	GDI32.dll
d890288be49de6efb57c4f878a3a1d8d	ADVAPI32.dll
d890288be49de6efb57c4f878a3a1d8d	KERNEL32.dll
d890288be49de6efb57c4f878a3a1d8d	SHELL32.dll
d890288be49de6efb57c4f878a3a1d8d	ole32.dll
d890288be49de6efb57c4f878a3a1d8d	USER32.dll
d890288be49de6efb57c4f878a3a1d8d	COMCTL32.dll
6439c37a0e87cb41c5c698522d2d85b9	GDI32.dll
6439c37a0e87cb41c5c698522d2d85b9	ADVAPI32.dll
6439c37a0e87cb41c5c698522d2d85b9	KERNEL32.dll
6439c37a0e87cb41c5c698522d2d85b9	SHELL32.dll
6439c37a0e87cb41c5c698522d2d85b9	ole32.dll
6439c37a0e87cb41c5c698522d2d85b9	USER32.dll
6439c37a0e87cb41c5c698522d2d85b9	COMCTL32.DLL
4135dd030bca24aa9756f09dc0f3a8ce	MSVCP60.dll
4135dd030bca24aa9756f09dc0f3a8ce	iphlpapi.dll
4135dd030bca24aa9756f09dc0f3a8ce	WININET.dll
4135dd030bca24aa9756f09dc0f3a8ce	KERNEL32.dll
4135dd030bca24aa9756f09dc0f3a8ce	MSVCRT.dll
4135dd030bca24aa9756f09dc0f3a8ce	ADVAPI32.dll
4135dd030bca24aa9756f09dc0f3a8ce	WS2_32.dll
19c59ff7b80ce012c6c86ce6506dd436	kernel32.dll
171fa518e57980b19b6374721673717c	KERNEL32.DLL
1179c9a17d8ff4936f4178d1f0f5061b	GDI32.dll
1179c9a17d8ff4936f4178d1f0f5061b	ADVAPI32.dll
1179c9a17d8ff4936f4178d1f0f5061b	KERNEL32.dll
1179c9a17d8ff4936f4178d1f0f5061b	SHELL32.dll
1179c9a17d8ff4936f4178d1f0f5061b	ole32.dll
1179c9a17d8ff4936f4178d1f0f5061b	USER32.dll
1179c9a17d8ff4936f4178d1f0f5061b	COMCTL32.DLL
e25c046e498a92695ac5048ce17358fe	MSVCP60.dll
e25c046e498a92695ac5048ce17358fe	iphlpapi.dll
e25c046e498a92695ac5048ce17358fe	WININET.dll
e25c046e498a92695ac5048ce17358fe	KERNEL32.dll
e25c046e498a92695ac5048ce17358fe	MSVCRT.dll
e25c046e498a92695ac5048ce17358fe	ADVAPI32.dll
e25c046e498a92695ac5048ce17358fe	WS2_32.dll
95567b62ae6a0e692de7209e70320d56	GDI32.dll
95567b62ae6a0e692de7209e70320d56	ADVAPI32.dll
95567b62ae6a0e692de7209e70320d56	KERNEL32.dll
95567b62ae6a0e692de7209e70320d56	SHELL32.dll
95567b62ae6a0e692de7209e70320d56	ole32.dll
95567b62ae6a0e692de7209e70320d56	USER32.dll
95567b62ae6a0e692de7209e70320d56	COMCTL32.dll
9fa41594ac0b7117536e64d311d4f1c6	KERNEL32.DLL
ace11db0ab9c7d43b86d4d0e0a109a99	KERNEL32.DLL
127117b70118e0aa86913738978231d4	GDI32.dll
127117b70118e0aa86913738978231d4	ADVAPI32.dll
127117b70118e0aa86913738978231d4	KERNEL32.dll
127117b70118e0aa86913738978231d4	SHELL32.dll
127117b70118e0aa86913738978231d4	ole32.dll
127117b70118e0aa86913738978231d4	USER32.dll
127117b70118e0aa86913738978231d4	COMCTL32.DLL
51771f9984d0ca5aa35a753312d59b29	GDI32.dll
51771f9984d0ca5aa35a753312d59b29	ADVAPI32.dll
51771f9984d0ca5aa35a753312d59b29	KERNEL32.dll
51771f9984d0ca5aa35a753312d59b29	SHELL32.dll
51771f9984d0ca5aa35a753312d59b29	ole32.dll
51771f9984d0ca5aa35a753312d59b29	USER32.dll
51771f9984d0ca5aa35a753312d59b29	COMCTL32.dll
a1c2e2101c3bf27c21b9783401211633	GDI32.dll
a1c2e2101c3bf27c21b9783401211633	ADVAPI32.dll
a1c2e2101c3bf27c21b9783401211633	KERNEL32.dll
a1c2e2101c3bf27c21b9783401211633	SHELL32.dll
a1c2e2101c3bf27c21b9783401211633	ole32.dll
a1c2e2101c3bf27c21b9783401211633	USER32.dll
a1c2e2101c3bf27c21b9783401211633	COMCTL32.DLL
2d62408ad1bbb0916799e53bd4849d79	kernel32.dll
d8e664cd6ca0b9e36954eae6d0fc1ab4	version.dll
d8e664cd6ca0b9e36954eae6d0fc1ab4	gdi32.dll
d8e664cd6ca0b9e36954eae6d0fc1ab4	advapi32.dll
d8e664cd6ca0b9e36954eae6d0fc1ab4	KERNEL32.DLL
d8e664cd6ca0b9e36954eae6d0fc1ab4	oleaut32.dll
d8e664cd6ca0b9e36954eae6d0fc1ab4	shell32.dll
d8e664cd6ca0b9e36954eae6d0fc1ab4	user32.dll
d8e664cd6ca0b9e36954eae6d0fc1ab4	comctl32.dll
3ccaa89f776cea78ecf594df2c590ead	ADVAPI32.dll
3ccaa89f776cea78ecf594df2c590ead	KERNEL32.dll
3ccaa89f776cea78ecf594df2c590ead	MSVCRT.dll
3ccaa89f776cea78ecf594df2c590ead	USER32.dll
3b8b0570bb025ccc029e6ded41e93c0e	GDI32.dll
3b8b0570bb025ccc029e6ded41e93c0e	ADVAPI32.dll
3b8b0570bb025ccc029e6ded41e93c0e	KERNEL32.dll
3b8b0570bb025ccc029e6ded41e93c0e	SHELL32.dll
3b8b0570bb025ccc029e6ded41e93c0e	ole32.dll
3b8b0570bb025ccc029e6ded41e93c0e	USER32.dll
3b8b0570bb025ccc029e6ded41e93c0e	COMCTL32.DLL
c00317237e48a4385154e5145d716ce8	KERNEL32.dll
c00317237e48a4385154e5145d716ce8	USER32.dll
e67d44ca7ac773031c3f6acc5306ae3c	GDI32.dll
e67d44ca7ac773031c3f6acc5306ae3c	ADVAPI32.dll
e67d44ca7ac773031c3f6acc5306ae3c	KERNEL32.dll
e67d44ca7ac773031c3f6acc5306ae3c	SHELL32.dll
e67d44ca7ac773031c3f6acc5306ae3c	ole32.dll
e67d44ca7ac773031c3f6acc5306ae3c	USER32.dll
e67d44ca7ac773031c3f6acc5306ae3c	COMCTL32.DLL
c0eed006d894319f20c2a585260084d7	MSVCP60.dll
c0eed006d894319f20c2a585260084d7	iphlpapi.dll
c0eed006d894319f20c2a585260084d7	WININET.dll
c0eed006d894319f20c2a585260084d7	KERNEL32.dll
c0eed006d894319f20c2a585260084d7	MSVCRT.dll
c0eed006d894319f20c2a585260084d7	ADVAPI32.dll
c0eed006d894319f20c2a585260084d7	WS2_32.dll
b1c4e1e3337c43420008ffc9dbfcda97	KERNEL32.dll
b1c4e1e3337c43420008ffc9dbfcda97	USER32.dll
