md5	function_names
b842e586cfa117df5d7769e20a894afb	CreateProcessA
b842e586cfa117df5d7769e20a894afb	SizeofResource
b842e586cfa117df5d7769e20a894afb	LoadResource
b842e586cfa117df5d7769e20a894afb	LockResource
b842e586cfa117df5d7769e20a894afb	WriteFile
b842e586cfa117df5d7769e20a894afb	CloseHandle
b842e586cfa117df5d7769e20a894afb	CreateFileA
b842e586cfa117df5d7769e20a894afb	FindResourceA
b842e586cfa117df5d7769e20a894afb	_adjust_fdiv
b842e586cfa117df5d7769e20a894afb	_initterm
b842e586cfa117df5d7769e20a894afb	malloc
b842e586cfa117df5d7769e20a894afb	free
b842e586cfa117df5d7769e20a894afb	sprintf
