md5	export_names
12ab2e0b7d6e6a54ef9a0b3b04124059	PlayGame
e9c7680e62b429a453a356c6429f9c03	PlayGame
d97b7a813774ee9af6db3775421617ce	PlayGame
8a60c5b26e7a3bda3934b22618791a2a	PlayGame
792e9d465e86235a9279a7bd356dc869	PlayGame
f86d9b9e04f2926f2e0e322376a83a50	PlayGame
747b122d2ac5005ca8f29a5b8dc4a510	PlayGame
36631678ad952e3a0f7dd5bccfa3d6f9	PlayGame
8825da30f90c04688eb33c3f78cbd195	PlayGame
51b2d63e9620e8cc494f44c9fe856a09	PlayGame
17ce16bf307c1059fe2fb55c0c48a483	PlayGame
8d7129d1ad154ae0f261b44b37b6ca01	PlayGame
7b8359d33138f036077cdb02d70d9e37	PlayGame
e47b15b0137d90824863a9dc6d105647	PlayGame
b9a3acb4c93f368acd8977476ab3d0b8	PlayGame
b005e31fe349236eb2043983be930c84	PlayGame
ce494e90f5ba942a3f1c0fe557e598bf	PlayGame
17464a712d66c4dc954e392394f920dd	PlayGame
ee9ca4f8f8ed58d719013d25637dcab5	PlayGame
7bbb6787fb351f808ce0f2a414ecc506	PlayGame
1ab81777afef8020251e6b7b9adfea17	PlayGame
b7aaeb286309a92f575247014054dc9a	PlayGame
3b22590fd6990e183b7ee20a4f0a698c	PlayGame
6d79ba975f8108d77440c5c47efd7c0a	PlayGame
6a75c79078d884b91588891f2e6e8447	PlayGame
95ae8e32eb8635e7eabe14ffbfaa777b	PlayGame
