md5	library_names
c13b6a4815df95652e45de3083655d6b	KERNEL32.dll
c13b6a4815df95652e45de3083655d6b	USER32.dll
c13b6a4815df95652e45de3083655d6b	GDI32.dll
f019038f0aab1cca9bf2b5562d452b4d	KERNEL32.dll
f019038f0aab1cca9bf2b5562d452b4d	USER32.dll
f019038f0aab1cca9bf2b5562d452b4d	GDI32.dll
52da5c1d916ea7cbdaff7e649ce99d9e	ADVAPI32.dll
52da5c1d916ea7cbdaff7e649ce99d9e	KERNEL32.dll
52da5c1d916ea7cbdaff7e649ce99d9e	USER32.dll
52da5c1d916ea7cbdaff7e649ce99d9e	ole32.dll
52da5c1d916ea7cbdaff7e649ce99d9e	GDI32.dll
111428bd294d133325cbb8f799f9b6dc	KERNEL32.dll
111428bd294d133325cbb8f799f9b6dc	ole32.dll
1e13acbb50134a4a9e58b07eeff7ab90	ADVAPI32.dll
1e13acbb50134a4a9e58b07eeff7ab90	KERNEL32.dll
1e13acbb50134a4a9e58b07eeff7ab90	USER32.dll
1e13acbb50134a4a9e58b07eeff7ab90	ole32.dll
1e13acbb50134a4a9e58b07eeff7ab90	GDI32.dll
145d51a5fbfe2b62f2aa59cf0e0424f2	KERNEL32.dll
145d51a5fbfe2b62f2aa59cf0e0424f2	ole32.dll
0eaa2e26fe08ef4a197865f0a321c8cc	KERNEL32.dll
0eaa2e26fe08ef4a197865f0a321c8cc	USER32.dll
0eaa2e26fe08ef4a197865f0a321c8cc	GDI32.dll
bc1a02b46d905294081fdd09360bda3d	ADVAPI32.dll
bc1a02b46d905294081fdd09360bda3d	KERNEL32.dll
bc1a02b46d905294081fdd09360bda3d	USER32.dll
bc1a02b46d905294081fdd09360bda3d	ole32.dll
bc1a02b46d905294081fdd09360bda3d	GDI32.dll
03243eac4b22bbb76dab865fbc7c85f3	KERNEL32.dll
03243eac4b22bbb76dab865fbc7c85f3	USER32.dll
03243eac4b22bbb76dab865fbc7c85f3	GDI32.dll
4a12911191d436aa3a2e7760d3ad61a3	KERNEL32.dll
4a12911191d436aa3a2e7760d3ad61a3	USER32.dll
4a12911191d436aa3a2e7760d3ad61a3	ole32.dll
4a12911191d436aa3a2e7760d3ad61a3	GDI32.dll
d80eb5170390c20665533195be89f4af	KERNEL32.dll
d80eb5170390c20665533195be89f4af	MSVCRT.dll
d80eb5170390c20665533195be89f4af	SHELL32.DLL
d80eb5170390c20665533195be89f4af	OLE32.DLL
d80eb5170390c20665533195be89f4af	USER32.DLL
d80eb5170390c20665533195be89f4af	COMCTL32.DLL
0c4ee25bada408404541bc1f4db93f3c	KERNEL32.dll
0c4ee25bada408404541bc1f4db93f3c	ole32.dll
145c78841af85802c88847bc5316d7c7	WININET.dll
145c78841af85802c88847bc5316d7c7	GDI32.dll
145c78841af85802c88847bc5316d7c7	ADVAPI32.dll
145c78841af85802c88847bc5316d7c7	KERNEL32.dll
145c78841af85802c88847bc5316d7c7	CRYPT32.dll
145c78841af85802c88847bc5316d7c7	SHELL32.dll
145c78841af85802c88847bc5316d7c7	PSAPI.DLL
145c78841af85802c88847bc5316d7c7	USER32.dll
8c30cc3e47451df160dc18ad7079cd3b	kernel32.dll
8c30cc3e47451df160dc18ad7079cd3b	user32.dll
0a2b48be671442fcd6eabc30294ce040	WININET.dll
0a2b48be671442fcd6eabc30294ce040	GDI32.dll
0a2b48be671442fcd6eabc30294ce040	ADVAPI32.dll
0a2b48be671442fcd6eabc30294ce040	KERNEL32.dll
0a2b48be671442fcd6eabc30294ce040	CRYPT32.dll
0a2b48be671442fcd6eabc30294ce040	SHELL32.dll
0a2b48be671442fcd6eabc30294ce040	PSAPI.DLL
0a2b48be671442fcd6eabc30294ce040	USER32.dll
c10916d5bd8c01953dff02923c6eb7ab	WININET.dll
c10916d5bd8c01953dff02923c6eb7ab	GDI32.dll
c10916d5bd8c01953dff02923c6eb7ab	ADVAPI32.dll
c10916d5bd8c01953dff02923c6eb7ab	KERNEL32.dll
c10916d5bd8c01953dff02923c6eb7ab	CRYPT32.dll
c10916d5bd8c01953dff02923c6eb7ab	SHELL32.dll
c10916d5bd8c01953dff02923c6eb7ab	PSAPI.DLL
c10916d5bd8c01953dff02923c6eb7ab	USER32.dll
07c773571b1bda4e6981afbe0dd59836	ADVAPI32.dll
07c773571b1bda4e6981afbe0dd59836	KERNEL32.dll
07c773571b1bda4e6981afbe0dd59836	USER32.dll
07c773571b1bda4e6981afbe0dd59836	ole32.dll
07c773571b1bda4e6981afbe0dd59836	GDI32.dll
938b81d31d20415b3729b7ec81fa1c26	KERNEL32.dll
938b81d31d20415b3729b7ec81fa1c26	USER32.dll
938b81d31d20415b3729b7ec81fa1c26	GDI32.dll
09247faec3c74bfc22a1fc24310a6576	KERNEL32.dll
09247faec3c74bfc22a1fc24310a6576	USER32.dll
09247faec3c74bfc22a1fc24310a6576	GDI32.dll
3437fc64e9a51548f3db6d3369206139	ADVAPI32.dll
3437fc64e9a51548f3db6d3369206139	KERNEL32.dll
3437fc64e9a51548f3db6d3369206139	msvcrt.dll
3437fc64e9a51548f3db6d3369206139	USER32.dll
3437fc64e9a51548f3db6d3369206139	GDI32.dll
460a0bd4b87293bbf4627e5446214830	KERNEL32.dll
460a0bd4b87293bbf4627e5446214830	ole32.dll
460a0bd4b87293bbf4627e5446214830	USER32.dll
944eb51221db80c87719e23d2158f2d7	KERNEL32.dll
944eb51221db80c87719e23d2158f2d7	ole32.dll
cba1a5b23dfa7194fd71999020f711ba	KERNEL32.dll
cba1a5b23dfa7194fd71999020f711ba	USER32.dll
cba1a5b23dfa7194fd71999020f711ba	GDI32.dll
4917bb35dcc18f56499291b29ee95fe9	KERNEL32.dll
4917bb35dcc18f56499291b29ee95fe9	ole32.dll
afe84c02cb0cf0a75a0b9a750e3f28d7	MSACM32.dll
afe84c02cb0cf0a75a0b9a750e3f28d7	COMDLG32.dll
afe84c02cb0cf0a75a0b9a750e3f28d7	WINHTTP.dll
afe84c02cb0cf0a75a0b9a750e3f28d7	pdh.dll
afe84c02cb0cf0a75a0b9a750e3f28d7	WINMM.dll
afe84c02cb0cf0a75a0b9a750e3f28d7	GDI32.dll
afe84c02cb0cf0a75a0b9a750e3f28d7	ADVAPI32.dll
afe84c02cb0cf0a75a0b9a750e3f28d7	KERNEL32.DLL
afe84c02cb0cf0a75a0b9a750e3f28d7	UxTheme.dll
afe84c02cb0cf0a75a0b9a750e3f28d7	USER32.dll
afe84c02cb0cf0a75a0b9a750e3f28d7	NETAPI32.dll
afe84c02cb0cf0a75a0b9a750e3f28d7	SHELL32.dll
afe84c02cb0cf0a75a0b9a750e3f28d7	RPCRT4.dll
afe84c02cb0cf0a75a0b9a750e3f28d7	ole32.dll
afe84c02cb0cf0a75a0b9a750e3f28d7	SHLWAPI.dll
afe84c02cb0cf0a75a0b9a750e3f28d7	PSAPI.DLL
afe84c02cb0cf0a75a0b9a750e3f28d7	COMCTL32.dll
afe84c02cb0cf0a75a0b9a750e3f28d7	USERENV.dll
0e25060d99046dbc5b2567ae5bbd0c2f	KERNEL32.dll
0e25060d99046dbc5b2567ae5bbd0c2f	ole32.dll
0c960d629363c0f0886d9307ff56678c	KERNEL32.dll
0c960d629363c0f0886d9307ff56678c	ole32.dll
138d8401efd0e43003746403cfaca1cc	KERNEL32.dll
138d8401efd0e43003746403cfaca1cc	USER32.dll
138d8401efd0e43003746403cfaca1cc	GDI32.dll
37be2187a8f3ff2b03b41f909f7534e2	SHELL32.dll
37be2187a8f3ff2b03b41f909f7534e2	KERNEL32.dll
37be2187a8f3ff2b03b41f909f7534e2	USER32.dll
37be2187a8f3ff2b03b41f909f7534e2	GDI32.dll
5a0e3b48a8b47c328ec681bae03118d2	WININET.dll
5a0e3b48a8b47c328ec681bae03118d2	GDI32.dll
5a0e3b48a8b47c328ec681bae03118d2	ADVAPI32.dll
5a0e3b48a8b47c328ec681bae03118d2	KERNEL32.dll
5a0e3b48a8b47c328ec681bae03118d2	CRYPT32.dll
5a0e3b48a8b47c328ec681bae03118d2	SHELL32.dll
5a0e3b48a8b47c328ec681bae03118d2	PSAPI.DLL
5a0e3b48a8b47c328ec681bae03118d2	USER32.dll
149e8a108b609a026e45e674f6a38a42	KERNEL32.dll
149e8a108b609a026e45e674f6a38a42	ole32.dll
09a6fdfaa84c6b0f63ae1e1899513830	KERNEL32.dll
09a6fdfaa84c6b0f63ae1e1899513830	USER32.dll
09a6fdfaa84c6b0f63ae1e1899513830	GDI32.dll
b67593cdf2a346ca17f25508d0ced6e4	ADVAPI32.dll
b67593cdf2a346ca17f25508d0ced6e4	KERNEL32.dll
b67593cdf2a346ca17f25508d0ced6e4	USER32.DLL
300141249dbb1efe9bbd9d32c495d482	WININET.dll
300141249dbb1efe9bbd9d32c495d482	GDI32.dll
300141249dbb1efe9bbd9d32c495d482	ADVAPI32.dll
300141249dbb1efe9bbd9d32c495d482	KERNEL32.dll
300141249dbb1efe9bbd9d32c495d482	CRYPT32.dll
300141249dbb1efe9bbd9d32c495d482	SHELL32.dll
300141249dbb1efe9bbd9d32c495d482	PSAPI.DLL
300141249dbb1efe9bbd9d32c495d482	USER32.dll
08d1b27afc5f34e072d405d379b6add0	KERNEL32.DLL
08d1b27afc5f34e072d405d379b6add0	GDI32.dll
08d1b27afc5f34e072d405d379b6add0	USER32.dll
044aed7a2c0b441ce7647c040b244c73	KERNEL32.dll
044aed7a2c0b441ce7647c040b244c73	ole32.dll
01d972afe381635ab95d1a85e9d37122	WININET.dll
01d972afe381635ab95d1a85e9d37122	GDI32.dll
01d972afe381635ab95d1a85e9d37122	ADVAPI32.dll
01d972afe381635ab95d1a85e9d37122	KERNEL32.dll
01d972afe381635ab95d1a85e9d37122	CRYPT32.dll
01d972afe381635ab95d1a85e9d37122	SHELL32.dll
01d972afe381635ab95d1a85e9d37122	PSAPI.DLL
01d972afe381635ab95d1a85e9d37122	USER32.dll
849c992b81ae6a130244805aab2557f9	KERNEL32.dll
849c992b81ae6a130244805aab2557f9	ole32.dll
849c992b81ae6a130244805aab2557f9	USER32.dll
f233680f86a5ef85ddc4fd8a690584ce	WININET.dll
f233680f86a5ef85ddc4fd8a690584ce	GDI32.dll
f233680f86a5ef85ddc4fd8a690584ce	ADVAPI32.dll
f233680f86a5ef85ddc4fd8a690584ce	KERNEL32.dll
f233680f86a5ef85ddc4fd8a690584ce	CRYPT32.dll
f233680f86a5ef85ddc4fd8a690584ce	SHELL32.dll
f233680f86a5ef85ddc4fd8a690584ce	PSAPI.DLL
f233680f86a5ef85ddc4fd8a690584ce	USER32.dll
15f4c23a5169a1f4c7aa05590e58180e	WININET.dll
15f4c23a5169a1f4c7aa05590e58180e	GDI32.dll
15f4c23a5169a1f4c7aa05590e58180e	ADVAPI32.dll
15f4c23a5169a1f4c7aa05590e58180e	KERNEL32.dll
15f4c23a5169a1f4c7aa05590e58180e	CRYPT32.dll
15f4c23a5169a1f4c7aa05590e58180e	SHELL32.dll
15f4c23a5169a1f4c7aa05590e58180e	PSAPI.DLL
15f4c23a5169a1f4c7aa05590e58180e	USER32.dll
213519c2edbfff7b8e500bcdb7be485e	WININET.dll
213519c2edbfff7b8e500bcdb7be485e	GDI32.dll
213519c2edbfff7b8e500bcdb7be485e	ADVAPI32.dll
213519c2edbfff7b8e500bcdb7be485e	KERNEL32.dll
213519c2edbfff7b8e500bcdb7be485e	CRYPT32.dll
213519c2edbfff7b8e500bcdb7be485e	SHELL32.dll
213519c2edbfff7b8e500bcdb7be485e	PSAPI.DLL
213519c2edbfff7b8e500bcdb7be485e	USER32.dll
09e4320768f94a75b03e79372deddd80	KERNEL32.dll
09e4320768f94a75b03e79372deddd80	ole32.dll
8874eefa66fc80432258e5f8b51efb90	KERNEL32.dll
8874eefa66fc80432258e5f8b51efb90	ole32.dll
1baf88550f90c9051a7415dc0c1db1bf	KERNEL32.dll
1baf88550f90c9051a7415dc0c1db1bf	USER32.dll
1baf88550f90c9051a7415dc0c1db1bf	GDI32.dll
53406d5f6bb73307978d7cb76704912f	WININET.dll
53406d5f6bb73307978d7cb76704912f	GDI32.dll
53406d5f6bb73307978d7cb76704912f	ADVAPI32.dll
53406d5f6bb73307978d7cb76704912f	KERNEL32.dll
53406d5f6bb73307978d7cb76704912f	CRYPT32.dll
53406d5f6bb73307978d7cb76704912f	SHELL32.dll
53406d5f6bb73307978d7cb76704912f	PSAPI.DLL
53406d5f6bb73307978d7cb76704912f	USER32.dll
0a046424b0057eebc3cb640d6435f132	WININET.dll
0a046424b0057eebc3cb640d6435f132	GDI32.dll
0a046424b0057eebc3cb640d6435f132	ADVAPI32.dll
0a046424b0057eebc3cb640d6435f132	KERNEL32.dll
0a046424b0057eebc3cb640d6435f132	CRYPT32.dll
0a046424b0057eebc3cb640d6435f132	SHELL32.dll
0a046424b0057eebc3cb640d6435f132	PSAPI.DLL
0a046424b0057eebc3cb640d6435f132	USER32.dll
0a853f42b8afd5d54e7faff22e73d17a	WININET.dll
0a853f42b8afd5d54e7faff22e73d17a	GDI32.dll
0a853f42b8afd5d54e7faff22e73d17a	ADVAPI32.dll
0a853f42b8afd5d54e7faff22e73d17a	KERNEL32.dll
0a853f42b8afd5d54e7faff22e73d17a	CRYPT32.dll
0a853f42b8afd5d54e7faff22e73d17a	SHELL32.dll
0a853f42b8afd5d54e7faff22e73d17a	PSAPI.DLL
0a853f42b8afd5d54e7faff22e73d17a	USER32.dll
8ac00642db35d3eb1a23d25c3ab3731a	ADVAPI32.dll
8ac00642db35d3eb1a23d25c3ab3731a	KERNEL32.dll
8ac00642db35d3eb1a23d25c3ab3731a	msvcrt.dll
8ac00642db35d3eb1a23d25c3ab3731a	USER32.dll
8ac00642db35d3eb1a23d25c3ab3731a	GDI32.dll
e66d8587f9a6c9be4600d400221e2388	ADVAPI32.dll
e66d8587f9a6c9be4600d400221e2388	KERNEL32.dll
e66d8587f9a6c9be4600d400221e2388	USER32.DLL
09b26c0da2362e0e5524f8c5d0672f91	KERNEL32.dll
09b26c0da2362e0e5524f8c5d0672f91	ole32.dll
e2d42a365b884f846d049af39ac47be0	ADVAPI32.dll
e2d42a365b884f846d049af39ac47be0	KERNEL32.dll
e2d42a365b884f846d049af39ac47be0	USER32.DLL
ee647bf5e177b0d0c4212306ee62b119	KERNEL32.DLL
ee647bf5e177b0d0c4212306ee62b119	GDI32.dll
ee647bf5e177b0d0c4212306ee62b119	USER32.dll
6b014c61c1275231e66f2a10faea8978	ADVAPI32.dll
6b014c61c1275231e66f2a10faea8978	KERNEL32.dll
6b014c61c1275231e66f2a10faea8978	USER32.DLL
3259a0dc78db4bf4f37785bc075d2094	KERNEL32.dll
3259a0dc78db4bf4f37785bc075d2094	ole32.dll
151aa7038956170ad5f15e4ee01dd487	ADVAPI32.dll
151aa7038956170ad5f15e4ee01dd487	KERNEL32.dll
151aa7038956170ad5f15e4ee01dd487	USER32.dll
151aa7038956170ad5f15e4ee01dd487	ole32.dll
151aa7038956170ad5f15e4ee01dd487	GDI32.dll
0a2de5e799143ae0087ceba4fe3af9b8	WININET.dll
0a2de5e799143ae0087ceba4fe3af9b8	GDI32.dll
0a2de5e799143ae0087ceba4fe3af9b8	ADVAPI32.dll
0a2de5e799143ae0087ceba4fe3af9b8	KERNEL32.dll
0a2de5e799143ae0087ceba4fe3af9b8	CRYPT32.dll
0a2de5e799143ae0087ceba4fe3af9b8	SHELL32.dll
0a2de5e799143ae0087ceba4fe3af9b8	PSAPI.DLL
0a2de5e799143ae0087ceba4fe3af9b8	USER32.dll
4e35d4f514fddaaede9f31fc8c7ea8d1	WININET.dll
4e35d4f514fddaaede9f31fc8c7ea8d1	GDI32.dll
4e35d4f514fddaaede9f31fc8c7ea8d1	ADVAPI32.dll
4e35d4f514fddaaede9f31fc8c7ea8d1	KERNEL32.dll
4e35d4f514fddaaede9f31fc8c7ea8d1	CRYPT32.dll
4e35d4f514fddaaede9f31fc8c7ea8d1	SHELL32.dll
4e35d4f514fddaaede9f31fc8c7ea8d1	PSAPI.DLL
4e35d4f514fddaaede9f31fc8c7ea8d1	USER32.dll
9398f817577a5e4e746901bc9019630c	ADVAPI32.dll
9398f817577a5e4e746901bc9019630c	KERNEL32.dll
9398f817577a5e4e746901bc9019630c	msvcrt.dll
9398f817577a5e4e746901bc9019630c	USER32.dll
9398f817577a5e4e746901bc9019630c	GDI32.dll
07fb5fb393b14c3235d306401993c501	KERNEL32.dll
07fb5fb393b14c3235d306401993c501	USER32.dll
07fb5fb393b14c3235d306401993c501	GDI32.dll
d38cdc1f56d2234792bc9817407f137e	WININET.dll
d38cdc1f56d2234792bc9817407f137e	GDI32.dll
d38cdc1f56d2234792bc9817407f137e	ADVAPI32.dll
d38cdc1f56d2234792bc9817407f137e	KERNEL32.dll
d38cdc1f56d2234792bc9817407f137e	CRYPT32.dll
d38cdc1f56d2234792bc9817407f137e	SHELL32.dll
d38cdc1f56d2234792bc9817407f137e	PSAPI.DLL
d38cdc1f56d2234792bc9817407f137e	USER32.dll
d10060a470a61f856e40897e3fe4baba	ADVAPI32.dll
d10060a470a61f856e40897e3fe4baba	KERNEL32.dll
d10060a470a61f856e40897e3fe4baba	USER32.dll
d10060a470a61f856e40897e3fe4baba	ole32.dll
d10060a470a61f856e40897e3fe4baba	GDI32.dll
db32013afdedee1634b6d3578131cd1c	KERNEL32.dll
db32013afdedee1634b6d3578131cd1c	ole32.dll
e0c21abf8fc0b46cb7472d4b72f5d20a	KERNEL32.dll
e0c21abf8fc0b46cb7472d4b72f5d20a	ole32.dll
8be7156a0a98e48dcce11173e4e434b5	KERNEL32.dll
8be7156a0a98e48dcce11173e4e434b5	ole32.dll
8be7156a0a98e48dcce11173e4e434b5	USER32.dll
c16c7005a823f17f5a4296b3a6a1c180	WININET.dll
c16c7005a823f17f5a4296b3a6a1c180	GDI32.dll
c16c7005a823f17f5a4296b3a6a1c180	ADVAPI32.dll
c16c7005a823f17f5a4296b3a6a1c180	KERNEL32.dll
c16c7005a823f17f5a4296b3a6a1c180	CRYPT32.dll
c16c7005a823f17f5a4296b3a6a1c180	SHELL32.dll
c16c7005a823f17f5a4296b3a6a1c180	PSAPI.DLL
c16c7005a823f17f5a4296b3a6a1c180	USER32.dll
12b5f53d4606a3a5192c53473722e202	KERNEL32.dll
12b5f53d4606a3a5192c53473722e202	ole32.dll
66be1d398ac9f14bfe93acbbc02db721	KERNEL32.dll
66be1d398ac9f14bfe93acbbc02db721	ole32.dll
6257057009dc28177db44744716ae088	KERNEL32.dll
6257057009dc28177db44744716ae088	USER32.dll
6257057009dc28177db44744716ae088	GDI32.dll
0f8f25fdd4616b5de969a659ef68df22	KERNEL32.dll
0f8f25fdd4616b5de969a659ef68df22	USER32.dll
0f8f25fdd4616b5de969a659ef68df22	GDI32.dll
b4fd87a7d2e209a0e3a4f3fb44da74b9	KERNEL32.dll
b4fd87a7d2e209a0e3a4f3fb44da74b9	USER32.dll
b4fd87a7d2e209a0e3a4f3fb44da74b9	GDI32.dll
4b3093c79f52ca55205da722fde1fbe0	ADVAPI32.dll
4b3093c79f52ca55205da722fde1fbe0	KERNEL32.dll
4b3093c79f52ca55205da722fde1fbe0	msvcrt.dll
4b3093c79f52ca55205da722fde1fbe0	USER32.dll
4b3093c79f52ca55205da722fde1fbe0	GDI32.dll
c42358e341018a6cc299f5416149a112	KERNEL32.dll
c42358e341018a6cc299f5416149a112	ole32.dll
a1e194ecb49ebb9c0a72b4c0b77b7a31	KERNEL32.dll
a1e194ecb49ebb9c0a72b4c0b77b7a31	ole32.dll
aaea11afd842e9e1313d4eea039ac639	ADVAPI32.dll
aaea11afd842e9e1313d4eea039ac639	KERNEL32.dll
aaea11afd842e9e1313d4eea039ac639	USER32.dll
aaea11afd842e9e1313d4eea039ac639	ole32.dll
aaea11afd842e9e1313d4eea039ac639	GDI32.dll
9b6b88743364e8e47de6766b04773e53	KERNEL32.dll
9b6b88743364e8e47de6766b04773e53	USER32.dll
9b6b88743364e8e47de6766b04773e53	GDI32.dll
3f4d18228203f89d96e34d000b2d9454	KERNEL32.dll
3f4d18228203f89d96e34d000b2d9454	ole32.dll
3f4d18228203f89d96e34d000b2d9454	USER32.dll
8289d796692c7b2499e09a590e2cf93b	KERNEL32.DLL
8289d796692c7b2499e09a590e2cf93b	GDI32.dll
8289d796692c7b2499e09a590e2cf93b	USER32.dll
04d125e2d9298eab488585515d75a1a0	KERNEL32.dll
04d125e2d9298eab488585515d75a1a0	ole32.dll
04d125e2d9298eab488585515d75a1a0	USER32.dll
15e6ab43252a8273a5548ae10b80d47c	KERNEL32.dll
15e6ab43252a8273a5548ae10b80d47c	USER32.dll
15e6ab43252a8273a5548ae10b80d47c	GDI32.dll
052268e9c885655d4a8828df51183c7c	KERNEL32.dll
052268e9c885655d4a8828df51183c7c	USER32.dll
052268e9c885655d4a8828df51183c7c	GDI32.dll
0e0d8e497739b603c854ee2ee77f1422	KERNEL32.dll
0e0d8e497739b603c854ee2ee77f1422	USER32.dll
0e0d8e497739b603c854ee2ee77f1422	GDI32.dll
a854da031f41d683984fcbaa84845e97	WININET.dll
a854da031f41d683984fcbaa84845e97	GDI32.dll
a854da031f41d683984fcbaa84845e97	ADVAPI32.dll
a854da031f41d683984fcbaa84845e97	KERNEL32.dll
a854da031f41d683984fcbaa84845e97	CRYPT32.dll
a854da031f41d683984fcbaa84845e97	SHELL32.dll
a854da031f41d683984fcbaa84845e97	PSAPI.DLL
a854da031f41d683984fcbaa84845e97	USER32.dll
6cb327ac993a169c4fc27a0424021c5a	KERNEL32.dll
6cb327ac993a169c4fc27a0424021c5a	ole32.dll
14933dce422f27f759d0d62fc014c601	ADVAPI32.dll
14933dce422f27f759d0d62fc014c601	KERNEL32.dll
14933dce422f27f759d0d62fc014c601	USER32.DLL
edac72a01d98145ad5fcd6ea7505241c	KERNEL32.dll
edac72a01d98145ad5fcd6ea7505241c	MSVCRT.dll
edac72a01d98145ad5fcd6ea7505241c	SHELL32.DLL
edac72a01d98145ad5fcd6ea7505241c	OLE32.DLL
edac72a01d98145ad5fcd6ea7505241c	USER32.DLL
edac72a01d98145ad5fcd6ea7505241c	COMCTL32.DLL
dcfae691602f294f5f6e93eb3827b07e	KERNEL32.dll
dcfae691602f294f5f6e93eb3827b07e	ole32.dll
dcfae691602f294f5f6e93eb3827b07e	USER32.dll
0e89d5295027605e591057b839400ca6	KERNEL32.dll
0e89d5295027605e591057b839400ca6	USER32.dll
0e89d5295027605e591057b839400ca6	GDI32.dll
5492734fee43dbf17414b79be0a19c08	ADVAPI32.dll
5492734fee43dbf17414b79be0a19c08	KERNEL32.dll
5492734fee43dbf17414b79be0a19c08	msvcrt.dll
5492734fee43dbf17414b79be0a19c08	USER32.dll
5492734fee43dbf17414b79be0a19c08	GDI32.dll
02fce33ddcd7561c32f12a2873b10598	WININET.dll
02fce33ddcd7561c32f12a2873b10598	GDI32.dll
02fce33ddcd7561c32f12a2873b10598	ADVAPI32.dll
02fce33ddcd7561c32f12a2873b10598	KERNEL32.dll
02fce33ddcd7561c32f12a2873b10598	CRYPT32.dll
02fce33ddcd7561c32f12a2873b10598	SHELL32.dll
02fce33ddcd7561c32f12a2873b10598	PSAPI.DLL
02fce33ddcd7561c32f12a2873b10598	USER32.dll
017cb5c582a9a0c7a0e93513fa3aec06	ADVAPI32.dll
017cb5c582a9a0c7a0e93513fa3aec06	KERNEL32.dll
017cb5c582a9a0c7a0e93513fa3aec06	USER32.dll
017cb5c582a9a0c7a0e93513fa3aec06	ole32.dll
017cb5c582a9a0c7a0e93513fa3aec06	GDI32.dll
b852b649964c449b345a7bc6ba1c77d2	WININET.dll
b852b649964c449b345a7bc6ba1c77d2	GDI32.dll
b852b649964c449b345a7bc6ba1c77d2	ADVAPI32.dll
b852b649964c449b345a7bc6ba1c77d2	KERNEL32.dll
b852b649964c449b345a7bc6ba1c77d2	CRYPT32.dll
b852b649964c449b345a7bc6ba1c77d2	SHELL32.dll
b852b649964c449b345a7bc6ba1c77d2	PSAPI.DLL
b852b649964c449b345a7bc6ba1c77d2	USER32.dll
647fb12a1bddffe0328a92891d3b8e4b	WININET.dll
647fb12a1bddffe0328a92891d3b8e4b	GDI32.dll
647fb12a1bddffe0328a92891d3b8e4b	ADVAPI32.dll
647fb12a1bddffe0328a92891d3b8e4b	KERNEL32.dll
647fb12a1bddffe0328a92891d3b8e4b	CRYPT32.dll
647fb12a1bddffe0328a92891d3b8e4b	SHELL32.dll
647fb12a1bddffe0328a92891d3b8e4b	PSAPI.DLL
647fb12a1bddffe0328a92891d3b8e4b	USER32.dll
061e4dbb95edd3b5abce65d32723dfa4	KERNEL32.dll
061e4dbb95edd3b5abce65d32723dfa4	ole32.dll
061e4dbb95edd3b5abce65d32723dfa4	USER32.dll
dccb7a4252d3574f0d90073fd1a8e1f2	KERNEL32.dll
dccb7a4252d3574f0d90073fd1a8e1f2	ole32.dll
fd20a3f98424ef24b5210fcba76377b8	WININET.dll
fd20a3f98424ef24b5210fcba76377b8	GDI32.dll
fd20a3f98424ef24b5210fcba76377b8	ADVAPI32.dll
fd20a3f98424ef24b5210fcba76377b8	KERNEL32.dll
fd20a3f98424ef24b5210fcba76377b8	CRYPT32.dll
fd20a3f98424ef24b5210fcba76377b8	SHELL32.dll
fd20a3f98424ef24b5210fcba76377b8	PSAPI.DLL
fd20a3f98424ef24b5210fcba76377b8	USER32.dll
9bb8cdc58bc24032f2bccc8b0990f50f	KERNEL32.dll
9bb8cdc58bc24032f2bccc8b0990f50f	USER32.dll
9bb8cdc58bc24032f2bccc8b0990f50f	ole32.dll
9bb8cdc58bc24032f2bccc8b0990f50f	GDI32.dll
02d9b29c62f71876b760b51204243e0e	KERNEL32.dll
02d9b29c62f71876b760b51204243e0e	ole32.dll
b06d346b49621c738e34280cd99e6016	MFC42.DLL
b06d346b49621c738e34280cd99e6016	KERNEL32.DLL
b06d346b49621c738e34280cd99e6016	MSVCRT.dll
b06d346b49621c738e34280cd99e6016	GDI32.dll
b06d346b49621c738e34280cd99e6016	USER32.dll
741be618a44352b88d9b4d846bdc0bb6	ADVAPI32.dll
741be618a44352b88d9b4d846bdc0bb6	KERNEL32.dll
741be618a44352b88d9b4d846bdc0bb6	USER32.DLL
0882db084f9b429452a125db1bdac5a2	ADVAPI32.dll
0882db084f9b429452a125db1bdac5a2	KERNEL32.dll
0882db084f9b429452a125db1bdac5a2	USER32.DLL
b1849b03795853db6d88ba92b15dc670	KERNEL32.dll
b1849b03795853db6d88ba92b15dc670	USER32.dll
b1849b03795853db6d88ba92b15dc670	ole32.dll
b1849b03795853db6d88ba92b15dc670	GDI32.dll
b1849b03795853db6d88ba92b15dc670	MSIMG32.dll
13b2adb2360452247140f0892ab4edb4	WININET.dll
13b2adb2360452247140f0892ab4edb4	GDI32.dll
13b2adb2360452247140f0892ab4edb4	ADVAPI32.dll
13b2adb2360452247140f0892ab4edb4	KERNEL32.dll
13b2adb2360452247140f0892ab4edb4	CRYPT32.dll
13b2adb2360452247140f0892ab4edb4	SHELL32.dll
13b2adb2360452247140f0892ab4edb4	PSAPI.DLL
13b2adb2360452247140f0892ab4edb4	USER32.dll
df7d0a1d008b32b0579fc5e1a22e5d93	KERNEL32.dll
df7d0a1d008b32b0579fc5e1a22e5d93	ole32.dll
df7d0a1d008b32b0579fc5e1a22e5d93	USER32.dll
048177f23c5e70bbc07aa690a4556797	KERNEL32.dll
048177f23c5e70bbc07aa690a4556797	USER32.dll
048177f23c5e70bbc07aa690a4556797	GDI32.dll
