md5	library_names
12ab2e0b7d6e6a54ef9a0b3b04124059	KERNEL32.dll
12ab2e0b7d6e6a54ef9a0b3b04124059	MSVCRT.dll
e9c7680e62b429a453a356c6429f9c03	KERNEL32.dll
e9c7680e62b429a453a356c6429f9c03	MSVCRT.dll
d97b7a813774ee9af6db3775421617ce	KERNEL32.dll
d97b7a813774ee9af6db3775421617ce	MSVCRT.dll
8a60c5b26e7a3bda3934b22618791a2a	KERNEL32.dll
8a60c5b26e7a3bda3934b22618791a2a	MSVCRT.dll
792e9d465e86235a9279a7bd356dc869	KERNEL32.dll
792e9d465e86235a9279a7bd356dc869	MSVCRT.dll
f86d9b9e04f2926f2e0e322376a83a50	KERNEL32.dll
f86d9b9e04f2926f2e0e322376a83a50	MSVCRT.dll
747b122d2ac5005ca8f29a5b8dc4a510	KERNEL32.dll
747b122d2ac5005ca8f29a5b8dc4a510	MSVCRT.dll
36631678ad952e3a0f7dd5bccfa3d6f9	KERNEL32.dll
36631678ad952e3a0f7dd5bccfa3d6f9	MSVCRT.dll
8825da30f90c04688eb33c3f78cbd195	KERNEL32.dll
8825da30f90c04688eb33c3f78cbd195	MSVCRT.dll
51b2d63e9620e8cc494f44c9fe856a09	KERNEL32.dll
51b2d63e9620e8cc494f44c9fe856a09	MSVCRT.dll
17ce16bf307c1059fe2fb55c0c48a483	KERNEL32.dll
17ce16bf307c1059fe2fb55c0c48a483	MSVCRT.dll
8d7129d1ad154ae0f261b44b37b6ca01	KERNEL32.dll
8d7129d1ad154ae0f261b44b37b6ca01	MSVCRT.dll
7b8359d33138f036077cdb02d70d9e37	KERNEL32.dll
7b8359d33138f036077cdb02d70d9e37	MSVCRT.dll
e47b15b0137d90824863a9dc6d105647	KERNEL32.dll
e47b15b0137d90824863a9dc6d105647	MSVCRT.dll
b9a3acb4c93f368acd8977476ab3d0b8	KERNEL32.dll
b9a3acb4c93f368acd8977476ab3d0b8	MSVCRT.dll
b005e31fe349236eb2043983be930c84	KERNEL32.dll
b005e31fe349236eb2043983be930c84	MSVCRT.dll
ce494e90f5ba942a3f1c0fe557e598bf	KERNEL32.dll
ce494e90f5ba942a3f1c0fe557e598bf	MSVCRT.dll
17464a712d66c4dc954e392394f920dd	KERNEL32.dll
17464a712d66c4dc954e392394f920dd	MSVCRT.dll
ee9ca4f8f8ed58d719013d25637dcab5	KERNEL32.dll
ee9ca4f8f8ed58d719013d25637dcab5	MSVCRT.dll
7bbb6787fb351f808ce0f2a414ecc506	KERNEL32.dll
7bbb6787fb351f808ce0f2a414ecc506	MSVCRT.dll
1ab81777afef8020251e6b7b9adfea17	KERNEL32.dll
1ab81777afef8020251e6b7b9adfea17	MSVCRT.dll
b7aaeb286309a92f575247014054dc9a	KERNEL32.dll
b7aaeb286309a92f575247014054dc9a	MSVCRT.dll
3b22590fd6990e183b7ee20a4f0a698c	KERNEL32.dll
3b22590fd6990e183b7ee20a4f0a698c	MSVCRT.dll
6d79ba975f8108d77440c5c47efd7c0a	KERNEL32.dll
6d79ba975f8108d77440c5c47efd7c0a	MSVCRT.dll
6a75c79078d884b91588891f2e6e8447	KERNEL32.dll
6a75c79078d884b91588891f2e6e8447	MSVCRT.dll
95ae8e32eb8635e7eabe14ffbfaa777b	KERNEL32.dll
95ae8e32eb8635e7eabe14ffbfaa777b	MSVCRT.dll
