subsystem	subsystem_version	machine_type	time_stamp	code_size	initialized_data_size	unitialized_data_size	os_version	magic	pe_entry_point	md5
				0	0	0		PE32 executable for MS Windows (GUI) Intel 80386 32-bit	8696	c13b6a4815df95652e45de3083655d6b
Windows GUI	5.1	Intel 386 or later, and compatibles	2018:03:06 18:42:16+01:00	57856	3784192	0	5.1	PE32 executable for MS Windows (GUI) Intel 80386 32-bit	7549	f019038f0aab1cca9bf2b5562d452b4d
Windows GUI	5.1	Intel 386 or later, and compatibles	2018:04:11 16:00:48+02:00	18944	1641472	0	5.1	PE32 executable for MS Windows (GUI) Intel 80386 32-bit	7238	52da5c1d916ea7cbdaff7e649ce99d9e
Windows GUI	5.1	Intel 386 or later, and compatibles	2018:04:18 06:05:41+02:00	111104	1290240	0	5.1	PE32 executable for MS Windows (GUI) Intel 80386 32-bit	41504	111428bd294d133325cbb8f799f9b6dc
Windows GUI	5.1	Intel 386 or later, and compatibles	2018:04:11 16:00:48+02:00	18944	1641472	0	5.1	PE32 executable for MS Windows (GUI) Intel 80386 32-bit	7238	1e13acbb50134a4a9e58b07eeff7ab90
Windows GUI	5.1	Intel 386 or later, and compatibles	2018:04:18 06:05:41+02:00	111104	1290240	0	5.1	PE32 executable for MS Windows (GUI) Intel 80386 32-bit	41504	145d51a5fbfe2b62f2aa59cf0e0424f2
Windows GUI	5.1	Intel 386 or later, and compatibles	2018:03:06 18:42:16+01:00	57856	3784192	0	5.1	PE32 executable for MS Windows (GUI) Intel 80386 32-bit	7549	0eaa2e26fe08ef4a197865f0a321c8cc
Windows GUI	5.1	Intel 386 or later, and compatibles	2018:04:11 16:00:48+02:00	18944	1641472	0	5.1	PE32 executable for MS Windows (GUI) Intel 80386 32-bit	7238	bc1a02b46d905294081fdd09360bda3d
Windows GUI	5.1	Intel 386 or later, and compatibles	2018:03:06 18:42:16+01:00	57856	3784192	0	5.1	PE32 executable for MS Windows (GUI) Intel 80386 32-bit	7549	03243eac4b22bbb76dab865fbc7c85f3
				0	0	0		PE32 executable for MS Windows (GUI) Intel 80386 32-bit	5959	4a12911191d436aa3a2e7760d3ad61a3
Windows GUI	4.0	Intel 386 or later, and compatibles	2010:08:01 12:32:37+02:00	12800	7680	4096	4.0	PE32 executable for MS Windows (GUI) Intel 80386 32-bit	4096	d80eb5170390c20665533195be89f4af
Windows GUI	5.1	Intel 386 or later, and compatibles	2018:04:18 06:05:41+02:00	111104	1290240	0	5.1	PE32 executable for MS Windows (GUI) Intel 80386 32-bit	41504	0c4ee25bada408404541bc1f4db93f3c
Windows GUI	5.1	Intel 386 or later, and compatibles	2018:02:20 18:28:57+01:00	33792	36352	0	5.1	PE32 executable for MS Windows (GUI) Intel 80386 32-bit	19440	145c78841af85802c88847bc5316d7c7
Windows GUI	4.0	Intel 386 or later, and compatibles	2019:11:29 05:14:17+01:00	550912	868864	0	4.0	PE32 executable for MS Windows (GUI) Intel 80386 32-bit	4096	8c30cc3e47451df160dc18ad7079cd3b
Windows GUI	5.1	Intel 386 or later, and compatibles	2018:02:03 19:58:37+01:00	32768	41472	0	5.1	PE32 executable for MS Windows (GUI) Intel 80386 32-bit	19184	0a2b48be671442fcd6eabc30294ce040
Windows GUI	5.1	Intel 386 or later, and compatibles	2018:02:20 18:28:57+01:00	33792	36352	0	5.1	PE32 executable for MS Windows (GUI) Intel 80386 32-bit	19440	c10916d5bd8c01953dff02923c6eb7ab
Windows GUI	5.1	Intel 386 or later, and compatibles	2018:04:11 16:00:48+02:00	18944	1641472	0	5.1	PE32 executable for MS Windows (GUI) Intel 80386 32-bit	7238	07c773571b1bda4e6981afbe0dd59836
Windows GUI	5.1	Intel 386 or later, and compatibles	2018:03:06 18:42:16+01:00	57856	3784192	0	5.1	PE32 executable for MS Windows (GUI) Intel 80386 32-bit	7549	938b81d31d20415b3729b7ec81fa1c26
Windows GUI	5.0	Intel 386 or later, and compatibles	2018:03:12 09:57:48+01:00	35328	186368	0	5.0	PE32 executable for MS Windows (GUI) Intel 80386 32-bit	8696	09247faec3c74bfc22a1fc24310a6576
Windows GUI	5.0	Intel 386 or later, and compatibles	2013:04:15 16:27:43+02:00	183808	12288	0	5.0	PE32 executable for MS Windows (GUI) Intel 80386 32-bit	7776	3437fc64e9a51548f3db6d3369206139
Windows GUI	5.1	Intel 386 or later, and compatibles	2018:04:22 10:47:36+02:00	55808	229376	0	5.1	PE32 executable for MS Windows (GUI) Intel 80386 32-bit	7904	460a0bd4b87293bbf4627e5446214830
Windows GUI	5.1	Intel 386 or later, and compatibles	2018:04:18 19:56:48+02:00	103936	1297408	0	5.1	PE32 executable for MS Windows (GUI) Intel 80386 32-bit	41008	944eb51221db80c87719e23d2158f2d7
Windows GUI	5.1	Intel 386 or later, and compatibles	2018:03:06 17:42:16+00:00	57856	3784192	0	5.1	PE32 executable for MS Windows (GUI) Intel 80386 32-bit	7549	cba1a5b23dfa7194fd71999020f711ba
Windows GUI	5.1	Intel 386 or later, and compatibles	2018:04:18 19:56:48+02:00	103936	1297408	0	5.1	PE32 executable for MS Windows (GUI) Intel 80386 32-bit	41008	4917bb35dcc18f56499291b29ee95fe9
Windows GUI	5.1	Intel 386 or later, and compatibles	2019:11:29 02:23:51+01:00	84480	202752	0	5.1	PE32 executable for MS Windows (GUI) Intel 80386 32-bit	32079	afe84c02cb0cf0a75a0b9a750e3f28d7
Windows GUI	5.1	Intel 386 or later, and compatibles	2018:04:18 06:05:41+02:00	111104	1290240	0	5.1	PE32 executable for MS Windows (GUI) Intel 80386 32-bit	41504	0e25060d99046dbc5b2567ae5bbd0c2f
Windows GUI	5.1	Intel 386 or later, and compatibles	2018:04:18 06:05:41+02:00	111104	1290240	0	5.1	PE32 executable for MS Windows (GUI) Intel 80386 32-bit	41504	0c960d629363c0f0886d9307ff56678c
Windows GUI	5.1	Intel 386 or later, and compatibles	2018:03:06 18:42:16+01:00	57856	3784192	0	5.1	PE32 executable for MS Windows (GUI) Intel 80386 32-bit	7549	138d8401efd0e43003746403cfaca1cc
Windows GUI	5.1	Intel 386 or later, and compatibles	2018:06:20 02:09:26+02:00	48128	179200	0	5.1	PE32 executable for MS Windows (GUI) Intel 80386 32-bit	8967	37be2187a8f3ff2b03b41f909f7534e2
Windows GUI	5.1	Intel 386 or later, and compatibles	2018:02:20 18:28:57+01:00	33792	36352	0	5.1	PE32 executable for MS Windows (GUI) Intel 80386 32-bit	19440	5a0e3b48a8b47c328ec681bae03118d2
Windows GUI	5.1	Intel 386 or later, and compatibles	2018:04:18 06:05:41+02:00	111104	1290240	0	5.1	PE32 executable for MS Windows (GUI) Intel 80386 32-bit	41504	149e8a108b609a026e45e674f6a38a42
Windows GUI	5.1	Intel 386 or later, and compatibles	2018:03:06 18:42:16+01:00	57856	3784192	0	5.1	PE32 executable for MS Windows (GUI) Intel 80386 32-bit	7549	09a6fdfaa84c6b0f63ae1e1899513830
Windows GUI	4.0	Intel 386 or later, and compatibles	2013:05:16 11:16:08+02:00	5632	143360	0	1.0	PE32 executable for MS Windows (GUI) Intel 80386 32-bit	4096	b67593cdf2a346ca17f25508d0ced6e4
Windows GUI	5.1	Intel 386 or later, and compatibles	2018:02:20 18:28:57+01:00	33792	36352	0	5.1	PE32 executable for MS Windows (GUI) Intel 80386 32-bit	19440	300141249dbb1efe9bbd9d32c495d482
Windows GUI	5.1	Intel 386 or later, and compatibles	2018:03:10 18:42:08+01:00	167936	12288	10870784	5.1	PE32 executable for MS Windows (GUI) Intel 80386 32-bit	11039936	08d1b27afc5f34e072d405d379b6add0
Windows GUI	5.1	Intel 386 or later, and compatibles	2018:04:18 06:05:41+02:00	111104	1290240	0	5.1	PE32 executable for MS Windows (GUI) Intel 80386 32-bit	41504	044aed7a2c0b441ce7647c040b244c73
Windows GUI	5.1	Intel 386 or later, and compatibles	2018:02:03 19:58:37+01:00	32768	41472	0	5.1	PE32 executable for MS Windows (GUI) Intel 80386 32-bit	19184	01d972afe381635ab95d1a85e9d37122
Windows GUI	5.1	Intel 386 or later, and compatibles	2018:04:18 01:48:43+02:00	99840	1289728	0	5.1	PE32 executable for MS Windows (GUI) Intel 80386 32-bit	30838	849c992b81ae6a130244805aab2557f9
Windows GUI	5.1	Intel 386 or later, and compatibles	2018:03:04 19:10:15+01:00	34304	36352	0	5.1	PE32 executable for MS Windows (GUI) Intel 80386 32-bit	19232	f233680f86a5ef85ddc4fd8a690584ce
Windows GUI	5.1	Intel 386 or later, and compatibles	2018:02:03 19:58:37+01:00	32768	41472	0	5.1	PE32 executable for MS Windows (GUI) Intel 80386 32-bit	19184	15f4c23a5169a1f4c7aa05590e58180e
Windows GUI	5.1	Intel 386 or later, and compatibles	2018:02:20 18:28:57+01:00	33792	36352	0	5.1	PE32 executable for MS Windows (GUI) Intel 80386 32-bit	19440	213519c2edbfff7b8e500bcdb7be485e
Windows GUI	5.1	Intel 386 or later, and compatibles	2018:04:18 06:05:41+02:00	111104	1290240	0	5.1	PE32 executable for MS Windows (GUI) Intel 80386 32-bit	41504	09e4320768f94a75b03e79372deddd80
Windows GUI	5.1	Intel 386 or later, and compatibles	2018:04:18 06:05:41+02:00	111104	1290240	0	5.1	PE32 executable for MS Windows (GUI) Intel 80386 32-bit	41504	8874eefa66fc80432258e5f8b51efb90
Windows GUI	5.1	Intel 386 or later, and compatibles	2018:03:06 18:42:16+01:00	57856	3784192	0	5.1	PE32 executable for MS Windows (GUI) Intel 80386 32-bit	7549	1baf88550f90c9051a7415dc0c1db1bf
Windows GUI	5.1	Intel 386 or later, and compatibles	2018:03:04 19:10:15+01:00	34304	36352	0	5.1	PE32 executable for MS Windows (GUI) Intel 80386 32-bit	19232	53406d5f6bb73307978d7cb76704912f
Windows GUI	5.1	Intel 386 or later, and compatibles	2018:02:20 18:28:57+01:00	33792	36352	0	5.1	PE32 executable for MS Windows (GUI) Intel 80386 32-bit	19440	0a046424b0057eebc3cb640d6435f132
Windows GUI	5.1	Intel 386 or later, and compatibles	2018:02:20 18:28:57+01:00	33792	36352	0	5.1	PE32 executable for MS Windows (GUI) Intel 80386 32-bit	19440	0a853f42b8afd5d54e7faff22e73d17a
Windows GUI	5.0	Intel 386 or later, and compatibles	2013:04:15 16:27:43+02:00	183808	12288	0	5.0	PE32 executable for MS Windows (GUI) Intel 80386 32-bit	7776	8ac00642db35d3eb1a23d25c3ab3731a
Windows GUI	4.0	Intel 386 or later, and compatibles	2013:05:16 11:16:08+02:00	5632	143360	0	1.0	PE32 executable for MS Windows (GUI) Intel 80386 32-bit	4096	e66d8587f9a6c9be4600d400221e2388
Windows GUI	5.1	Intel 386 or later, and compatibles	2018:04:18 06:05:41+02:00	111104	1290240	0	5.1	PE32 executable for MS Windows (GUI) Intel 80386 32-bit	41504	09b26c0da2362e0e5524f8c5d0672f91
Windows GUI	4.0	Intel 386 or later, and compatibles	2013:05:16 11:16:08+02:00	5632	143360	0	1.0	PE32 executable for MS Windows (GUI) Intel 80386 32-bit	4096	e2d42a365b884f846d049af39ac47be0
Windows GUI	5.1	Intel 386 or later, and compatibles	2018:03:10 18:42:08+01:00	167936	12288	10870784	5.1	PE32 executable for MS Windows (GUI) Intel 80386 32-bit	11039936	ee647bf5e177b0d0c4212306ee62b119
Windows GUI	4.0	Intel 386 or later, and compatibles	2013:05:16 11:16:08+02:00	5632	143360	0	1.0	PE32 executable for MS Windows (GUI) Intel 80386 32-bit	4096	6b014c61c1275231e66f2a10faea8978
Windows GUI	5.1	Intel 386 or later, and compatibles	2018:04:18 19:56:48+02:00	103936	1297408	0	5.1	PE32 executable for MS Windows (GUI) Intel 80386 32-bit	41008	3259a0dc78db4bf4f37785bc075d2094
Windows GUI	5.1	Intel 386 or later, and compatibles	2018:04:11 16:00:48+02:00	18944	1641472	0	5.1	PE32 executable for MS Windows (GUI) Intel 80386 32-bit	7238	151aa7038956170ad5f15e4ee01dd487
Windows GUI	5.1	Intel 386 or later, and compatibles	2018:03:04 19:10:15+01:00	34304	36352	0	5.1	PE32 executable for MS Windows (GUI) Intel 80386 32-bit	19232	0a2de5e799143ae0087ceba4fe3af9b8
Windows GUI	5.1	Intel 386 or later, and compatibles	2018:02:03 19:58:37+01:00	32768	41472	0	5.1	PE32 executable for MS Windows (GUI) Intel 80386 32-bit	19184	4e35d4f514fddaaede9f31fc8c7ea8d1
Windows GUI	5.0	Intel 386 or later, and compatibles	2013:04:15 16:27:43+02:00	183808	12288	0	5.0	PE32 executable for MS Windows (GUI) Intel 80386 32-bit	7776	9398f817577a5e4e746901bc9019630c
Windows GUI	5.1	Intel 386 or later, and compatibles	2018:03:06 18:42:16+01:00	57856	3784192	0	5.1	PE32 executable for MS Windows (GUI) Intel 80386 32-bit	7549	07fb5fb393b14c3235d306401993c501
Windows GUI	5.1	Intel 386 or later, and compatibles	2018:03:04 19:10:15+01:00	34304	36352	0	5.1	PE32 executable for MS Windows (GUI) Intel 80386 32-bit	19232	d38cdc1f56d2234792bc9817407f137e
Windows GUI	5.1	Intel 386 or later, and compatibles	2018:04:11 16:00:48+02:00	18944	1641472	0	5.1	PE32 executable for MS Windows (GUI) Intel 80386 32-bit	7238	d10060a470a61f856e40897e3fe4baba
Windows GUI	5.1	Intel 386 or later, and compatibles	2018:04:18 06:05:41+02:00	111104	1290240	0	5.1	PE32 executable for MS Windows (GUI) Intel 80386 32-bit	41504	db32013afdedee1634b6d3578131cd1c
Windows GUI	5.1	Intel 386 or later, and compatibles	2018:04:18 06:05:41+02:00	111104	1290240	0	5.1	PE32 executable for MS Windows (GUI) Intel 80386 32-bit	41504	e0c21abf8fc0b46cb7472d4b72f5d20a
Windows GUI	5.1	Intel 386 or later, and compatibles	2018:05:31 06:28:44+02:00	142848	58178560	0	5.1	PE32 executable for MS Windows (GUI) Intel 80386 32-bit	27989	8be7156a0a98e48dcce11173e4e434b5
Windows GUI	5.1	Intel 386 or later, and compatibles	2018:02:03 19:58:37+01:00	32768	41472	0	5.1	PE32 executable for MS Windows (GUI) Intel 80386 32-bit	19184	c16c7005a823f17f5a4296b3a6a1c180
Windows GUI	5.1	Intel 386 or later, and compatibles	2018:04:18 06:05:41+02:00	111104	1290240	0	5.1	PE32 executable for MS Windows (GUI) Intel 80386 32-bit	41504	12b5f53d4606a3a5192c53473722e202
Windows GUI	5.1	Intel 386 or later, and compatibles	2018:04:18 06:05:41+02:00	111104	1290240	0	5.1	PE32 executable for MS Windows (GUI) Intel 80386 32-bit	41504	66be1d398ac9f14bfe93acbbc02db721
Windows GUI	5.1	Intel 386 or later, and compatibles	2018:03:06 18:42:16+01:00	57856	3784192	0	5.1	PE32 executable for MS Windows (GUI) Intel 80386 32-bit	7549	6257057009dc28177db44744716ae088
Windows GUI	5.1	Intel 386 or later, and compatibles	2018:03:06 18:42:16+01:00	57856	3784192	0	5.1	PE32 executable for MS Windows (GUI) Intel 80386 32-bit	7549	0f8f25fdd4616b5de969a659ef68df22
Windows GUI	5.1	Intel 386 or later, and compatibles	2018:03:06 18:42:16+01:00	57856	3784192	0	5.1	PE32 executable for MS Windows (GUI) Intel 80386 32-bit	7549	b4fd87a7d2e209a0e3a4f3fb44da74b9
Windows GUI	5.0	Intel 386 or later, and compatibles	2013:04:15 16:27:43+02:00	183808	12288	0	5.0	PE32 executable for MS Windows (GUI) Intel 80386 32-bit	7776	4b3093c79f52ca55205da722fde1fbe0
Windows GUI	5.1	Intel 386 or later, and compatibles	2018:04:18 06:05:41+02:00	111104	1290240	0	5.1	PE32 executable for MS Windows (GUI) Intel 80386 32-bit	41504	c42358e341018a6cc299f5416149a112
Windows GUI	5.1	Intel 386 or later, and compatibles	2018:04:18 06:05:41+02:00	111104	1290240	0	5.1	PE32 executable for MS Windows (GUI) Intel 80386 32-bit	41504	a1e194ecb49ebb9c0a72b4c0b77b7a31
Windows GUI	5.1	Intel 386 or later, and compatibles	2018:04:11 16:00:48+02:00	18944	1641472	0	5.1	PE32 executable for MS Windows (GUI) Intel 80386 32-bit	7238	aaea11afd842e9e1313d4eea039ac639
Windows GUI	5.1	Intel 386 or later, and compatibles	2018:03:06 18:42:16+01:00	57856	3784192	0	5.1	PE32 executable for MS Windows (GUI) Intel 80386 32-bit	7549	9b6b88743364e8e47de6766b04773e53
Windows GUI	5.1	Intel 386 or later, and compatibles	2018:05:31 06:28:44+02:00	142848	58178560	0	5.1	PE32 executable for MS Windows (GUI) Intel 80386 32-bit	27989	3f4d18228203f89d96e34d000b2d9454
Windows GUI	5.1	Intel 386 or later, and compatibles	2018:03:10 18:42:08+01:00	167936	12288	10870784	5.1	PE32 executable for MS Windows (GUI) Intel 80386 32-bit	11039936	8289d796692c7b2499e09a590e2cf93b
Windows GUI	5.1	Intel 386 or later, and compatibles	2018:05:31 06:28:44+02:00	142848	58178560	0	5.1	PE32 executable for MS Windows (GUI) Intel 80386 32-bit	27989	04d125e2d9298eab488585515d75a1a0
Windows GUI	5.1	Intel 386 or later, and compatibles	2018:03:06 18:42:16+01:00	57856	3784192	0	5.1	PE32 executable for MS Windows (GUI) Intel 80386 32-bit	7549	15e6ab43252a8273a5548ae10b80d47c
Windows GUI	5.0	Intel 386 or later, and compatibles	2018:03:12 09:57:48+01:00	35328	186368	0	5.0	PE32 executable for MS Windows (GUI) Intel 80386 32-bit	8696	052268e9c885655d4a8828df51183c7c
Windows GUI	5.1	Intel 386 or later, and compatibles	2018:03:06 18:42:16+01:00	57856	3784192	0	5.1	PE32 executable for MS Windows (GUI) Intel 80386 32-bit	7549	0e0d8e497739b603c854ee2ee77f1422
Windows GUI	5.1	Intel 386 or later, and compatibles	2018:02:20 18:28:57+01:00	33792	36352	0	5.1	PE32 executable for MS Windows (GUI) Intel 80386 32-bit	19440	a854da031f41d683984fcbaa84845e97
Windows GUI	5.1	Intel 386 or later, and compatibles	2018:04:18 06:05:41+02:00	111104	1290240	0	5.1	PE32 executable for MS Windows (GUI) Intel 80386 32-bit	41504	6cb327ac993a169c4fc27a0424021c5a
Windows GUI	4.0	Intel 386 or later, and compatibles	2013:05:16 11:16:08+02:00	5632	143360	0	1.0	PE32 executable for MS Windows (GUI) Intel 80386 32-bit	4096	14933dce422f27f759d0d62fc014c601
Windows GUI	4.0	Intel 386 or later, and compatibles	2010:08:01 12:32:37+02:00	12800	7680	4096	4.0	PE32 executable for MS Windows (GUI) Intel 80386 32-bit	4096	edac72a01d98145ad5fcd6ea7505241c
Windows GUI	5.1	Intel 386 or later, and compatibles	2018:05:31 06:28:44+02:00	142848	58178560	0	5.1	PE32 executable for MS Windows (GUI) Intel 80386 32-bit	27989	dcfae691602f294f5f6e93eb3827b07e
Windows GUI	5.1	Intel 386 or later, and compatibles	2018:03:06 18:42:16+01:00	57856	3784192	0	5.1	PE32 executable for MS Windows (GUI) Intel 80386 32-bit	7549	0e89d5295027605e591057b839400ca6
Windows GUI	5.0	Intel 386 or later, and compatibles	2013:04:15 16:27:43+02:00	183808	12288	0	5.0	PE32 executable for MS Windows (GUI) Intel 80386 32-bit	7776	5492734fee43dbf17414b79be0a19c08
Windows GUI	5.1	Intel 386 or later, and compatibles	2018:02:20 18:28:57+01:00	33792	36352	0	5.1	PE32 executable for MS Windows (GUI) Intel 80386 32-bit	19440	02fce33ddcd7561c32f12a2873b10598
Windows GUI	5.1	Intel 386 or later, and compatibles	2018:04:11 16:00:48+02:00	18944	1641472	0	5.1	PE32 executable for MS Windows (GUI) Intel 80386 32-bit	7238	017cb5c582a9a0c7a0e93513fa3aec06
Windows GUI	5.1	Intel 386 or later, and compatibles	2018:02:03 19:58:37+01:00	32768	41472	0	5.1	PE32 executable for MS Windows (GUI) Intel 80386 32-bit	19184	b852b649964c449b345a7bc6ba1c77d2
Windows GUI	5.1	Intel 386 or later, and compatibles	2018:02:03 19:58:37+01:00	32768	41472	0	5.1	PE32 executable for MS Windows (GUI) Intel 80386 32-bit	19184	647fb12a1bddffe0328a92891d3b8e4b
Windows GUI	5.1	Intel 386 or later, and compatibles	2018:05:31 06:28:44+02:00	142848	58178560	0	5.1	PE32 executable for MS Windows (GUI) Intel 80386 32-bit	27989	061e4dbb95edd3b5abce65d32723dfa4
Windows GUI	5.1	Intel 386 or later, and compatibles	2018:04:18 06:05:41+02:00	111104	1290240	0	5.1	PE32 executable for MS Windows (GUI) Intel 80386 32-bit	41504	dccb7a4252d3574f0d90073fd1a8e1f2
Windows GUI	5.1	Intel 386 or later, and compatibles	2018:03:04 19:10:15+01:00	34304	36352	0	5.1	PE32 executable for MS Windows (GUI) Intel 80386 32-bit	19232	fd20a3f98424ef24b5210fcba76377b8
Windows GUI	5.0	Intel 386 or later, and compatibles	2018:04:18 21:52:01+02:00	27136	163328	0	5.0	PE32 executable for MS Windows (GUI) Intel 80386 32-bit	5959	9bb8cdc58bc24032f2bccc8b0990f50f
Windows GUI	5.1	Intel 386 or later, and compatibles	2018:04:18 19:56:48+02:00	103936	1297408	0	5.1	PE32 executable for MS Windows (GUI) Intel 80386 32-bit	41008	02d9b29c62f71876b760b51204243e0e
Windows GUI	4.0	Intel 386 or later, and compatibles	2019:05:29 15:49:02+02:00	81920	4096	192512	4.0	PE32 executable for MS Windows (GUI) Intel 80386 32-bit	45327	b06d346b49621c738e34280cd99e6016
Windows GUI	4.0	Intel 386 or later, and compatibles	2013:05:16 11:16:08+02:00	5632	143360	0	1.0	PE32 executable for MS Windows (GUI) Intel 80386 32-bit	4096	741be618a44352b88d9b4d846bdc0bb6
Windows GUI	4.0	Intel 386 or later, and compatibles	2013:05:16 11:16:08+02:00	5632	143360	0	1.0	PE32 executable for MS Windows (GUI) Intel 80386 32-bit	4096	0882db084f9b429452a125db1bdac5a2
Windows GUI	5.1	Intel 386 or later, and compatibles	2018:04:17 15:44:17+02:00	19968	160256	0	5.1	PE32 executable for MS Windows (GUI) Intel 80386 32-bit	7542	b1849b03795853db6d88ba92b15dc670
Windows GUI	5.1	Intel 386 or later, and compatibles	2018:03:04 19:10:15+01:00	34304	36352	0	5.1	PE32 executable for MS Windows (GUI) Intel 80386 32-bit	19232	13b2adb2360452247140f0892ab4edb4
Windows GUI	5.1	Intel 386 or later, and compatibles	2018:04:18 01:48:43+02:00	99840	1289728	0	5.1	PE32 executable for MS Windows (GUI) Intel 80386 32-bit	30838	df7d0a1d008b32b0579fc5e1a22e5d93
Windows GUI	5.1	Intel 386 or later, and compatibles	2018:03:06 18:42:16+01:00	57856	3784192	0	5.1	PE32 executable for MS Windows (GUI) Intel 80386 32-bit	7549	048177f23c5e70bbc07aa690a4556797
