md5	sha1	sha256	vt_first_seen	mime_type	file_type	pe_file	file_type_extension
c13b6a4815df95652e45de3083655d6b	3b947a4fb878d41b6cdd4ce31da91bb8b21d7530	009b3fa6c1458e852b896e07b99a21fbd231247051bb53e6c9359b443bb486b1	2019-11-29 06:47:45				
f019038f0aab1cca9bf2b5562d452b4d	5e37da42d23079d9153a99f7f3131eba3743ebd3	00e092ee95cfe9bb032ccd5360e7fc068a94f4beb0cfac190a5b61c665f8db50	2019-11-29 06:53:54	application/octet-stream	Win32 EXE	PE32	exe
52da5c1d916ea7cbdaff7e649ce99d9e	bb84d4beaa2ed3ef3f6c43907d7f8946838eabf3	01211ab3028192420cd4869a4c93ca01e8165c6eec59179c941d62816fc3019c	2019-11-29 05:42:00	application/octet-stream	Win32 EXE	PE32	exe
111428bd294d133325cbb8f799f9b6dc	1e3c8b88973c5bf15d4a507998b3e5a9d5e2d4e5	0132151f4fd08369aa067789712a7f771c1cc528478ea963501808dc7aa48db6	2019-11-29 05:26:12	application/octet-stream	Win32 EXE	PE32	exe
1e13acbb50134a4a9e58b07eeff7ab90	87f0724ec1a2941ec8af8561c978641dad829abd	06cac3d1c984a6775a0be6af8e2f228ec5f1ae2396df7af4edf12e5c2b6879af	2019-11-29 05:32:56	application/octet-stream	Win32 EXE	PE32	exe
145d51a5fbfe2b62f2aa59cf0e0424f2	05b5b9ae272e35ffae199c617349f6a3df68c212	0b9a1267febfaef4c2d697221301acb8415611bc499489a02dbb85ed44352ca3	2019-11-29 05:31:16	application/octet-stream	Win32 EXE	PE32	exe
0eaa2e26fe08ef4a197865f0a321c8cc	e910013592d97f7e36d342ce0a2738aae025cebf	172d812994cd4956517747a205aa4d5c5da12a31ae225e339561b0ca2d42ca0a	2019-11-29 05:30:58	application/octet-stream	Win32 EXE	PE32	exe
bc1a02b46d905294081fdd09360bda3d	9188fac9887c0974573b3d5bcba0056ed4fe4d19	1893d4be981501d3df6cfb6b7d1e3c6de0e394a3e335b6037942357fb4f6d3dd	2019-11-29 05:38:27	application/octet-stream	Win32 EXE	PE32	exe
03243eac4b22bbb76dab865fbc7c85f3	1c3cd009967620330b1e2f1d2e73afaae8f6ba2e	18c9079b161778d750c920ae4711e660b283ba9bd24b5729979c4e01e2581f20	2019-11-29 05:22:39	application/octet-stream	Win32 EXE	PE32	exe
4a12911191d436aa3a2e7760d3ad61a3	6ae081144769492edb4dc82a6c3aeeb7bd71583b	19a20164cbd7f6c532d7a6a3886cf0b60ecad0dba6d2d2fe60123c9f6ad2c89c	2019-11-29 05:27:22				
d80eb5170390c20665533195be89f4af	5d35fdd107332eea5d96bc07a29d0a3899448497	1e0bba44c9754364b638b6d87f82e324d8b7caf28314b40fe23eb3e96f128b63	2019-11-29 05:47:22	application/octet-stream	Win32 EXE	PE32	exe
0c4ee25bada408404541bc1f4db93f3c	13233e56e8b1e215a15fd5d5b36bf423a5ef39aa	1efef0e7678a1846f4ee60d5d7664a2abe18742093d73537ca3a352a7c52f883	2019-11-29 05:30:52	application/octet-stream	Win32 EXE	PE32	exe
145c78841af85802c88847bc5316d7c7	4d5aa1502ee07493b49d2ff8bc53863271481463	1f555cd90e5f048e826c198f56ece5ca80488a1dc44f4639f056bb7a5f6d7cd2	2019-11-29 05:26:35	application/octet-stream	Win32 EXE	PE32	exe
8c30cc3e47451df160dc18ad7079cd3b	c7bf16f3c770b453016f0b62205cebe73c2b7190	21f9c641137709ea3e9f6822a968fae8d03c425649e961592c1e2c8e469f6c1a	2019-11-29 05:16:19	application/octet-stream	Win32 EXE	PE32	exe
0a2b48be671442fcd6eabc30294ce040	e5cc80a95c015de87263761198a821fc0c0eb434	23d34513b52f88b6df6dfa2836e0ac64d95a91ed47c24c104635991f4dbc2dca	2019-11-29 05:30:34	application/octet-stream	Win32 EXE	PE32	exe
c10916d5bd8c01953dff02923c6eb7ab	51a265111a2cd0719a9ba798f2f362214430283b	2599deac79565984bdbcde0aad00b56101749454189669a79da12c298d53206d	2019-11-29 07:02:43	application/octet-stream	Win32 EXE	PE32	exe
07c773571b1bda4e6981afbe0dd59836	e86f935813c6e401999ba845e8067ec655b34f89	2685ccf0646808a4fb6be091b436117231c7dabc01dbb21a643b178855d51151	2019-11-29 05:25:59	application/octet-stream	Win32 EXE	PE32	exe
938b81d31d20415b3729b7ec81fa1c26	5a8e37eb5dd82c53488cb00b7f116862adba9540	27d276f00ab39d31fead9faf905856834e6957626a10b919d9a3775765fba426	2019-11-29 05:35:33	application/octet-stream	Win32 EXE	PE32	exe
09247faec3c74bfc22a1fc24310a6576	d142619a9a0e4d7240c1f47eedb556dee8fd4122	2b9e3c148d32bef949c34be3ba49021be9af25ca61808b6153898fb85a2f62cb	2019-11-29 05:30:34	application/octet-stream	Win32 EXE	PE32	exe
3437fc64e9a51548f3db6d3369206139	d347b08151d2258c91b2c10dc1d0cf2e4d7a5662	328aab84ade4bc93b5d39b81ab1c35c69badc9ebed289effcf3febac582c3aef	2019-11-29 05:31:06	application/octet-stream	Win32 EXE	PE32	exe
460a0bd4b87293bbf4627e5446214830	dafa1c4cf29708aec4accf0357400d5d0f52949b	358e4fc7d0e60fc9d84a449a6317d8dbe4ff410af045ba54667d2e5ab4d3d26b	2019-11-22 06:21:28	application/octet-stream	Win32 EXE	PE32	exe
944eb51221db80c87719e23d2158f2d7	8cf29ecaecbea9552aa328708903d1e060c94449	371772c669d6bcd6cf71ab1fcdef29fde985bb6c266f6aa798e0931a5dadbe0b	2019-11-29 05:31:23	application/octet-stream	Win32 EXE	PE32	exe
cba1a5b23dfa7194fd71999020f711ba	674219337a7ec4dbb0c9262293e69c14abcda561	387eb5e42cd81b8d7248d17530d0abff66b192263a2468ab94cd6ac909c900a5	2019-11-29 05:38:14	application/octet-stream	Win32 EXE	PE32	exe
4917bb35dcc18f56499291b29ee95fe9	d49f99ac5b7312489454a36816e93ce17ff5b59b	3976829d3fd0763dd03de79de94acb77b1968e9578165435b17cdbf46f5ba7be	2019-11-29 05:31:51	application/octet-stream	Win32 EXE	PE32	exe
afe84c02cb0cf0a75a0b9a750e3f28d7	ca9128481e8c8ecd7cc635522afa52f57e8f1763	39a93783c0b12ac161d029a229ac66363023e64491ca9aac95ce180ca3758c74	2019-11-29 06:04:26	application/octet-stream	Win32 EXE	PE32	exe
0e25060d99046dbc5b2567ae5bbd0c2f	c8b1a93159784a61940d647fea8486d98b17db85	3e590df768e75fdc49f3e6f853d252000d850c59a2cf0919f9a5e620491d13d2	2019-11-29 05:25:15	application/octet-stream	Win32 EXE	PE32	exe
0c960d629363c0f0886d9307ff56678c	ad2c411aaf846c1c12045ee123d6cf5248dcb899	443d964955994202e310a7ff9b003d33730d952a332b905b53481fa79bb6cce8	2019-11-29 05:25:18	application/octet-stream	Win32 EXE	PE32	exe
138d8401efd0e43003746403cfaca1cc	8289cbad5f74e572c8de2fa076952418cd6074f2	44f549bee2d523027bf6868d1b0253ca26929ce34b5193e7e6e87bb738a82f5b	2019-11-29 05:26:00	application/octet-stream	Win32 EXE	PE32	exe
37be2187a8f3ff2b03b41f909f7534e2	75046ebeeac3ebf0aa6da90da139d41138d454df	49e48c5e642d0049c9ff156eb59f0e67d236e1208683c1c7943e04e5071bf77a	2019-11-29 05:56:15	application/octet-stream	Win32 EXE	PE32	exe
5a0e3b48a8b47c328ec681bae03118d2	1c6c822643a94e360de7db06fed2fb640af6648c	4bb1476f7e39e0a37e0b94dd4fbecb150c8a26f89cbfce03a0f667c13557662a	2019-11-29 06:51:20	application/octet-stream	Win32 EXE	PE32	exe
149e8a108b609a026e45e674f6a38a42	ffd97e4cdf9dc50a7e5f6f1acadd77cbca90a10e	5006a9c48fc02d1badfa93bcd8770e79cefa1be278b9b6494dc6e9ba8eb43497	2019-11-29 05:22:53	application/octet-stream	Win32 EXE	PE32	exe
09a6fdfaa84c6b0f63ae1e1899513830	1b43179dc428ae10b75f6965da179a4582ccbd57	5044456263a0c2052308c254b5db35dea064b249f985d6fb64b890d93562151b	2019-11-29 05:25:12	application/octet-stream	Win32 EXE	PE32	exe
b67593cdf2a346ca17f25508d0ced6e4	92d08368d50477eb9571c320e5c817011b6639e0	50ef29787ddf95b585a4a83122e5295050189ef18c37534510c075c5bb0e095b	2019-11-29 06:45:53	application/octet-stream	Win32 EXE	PE32	exe
300141249dbb1efe9bbd9d32c495d482	0359f8f911ced287d92258a4ae0062b071735aa5	5313c685d65981e6663ae56450ada0ac1dd5d9cdbe1af613774b18fe45cd9630	2019-11-29 05:36:58	application/octet-stream	Win32 EXE	PE32	exe
08d1b27afc5f34e072d405d379b6add0	363cd5358aa8b79dc9e357e3e06192201df20bb8	53a202ecd3f8e285c03bfbdc8c6c4a7a103d17fbec985b1cbdf3ac319dbcf3c7	2019-11-29 06:26:34	application/octet-stream	Win32 EXE	PE32	exe
044aed7a2c0b441ce7647c040b244c73	5d92cf1514d61ca5910a959ece954f21afb37a8e	5e8afec82d526e710d9532c82c24751112d3a7480632bdd7727bc5939d4d6afc	2019-11-29 05:31:31	application/octet-stream	Win32 EXE	PE32	exe
01d972afe381635ab95d1a85e9d37122	9556b44fbf3c0ab369ec0ea4dd142b1ae35d5171	5f9f92e522a4146b004da93bd9ab53ee72eef9c2c0d80f534a36b132cac2b42c	2019-11-29 05:26:00	application/octet-stream	Win32 EXE	PE32	exe
849c992b81ae6a130244805aab2557f9	9f60bb21c8e61f1d14fe6d51c3c1f94f2f04994f	60bb870a9c5a883567de064593f22571668bf77c07c58df3f115dc9471e7f7f9	2019-11-29 05:12:37	application/octet-stream	Win32 EXE	PE32	exe
f233680f86a5ef85ddc4fd8a690584ce	4059879d05be2f78b5406d8f55e3b309e9e1b39d	644c2fde5ae577f3571cdf73ab5dce543ed30495d2a2e287dad234f84a908d7c	2019-11-29 05:49:26	application/octet-stream	Win32 EXE	PE32	exe
15f4c23a5169a1f4c7aa05590e58180e	6d2ce1a6b7f5504a45523beb84371aa0671e0916	64c849ad4ffb4ed98972d99c43a1557cb67b077fd5e90f2ca1580516819a359e	2019-11-29 05:30:28	application/octet-stream	Win32 EXE	PE32	exe
213519c2edbfff7b8e500bcdb7be485e	e18581fc06f00e3d9b9b66535c4e0eb4b3bda7ad	6908a0c2228ab8d227cf9ba19def649dce5d45e796c0a3008ceecf629fc489a5	2019-11-29 06:57:42	application/octet-stream	Win32 EXE	PE32	exe
09e4320768f94a75b03e79372deddd80	3ada176d277f9c0174349b8d3839f3dbd81c903b	6b35f25b875b6cd2c3a2721d38dc0b599b41c70be230095f51153353f930ec56	2019-11-29 05:31:18	application/octet-stream	Win32 EXE	PE32	exe
8874eefa66fc80432258e5f8b51efb90	c7b9cb56c4b5bd87f3f1375326e5a786e4c4fdaf	6ed150ed5592870e158ded825b71762c65f8dd45917ce4ae17d11b599e1755cd	2019-11-29 05:08:28	application/octet-stream	Win32 EXE	PE32	exe
1baf88550f90c9051a7415dc0c1db1bf	8c9513de93a2801d3952f6276375d1326b04e5cc	6ee5d6b80eaa430566bea21a514eae8e58554d1836b0ae2c042b423f6343ad17	2019-11-29 05:32:29	application/octet-stream	Win32 EXE	PE32	exe
53406d5f6bb73307978d7cb76704912f	11a58c83b8a4fa30511cd5c4e75f1164048d48b6	6ff90aafc5b95dca253df3c6fe05b2dc36baf44aa8a3919a49a49da8e1dbf8c2	2019-11-29 05:38:18	application/octet-stream	Win32 EXE	PE32	exe
0a046424b0057eebc3cb640d6435f132	36f8d61822398568b6d27eb2fafff670a0ed95e2	7049703553179f59ad16188cdd5dfa088ed5d880e0eb65cfa3d3b64b62becaee	2019-11-29 05:22:32	application/octet-stream	Win32 EXE	PE32	exe
0a853f42b8afd5d54e7faff22e73d17a	9d74a56af29b88417f35e56416169822b47dc58a	709a7c0fb177387373696374ad57780e703bb054892c67445ed0d5c13f7ae980	2019-11-29 05:31:25	application/octet-stream	Win32 EXE	PE32	exe
8ac00642db35d3eb1a23d25c3ab3731a	d6f4aa9cc5cdf113f9da7463b6a04625f5543e92	7256e853ed20263e3a186d093e443097aa19ef5bf6777ae184b6e74cf9cdbd8d	2019-11-29 07:02:10	application/octet-stream	Win32 EXE	PE32	exe
e66d8587f9a6c9be4600d400221e2388	47154b05ca6dd7b9fd7e73a92cc0551542ab0760	72cdaea71cbc1bd2dffa8e65b5b930de0c55eaf37dc127a172ad4a13cadd6fa0	2019-11-29 06:25:11	application/octet-stream	Win32 EXE	PE32	exe
09b26c0da2362e0e5524f8c5d0672f91	1f514b6a5b2af15e7cd884eabe3283c719481713	752e5de93daa2bf8af4166146cb2357b65777173639ae691b7c561fbd5bed2b1	2019-11-29 05:16:45	application/octet-stream	Win32 EXE	PE32	exe
e2d42a365b884f846d049af39ac47be0	4ce7c09712248cee0e75c282113fd3f94ee928eb	77ca23d3af06729b5ee8f3c8b4ea354ea004b3464ff179c4f6dcc4ecffbd0d0f	2019-11-29 06:38:55	application/octet-stream	Win32 EXE	PE32	exe
ee647bf5e177b0d0c4212306ee62b119	702ebcb1aeeb67f43694a6e5362af269ff76bab2	79843fed5d3e0a0518541e2461786bf6dd3a68c840c1a49573cde316c56baad8	2019-11-29 06:19:12	application/octet-stream	Win32 EXE	PE32	exe
6b014c61c1275231e66f2a10faea8978	93202809872fd32502a64beba4328591b903aab4	7bef7c06274db5aa84a5a3541806741d1d84e43eafe02b37969078475f477d1f	2019-11-29 06:30:24	application/octet-stream	Win32 EXE	PE32	exe
3259a0dc78db4bf4f37785bc075d2094	5df31d77367afb16758f4fc6ac195b9c9f0d02c7	7e310fb22d578468d114c0fbe801472cd47281a6094378f313400d654de2f766	2019-11-29 05:24:15	application/octet-stream	Win32 EXE	PE32	exe
151aa7038956170ad5f15e4ee01dd487	d4b49699954058a55b43534439b4ec1e6a6650be	807dfda10cbc9d7653a781b9d5b0b6c0396e648be9ad890f4dac3db67b588c84	2019-11-29 05:44:50	application/octet-stream	Win32 EXE	PE32	exe
0a2de5e799143ae0087ceba4fe3af9b8	1427f053fbbf5c9a96535ac7c44e4341e937ab65	824889308e6fed5a5562186078a2ec6a487bfe189d4295bb0a0a8d409d0425cd	2019-11-29 05:31:24	application/octet-stream	Win32 EXE	PE32	exe
4e35d4f514fddaaede9f31fc8c7ea8d1	e815035bba7241d71ce4a7340120c65453f4431a	8362d5087abbb435b638cbbffafe3a4e9b0db46a92d2327f72bc852e0eb3f3e0	2019-11-29 06:49:52	application/octet-stream	Win32 EXE	PE32	exe
9398f817577a5e4e746901bc9019630c	6a46543440817904310e4b22ee95f7f112102242	840fed12bcf2d201b2aa3ae9e69926fa6ff239d04eaca00209d2bc2f8753d7e0	2019-11-29 06:58:12	application/octet-stream	Win32 EXE	PE32	exe
07fb5fb393b14c3235d306401993c501	8a253d745e19e3cb1ea092c13b43f82d0662c5e9	892297c9f4ea0968c44174db99db117bb23ec7e142729124fbda518dc369f555	2019-11-29 05:30:30	application/octet-stream	Win32 EXE	PE32	exe
d38cdc1f56d2234792bc9817407f137e	f3c747f6542931f835bf21dc523b37e8887494fd	8965f327da83efab817eb4d49f7e434d62c618b42eb1da9e953b52dc2ac2bef1	2019-11-29 05:57:05	application/octet-stream	Win32 EXE	PE32	exe
d10060a470a61f856e40897e3fe4baba	f4182bf9871c118690f6f5603b264e102c87699f	8a746a3272a54fd49150ae4f1a7d729779c781c49bc33c45694ff8ca9ab2a894	2019-11-29 05:31:57	application/octet-stream	Win32 EXE	PE32	exe
db32013afdedee1634b6d3578131cd1c	2054914a21fd7137dff656a85fb1b850a3219510	8fd5a6c8b2bd6a9aad499d09f69f44fd1c90326c5cbe94b82dc637cf7e57ace7	2019-11-29 05:38:13	application/octet-stream	Win32 EXE	PE32	exe
e0c21abf8fc0b46cb7472d4b72f5d20a	27418ac5a7ae91ab833f3b9949ee3419dadd8782	90b50d2669b330ceb820afc53d3e39fbc7d52a6f01f8e4d69dc87ca378e4ce75	2019-11-29 05:11:37	application/octet-stream	Win32 EXE	PE32	exe
8be7156a0a98e48dcce11173e4e434b5	8f0cbe25c7ee5935acabdb3e337c678f7ae2f46b	937269ff8da00cc456856f3c72ef866a591870158d9d0ae4a35cac4517df88a9	2019-11-29 05:24:21	application/octet-stream	Win32 EXE	PE32	exe
c16c7005a823f17f5a4296b3a6a1c180	3fe429479eb4ab647ffba08989dd2a687f79409a	97fd48bdbecc974dcb8196a063986ae1527249098a9dc11c036639969bb98685	2019-11-29 05:37:11	application/octet-stream	Win32 EXE	PE32	exe
12b5f53d4606a3a5192c53473722e202	dd6ee20f27edfc72ef936488faea7af091d54b04	9e2a71910e4da2991c4c02fd42be5e6f28362e8ae333771a85835ad3069eb72d	2019-11-29 05:31:14	application/octet-stream	Win32 EXE	PE32	exe
66be1d398ac9f14bfe93acbbc02db721	95604953ca3263dfe419628a70f4d3994b636c87	9f3dd48976c606abb8890e3b2cb609799bd8abbd23d15906def6a6f3a808d624	2019-11-29 05:19:19	application/octet-stream	Win32 EXE	PE32	exe
6257057009dc28177db44744716ae088	9fd0a87181a546b232aef57ea810bce2732806a6	a19fadbd2ee9c068ef8230830d4f42a36af3742abd0a74bdd06eccc2133daf15	2019-11-29 05:30:25	application/octet-stream	Win32 EXE	PE32	exe
0f8f25fdd4616b5de969a659ef68df22	929a0ddec13c61963ec14c4dbfb3ce4ed8da2d12	a26ba78dcef59a4b9dff514ac1b552caf551ec4e219f8e2f0cd522b91d71667c	2019-11-29 05:25:33	application/octet-stream	Win32 EXE	PE32	exe
b4fd87a7d2e209a0e3a4f3fb44da74b9	8cb5df41156fa91b83b1055379eb9ad78eb81990	a3876077dc6d1b8e67bbe573da7a57117d101ea7e5bc151d67f5670997aeb6ef	2019-11-29 05:40:03	application/octet-stream	Win32 EXE	PE32	exe
4b3093c79f52ca55205da722fde1fbe0	d0e06ebd0ac83d8b5df588241a8e00632feb0c1b	a9c9ce8fc90b40ef4ee4d6284fba70b15f5903dd40b002b937623baf2347fc7d	2019-11-29 05:37:22	application/octet-stream	Win32 EXE	PE32	exe
c42358e341018a6cc299f5416149a112	4b7537f61d9a5c5ebb0e21176f8287761e1d430c	aa44cf4991260488f10f72cee92cd70b63fa85ab188e186be06c159b207d187a	2019-11-29 06:21:01	application/octet-stream	Win32 EXE	PE32	exe
a1e194ecb49ebb9c0a72b4c0b77b7a31	333172c931c962243d00a8c488de4240dc3f98c4	ad21bb33548b5b2440bca331e85a961a306ed1b12928eb9d5dddc16bceeaefe5	2019-11-29 05:34:53	application/octet-stream	Win32 EXE	PE32	exe
aaea11afd842e9e1313d4eea039ac639	7f04dc32e9f1630e3a41b3adfd71547eb5c00812	b22caad0d7b176aec7973303d6813f612a8de9796429536455aeaaf7c81d75cc	2019-11-29 06:50:16	application/octet-stream	Win32 EXE	PE32	exe
9b6b88743364e8e47de6766b04773e53	9b73f5ee100c3bcbd37dff7e0e42c9f14fab812c	b5dbcddce16bdf1754e51130c781fabba44f7564f7e6e1873b1fffa4478e4514	2019-11-29 05:33:42	application/octet-stream	Win32 EXE	PE32	exe
3f4d18228203f89d96e34d000b2d9454	cd94ce359c63920baf6ee1e7bde27766cf216736	b74967b37cdb1caea5a8f2690d26db6d46749b7ce36df680f1dc05e75ea8bda9	2019-11-29 07:01:54	application/octet-stream	Win32 EXE	PE32	exe
8289d796692c7b2499e09a590e2cf93b	b07396976b050f19469560da4cf3d6c4d495c0ce	bb9a7c685e88fad953feff9a5240b0da1b9bf1ea9016ed8e0b813936467cf6e2	2019-11-29 06:09:47	application/octet-stream	Win32 EXE	PE32	exe
04d125e2d9298eab488585515d75a1a0	cdb8c1cf23b296eb46a4cc8d9e216706de7612a0	bbc632e5d92e9a5f248a6aac5de89067a9b72b46d5e628d3701e348cbb3306cc	2019-11-29 05:29:51	application/octet-stream	Win32 EXE	PE32	exe
15e6ab43252a8273a5548ae10b80d47c	26d681365e0f878ccfe7063f0583df7674689ac6	bc7e267df48ca871a22a5ec95187671b9f96eda0fa709575389c263a00849c8a	2019-11-29 05:25:12	application/octet-stream	Win32 EXE	PE32	exe
052268e9c885655d4a8828df51183c7c	f58d151d173f66e9eb89c62d22124386940a68c0	bd19d4ec4627e879efe45fd74156be762f3ebba2842e5d947e3110cf5a0988e1	2019-11-29 05:36:00	application/octet-stream	Win32 EXE	PE32	exe
0e0d8e497739b603c854ee2ee77f1422	9475e5e41bf7b3f185e20118f76d521be8ff1eb0	c56f552d4e78bea25a724327d8c66a6f52d851e44d445c5007e3c03e5b33b867	2019-11-29 05:26:01	application/octet-stream	Win32 EXE	PE32	exe
a854da031f41d683984fcbaa84845e97	619a21a31cb04cb97cae9facdf43275fb0f64986	c72070c36836e756b65d067f1b138372810c0064fffeefef6e903cf00d9e92c5	2019-11-29 05:33:59	application/octet-stream	Win32 EXE	PE32	exe
6cb327ac993a169c4fc27a0424021c5a	d415d3c64c8851b4e7b455e74c24f206d2652748	cc5086d45fd6e6634d178d5f4fd0c380bead0563245e9b807c8141fc95bcdc9b	2019-11-29 05:38:53	application/octet-stream	Win32 EXE	PE32	exe
14933dce422f27f759d0d62fc014c601	3ea6076927f036d3bc73a40e37d69acc61a61fea	d4b7be2aac157bc6a9d62b65a9352abf588f357f5fd667e9bf89a8dc121a6358	2019-11-29 06:35:16	application/octet-stream	Win32 EXE	PE32	exe
edac72a01d98145ad5fcd6ea7505241c	06b23e527fa8e7b36f8475135c27bb76da6ccf3b	d594f397f7a0f9b01f10366de92dd766230b48863e8d7c031cd9b32752cb0bb5	2019-11-29 06:02:56	application/octet-stream	Win32 EXE	PE32	exe
dcfae691602f294f5f6e93eb3827b07e	ca625afee0f95bf2b48d00bae223baa0b8f6faec	d68878bf45f9021c2bee7fd6d22faf97c8b1ece461ce1d5178d39f642d359f12	2019-11-29 05:34:53	application/octet-stream	Win32 EXE	PE32	exe
0e89d5295027605e591057b839400ca6	a9181e09fff61ea1f637cc3c6ff040e0e8f6cefd	d700121bca2f6d5d3ad494168ce468816666a99201171194f6ac1289f73847ea	2019-11-29 05:26:23	application/octet-stream	Win32 EXE	PE32	exe
5492734fee43dbf17414b79be0a19c08	455fdd5c3799fd84e4330b050e9a5f989df68e97	d8be8c397524abbfc1e464812514dd862cb751dd7c63a0699753b42695d4a1f7	2019-11-29 05:43:16	application/octet-stream	Win32 EXE	PE32	exe
02fce33ddcd7561c32f12a2873b10598	c5d7190b7137b617fa30afce8bf8ac77860c388c	dd5cb29ed0f95b9a575b051a43b478f5efa705ce65d4ebd3b7be75f79ec76980	2019-11-29 05:30:45	application/octet-stream	Win32 EXE	PE32	exe
017cb5c582a9a0c7a0e93513fa3aec06	3626bd16e5b303f0bc91ad16923ca3277ae9a58a	dea5eb7270f0ec4d65279077d6fc77d2adf63debdb6745ae20c20b12f7e66de5	2019-11-29 05:25:07	application/octet-stream	Win32 EXE	PE32	exe
b852b649964c449b345a7bc6ba1c77d2	b648b3b189bdf2fabda098f4878885b8a03297e8	e97105212386621821a9dfa35e904d99d826645733d4858204869f7548f56ab5	2019-11-29 05:38:09	application/octet-stream	Win32 EXE	PE32	exe
647fb12a1bddffe0328a92891d3b8e4b	71a868ee121c657f7b934c8590757e594a7ba94b	eb2084b44b16dad5708ccae412f44ca5834e93c1de3c7faadc4ff54b89d1eadc	2019-11-29 05:32:26	application/octet-stream	Win32 EXE	PE32	exe
061e4dbb95edd3b5abce65d32723dfa4	5cbfa28c208d7fbc20c9dfcc86331d4aaadb5317	ebf203ea4348c25bfd167272597cb5c5bf39a1692efb0d442a18563b41327afc	2019-11-29 05:43:43	application/octet-stream	Win32 EXE	PE32	exe
dccb7a4252d3574f0d90073fd1a8e1f2	2219e786ecf512e00d3b10a824797983aff2f438	ed1ab219e8e440e50881edead7b8b9fbd109c7840be21b8e98e1df5b9d761a91	2019-11-29 05:25:49	application/octet-stream	Win32 EXE	PE32	exe
fd20a3f98424ef24b5210fcba76377b8	109755703837559b71c4c185e11444bdd1338c4a	ed3725cc0097878e5e6904163cb30c9e76d299837d72033159285c7066c86bb4	2019-11-29 05:44:23	application/octet-stream	Win32 EXE	PE32	exe
9bb8cdc58bc24032f2bccc8b0990f50f	4a1e13298c1acf4d87179a38772cc14f6b97bb41	efeb19c7fa864afa5817d3fd2bfd12c22b592a27c67912fc55f882063c02bde5	2019-11-29 05:33:40	application/octet-stream	Win32 EXE	PE32	exe
02d9b29c62f71876b760b51204243e0e	230827930ba3fc4617e40165a0ed80484d910166	f13c477ae96c78a1aac0505b461fa37a900362c065bff74f49f50a4456d546bb	2019-11-29 05:25:34	application/octet-stream	Win32 EXE	PE32	exe
b06d346b49621c738e34280cd99e6016	71bd51ba933cc7592fb1b0c58a0c8d1414945d22	f1f70bcc8220888c51153b8f4dbe159d407266c0f0df090e759cec0b57054b45	2019-11-29 01:47:47	application/octet-stream	Win32 EXE	PE32	exe
741be618a44352b88d9b4d846bdc0bb6	140e1d52c55c0f7913848b209030fc9356627e14	f508204cd6c5906e1281d453f163b3ef96712b84479c522522432cb110bf0bea	2019-11-29 06:12:16	application/octet-stream	Win32 EXE	PE32	exe
0882db084f9b429452a125db1bdac5a2	fd9e9e6b48402e9763f614c1dd2827d361f8e43b	f5dd4898a3c1ce3158b5ea463f18922f2c25bd10e277001759d24a347b1162bf	2019-11-29 06:51:18	application/octet-stream	Win32 EXE	PE32	exe
b1849b03795853db6d88ba92b15dc670	472f66cee779f17e278b03d8543063feba70fd8b	fabf95b68a5e9a3d2112fb9b6c93d27bc1b53d0ba8ecd781df05178221c82329	2019-11-29 05:50:07	application/octet-stream	Win32 EXE	PE32	exe
13b2adb2360452247140f0892ab4edb4	5c1f18040a46d6054108ee3ac019874d8393576a	fc0fbfb159719262afcfd769447dc16fdc73f17761941f7edd287af3d2f87e89	2019-11-29 05:23:03	application/octet-stream	Win32 EXE	PE32	exe
df7d0a1d008b32b0579fc5e1a22e5d93	58fc9b155e3607fa9af73815414e5355211ec962	fd9e4b91a026f8cd7403929ba8573a6c30bd8ca0614889594e69eced1aa45257	2019-11-29 05:16:03	application/octet-stream	Win32 EXE	PE32	exe
048177f23c5e70bbc07aa690a4556797	14a02f6181ec509a84aff15d4c40cbeb92d53ef3	ff65de9e6413aeb3b48f8bc53d58904fbca14f126dd7be134933b06db285f95e	2019-11-29 05:31:19	application/octet-stream	Win32 EXE	PE32	exe
