subsystem	subsystem_version	machine_type	time_stamp	code_size	initialized_data_size	unitialized_data_size	os_version	magic	pe_entry_point	md5
Windows GUI	4.0	Intel 386 or later, and compatibles	2017:05:11 14:21:37+02:00	4096	5259264	0	4.0	PE32 executable for MS Windows (DLL) (GUI) Intel 80386 32-bit	4585	12ab2e0b7d6e6a54ef9a0b3b04124059
Windows GUI	4.0	Intel 386 or later, and compatibles	2017:05:11 12:21:37+00:00	4096	5259264	0	4.0	PE32 executable for MS Windows (DLL) (GUI) Intel 80386 32-bit	4585	e9c7680e62b429a453a356c6429f9c03
Windows GUI	4.0	Intel 386 or later, and compatibles	2017:05:11 14:21:37+02:00	4096	5259264	0	4.0	PE32 executable for MS Windows (DLL) (GUI) Intel 80386 32-bit	4585	d97b7a813774ee9af6db3775421617ce
Windows GUI	4.0	Intel 386 or later, and compatibles	2017:05:11 14:21:37+02:00	4096	5259264	0	4.0	PE32 executable for MS Windows (DLL) (GUI) Intel 80386 32-bit	4585	8a60c5b26e7a3bda3934b22618791a2a
Windows GUI	4.0	Intel 386 or later, and compatibles	2017:05:11 14:21:37+02:00	4096	5259264	0	4.0	PE32 executable for MS Windows (DLL) (GUI) Intel 80386 32-bit	4585	792e9d465e86235a9279a7bd356dc869
Windows GUI	4.0	Intel 386 or later, and compatibles	2017:05:11 14:21:37+02:00	4096	5259264	0	4.0	PE32 executable for MS Windows (DLL) (GUI) Intel 80386 32-bit	4585	f86d9b9e04f2926f2e0e322376a83a50
Windows GUI	4.0	Intel 386 or later, and compatibles	2017:05:11 14:21:37+02:00	4096	5259264	0	4.0	PE32 executable for MS Windows (DLL) (GUI) Intel 80386 32-bit	4585	747b122d2ac5005ca8f29a5b8dc4a510
Windows GUI	4.0	Intel 386 or later, and compatibles	2017:05:11 12:21:37+00:00	4096	5259264	0	4.0	PE32 executable for MS Windows (DLL) (GUI) Intel 80386 32-bit	4585	36631678ad952e3a0f7dd5bccfa3d6f9
Windows GUI	4.0	Intel 386 or later, and compatibles	2017:05:11 12:21:37+00:00	4096	5259264	0	4.0	PE32 executable for MS Windows (DLL) (GUI) Intel 80386 32-bit	4585	8825da30f90c04688eb33c3f78cbd195
Windows GUI	4.0	Intel 386 or later, and compatibles	2017:05:11 14:21:37+02:00	4096	5259264	0	4.0	PE32 executable for MS Windows (DLL) (GUI) Intel 80386 32-bit	4585	51b2d63e9620e8cc494f44c9fe856a09
Windows GUI	4.0	Intel 386 or later, and compatibles	2017:05:11 14:21:37+02:00	4096	5259264	0	4.0	PE32 executable for MS Windows (DLL) (GUI) Intel 80386 32-bit	4585	17ce16bf307c1059fe2fb55c0c48a483
Windows GUI	4.0	Intel 386 or later, and compatibles	2017:05:11 14:21:37+02:00	4096	5259264	0	4.0	PE32 executable for MS Windows (DLL) (GUI) Intel 80386 32-bit	4585	8d7129d1ad154ae0f261b44b37b6ca01
Windows GUI	4.0	Intel 386 or later, and compatibles	2017:05:11 14:21:37+02:00	4096	5259264	0	4.0	PE32 executable for MS Windows (DLL) (GUI) Intel 80386 32-bit	4585	7b8359d33138f036077cdb02d70d9e37
Windows GUI	4.0	Intel 386 or later, and compatibles	2017:05:11 12:21:37+00:00	4096	5259264	0	4.0	PE32 executable for MS Windows (DLL) (GUI) Intel 80386 32-bit	4585	e47b15b0137d90824863a9dc6d105647
Windows GUI	4.0	Intel 386 or later, and compatibles	2017:05:11 14:21:37+02:00	4096	5259264	0	4.0	PE32 executable for MS Windows (DLL) (GUI) Intel 80386 32-bit	4585	b9a3acb4c93f368acd8977476ab3d0b8
Windows GUI	4.0	Intel 386 or later, and compatibles	2017:05:11 14:21:37+02:00	4096	5259264	0	4.0	PE32 executable for MS Windows (DLL) (GUI) Intel 80386 32-bit	4585	b005e31fe349236eb2043983be930c84
Windows GUI	4.0	Intel 386 or later, and compatibles	2017:05:11 14:21:37+02:00	4096	5259264	0	4.0	PE32 executable for MS Windows (DLL) (GUI) Intel 80386 32-bit	4585	ce494e90f5ba942a3f1c0fe557e598bf
Windows GUI	4.0	Intel 386 or later, and compatibles	2017:05:11 12:21:37+00:00	4096	5259264	0	4.0	PE32 executable for MS Windows (DLL) (GUI) Intel 80386 32-bit	4585	17464a712d66c4dc954e392394f920dd
Windows GUI	4.0	Intel 386 or later, and compatibles	2017:05:11 14:21:37+02:00	4096	5259264	0	4.0	PE32 executable for MS Windows (DLL) (GUI) Intel 80386 32-bit	4585	ee9ca4f8f8ed58d719013d25637dcab5
Windows GUI	4.0	Intel 386 or later, and compatibles	2017:05:11 14:21:37+02:00	4096	5259264	0	4.0	PE32 executable for MS Windows (DLL) (GUI) Intel 80386 32-bit	4585	7bbb6787fb351f808ce0f2a414ecc506
Windows GUI	4.0	Intel 386 or later, and compatibles	2017:05:11 13:21:37+01:00	4096	5259264	0	4.0	PE32 executable for MS Windows (DLL) (GUI) Intel 80386 32-bit	4585	1ab81777afef8020251e6b7b9adfea17
Windows GUI	4.0	Intel 386 or later, and compatibles	2017:05:11 14:21:37+02:00	4096	5259264	0	4.0	PE32 executable for MS Windows (DLL) (GUI) Intel 80386 32-bit	4585	b7aaeb286309a92f575247014054dc9a
Windows GUI	4.0	Intel 386 or later, and compatibles	2017:05:11 14:21:37+02:00	4096	5259264	0	4.0	PE32 executable for MS Windows (DLL) (GUI) Intel 80386 32-bit	4585	3b22590fd6990e183b7ee20a4f0a698c
Windows GUI	4.0	Intel 386 or later, and compatibles	2017:05:11 14:21:37+02:00	4096	5259264	0	4.0	PE32 executable for MS Windows (DLL) (GUI) Intel 80386 32-bit	4585	6d79ba975f8108d77440c5c47efd7c0a
Windows GUI	4.0	Intel 386 or later, and compatibles	2017:05:11 14:21:37+02:00	4096	5259264	0	4.0	PE32 executable for MS Windows (DLL) (GUI) Intel 80386 32-bit	4585	6a75c79078d884b91588891f2e6e8447
Windows GUI	4.0	Intel 386 or later, and compatibles	2017:05:11 14:21:37+02:00	4096	5259264	0	4.0	PE32 executable for MS Windows (DLL) (GUI) Intel 80386 32-bit	4585	95ae8e32eb8635e7eabe14ffbfaa777b
