scan_id	total	number_of_pos	md5
009b3fa6c1458e852b896e07b99a21fbd231247051bb53e6c9359b443bb486b1-1575010065	68	57	c13b6a4815df95652e45de3083655d6b
00e092ee95cfe9bb032ccd5360e7fc068a94f4beb0cfac190a5b61c665f8db50-1575010434	71	60	f019038f0aab1cca9bf2b5562d452b4d
01211ab3028192420cd4869a4c93ca01e8165c6eec59179c941d62816fc3019c-1575006120	70	58	52da5c1d916ea7cbdaff7e649ce99d9e
0132151f4fd08369aa067789712a7f771c1cc528478ea963501808dc7aa48db6-1575005172	70	59	111428bd294d133325cbb8f799f9b6dc
06cac3d1c984a6775a0be6af8e2f228ec5f1ae2396df7af4edf12e5c2b6879af-1575005576	69	57	1e13acbb50134a4a9e58b07eeff7ab90
0b9a1267febfaef4c2d697221301acb8415611bc499489a02dbb85ed44352ca3-1575005476	69	58	145d51a5fbfe2b62f2aa59cf0e0424f2
172d812994cd4956517747a205aa4d5c5da12a31ae225e339561b0ca2d42ca0a-1575005458	70	59	0eaa2e26fe08ef4a197865f0a321c8cc
1893d4be981501d3df6cfb6b7d1e3c6de0e394a3e335b6037942357fb4f6d3dd-1575005907	71	59	bc1a02b46d905294081fdd09360bda3d
18c9079b161778d750c920ae4711e660b283ba9bd24b5729979c4e01e2581f20-1575004959	67	57	03243eac4b22bbb76dab865fbc7c85f3
19a20164cbd7f6c532d7a6a3886cf0b60ecad0dba6d2d2fe60123c9f6ad2c89c-1575005242	70	60	4a12911191d436aa3a2e7760d3ad61a3
1e0bba44c9754364b638b6d87f82e324d8b7caf28314b40fe23eb3e96f128b63-1575006442	69	56	d80eb5170390c20665533195be89f4af
1efef0e7678a1846f4ee60d5d7664a2abe18742093d73537ca3a352a7c52f883-1575005452	71	60	0c4ee25bada408404541bc1f4db93f3c
1f555cd90e5f048e826c198f56ece5ca80488a1dc44f4639f056bb7a5f6d7cd2-1575005195	70	57	145c78841af85802c88847bc5316d7c7
21f9c641137709ea3e9f6822a968fae8d03c425649e961592c1e2c8e469f6c1a-1575004579	69	56	8c30cc3e47451df160dc18ad7079cd3b
23d34513b52f88b6df6dfa2836e0ac64d95a91ed47c24c104635991f4dbc2dca-1575005434	70	57	0a2b48be671442fcd6eabc30294ce040
2599deac79565984bdbcde0aad00b56101749454189669a79da12c298d53206d-1575010963	71	59	c10916d5bd8c01953dff02923c6eb7ab
2685ccf0646808a4fb6be091b436117231c7dabc01dbb21a643b178855d51151-1575005159	71	59	07c773571b1bda4e6981afbe0dd59836
27d276f00ab39d31fead9faf905856834e6957626a10b919d9a3775765fba426-1575005733	70	59	938b81d31d20415b3729b7ec81fa1c26
2b9e3c148d32bef949c34be3ba49021be9af25ca61808b6153898fb85a2f62cb-1575005434	70	59	09247faec3c74bfc22a1fc24310a6576
328aab84ade4bc93b5d39b81ab1c35c69badc9ebed289effcf3febac582c3aef-1575005466	70	61	3437fc64e9a51548f3db6d3369206139
358e4fc7d0e60fc9d84a449a6317d8dbe4ff410af045ba54667d2e5ab4d3d26b-1575006635	71	61	460a0bd4b87293bbf4627e5446214830
371772c669d6bcd6cf71ab1fcdef29fde985bb6c266f6aa798e0931a5dadbe0b-1575005483	69	56	944eb51221db80c87719e23d2158f2d7
387eb5e42cd81b8d7248d17530d0abff66b192263a2468ab94cd6ac909c900a5-1575005894	70	59	cba1a5b23dfa7194fd71999020f711ba
3976829d3fd0763dd03de79de94acb77b1968e9578165435b17cdbf46f5ba7be-1575005511	70	57	4917bb35dcc18f56499291b29ee95fe9
39a93783c0b12ac161d029a229ac66363023e64491ca9aac95ce180ca3758c74-1575007466	69	20	afe84c02cb0cf0a75a0b9a750e3f28d7
3e590df768e75fdc49f3e6f853d252000d850c59a2cf0919f9a5e620491d13d2-1575005115	70	59	0e25060d99046dbc5b2567ae5bbd0c2f
443d964955994202e310a7ff9b003d33730d952a332b905b53481fa79bb6cce8-1575005118	70	59	0c960d629363c0f0886d9307ff56678c
44f549bee2d523027bf6868d1b0253ca26929ce34b5193e7e6e87bb738a82f5b-1575005160	70	59	138d8401efd0e43003746403cfaca1cc
49e48c5e642d0049c9ff156eb59f0e67d236e1208683c1c7943e04e5071bf77a-1575006975	70	60	37be2187a8f3ff2b03b41f909f7534e2
4bb1476f7e39e0a37e0b94dd4fbecb150c8a26f89cbfce03a0f667c13557662a-1575010280	69	57	5a0e3b48a8b47c328ec681bae03118d2
5006a9c48fc02d1badfa93bcd8770e79cefa1be278b9b6494dc6e9ba8eb43497-1575004973	70	59	149e8a108b609a026e45e674f6a38a42
5044456263a0c2052308c254b5db35dea064b249f985d6fb64b890d93562151b-1575005112	71	60	09a6fdfaa84c6b0f63ae1e1899513830
50ef29787ddf95b585a4a83122e5295050189ef18c37534510c075c5bb0e095b-1575009953	70	58	b67593cdf2a346ca17f25508d0ced6e4
5313c685d65981e6663ae56450ada0ac1dd5d9cdbe1af613774b18fe45cd9630-1575005818	71	58	300141249dbb1efe9bbd9d32c495d482
53a202ecd3f8e285c03bfbdc8c6c4a7a103d17fbec985b1cbdf3ac319dbcf3c7-1575008794	71	55	08d1b27afc5f34e072d405d379b6add0
5e8afec82d526e710d9532c82c24751112d3a7480632bdd7727bc5939d4d6afc-1575005491	70	59	044aed7a2c0b441ce7647c040b244c73
5f9f92e522a4146b004da93bd9ab53ee72eef9c2c0d80f534a36b132cac2b42c-1575005160	69	57	01d972afe381635ab95d1a85e9d37122
60bb870a9c5a883567de064593f22571668bf77c07c58df3f115dc9471e7f7f9-1575004357	68	57	849c992b81ae6a130244805aab2557f9
644c2fde5ae577f3571cdf73ab5dce543ed30495d2a2e287dad234f84a908d7c-1575006566	70	58	f233680f86a5ef85ddc4fd8a690584ce
64c849ad4ffb4ed98972d99c43a1557cb67b077fd5e90f2ca1580516819a359e-1575005428	68	57	15f4c23a5169a1f4c7aa05590e58180e
6908a0c2228ab8d227cf9ba19def649dce5d45e796c0a3008ceecf629fc489a5-1575010662	71	59	213519c2edbfff7b8e500bcdb7be485e
6b35f25b875b6cd2c3a2721d38dc0b599b41c70be230095f51153353f930ec56-1575005478	71	60	09e4320768f94a75b03e79372deddd80
6ed150ed5592870e158ded825b71762c65f8dd45917ce4ae17d11b599e1755cd-1575004108	70	59	8874eefa66fc80432258e5f8b51efb90
6ee5d6b80eaa430566bea21a514eae8e58554d1836b0ae2c042b423f6343ad17-1575005549	70	59	1baf88550f90c9051a7415dc0c1db1bf
6ff90aafc5b95dca253df3c6fe05b2dc36baf44aa8a3919a49a49da8e1dbf8c2-1575005898	70	58	53406d5f6bb73307978d7cb76704912f
7049703553179f59ad16188cdd5dfa088ed5d880e0eb65cfa3d3b64b62becaee-1575004952	70	57	0a046424b0057eebc3cb640d6435f132
709a7c0fb177387373696374ad57780e703bb054892c67445ed0d5c13f7ae980-1575005485	69	56	0a853f42b8afd5d54e7faff22e73d17a
7256e853ed20263e3a186d093e443097aa19ef5bf6777ae184b6e74cf9cdbd8d-1575010930	71	61	8ac00642db35d3eb1a23d25c3ab3731a
72cdaea71cbc1bd2dffa8e65b5b930de0c55eaf37dc127a172ad4a13cadd6fa0-1575008711	70	59	e66d8587f9a6c9be4600d400221e2388
752e5de93daa2bf8af4166146cb2357b65777173639ae691b7c561fbd5bed2b1-1575004605	71	60	09b26c0da2362e0e5524f8c5d0672f91
77ca23d3af06729b5ee8f3c8b4ea354ea004b3464ff179c4f6dcc4ecffbd0d0f-1575009535	65	53	e2d42a365b884f846d049af39ac47be0
79843fed5d3e0a0518541e2461786bf6dd3a68c840c1a49573cde316c56baad8-1575008352	71	55	ee647bf5e177b0d0c4212306ee62b119
7bef7c06274db5aa84a5a3541806741d1d84e43eafe02b37969078475f477d1f-1575009024	69	59	6b014c61c1275231e66f2a10faea8978
7e310fb22d578468d114c0fbe801472cd47281a6094378f313400d654de2f766-1575005055	69	55	3259a0dc78db4bf4f37785bc075d2094
807dfda10cbc9d7653a781b9d5b0b6c0396e648be9ad890f4dac3db67b588c84-1575006290	71	59	151aa7038956170ad5f15e4ee01dd487
824889308e6fed5a5562186078a2ec6a487bfe189d4295bb0a0a8d409d0425cd-1575005484	71	58	0a2de5e799143ae0087ceba4fe3af9b8
8362d5087abbb435b638cbbffafe3a4e9b0db46a92d2327f72bc852e0eb3f3e0-1575010192	68	57	4e35d4f514fddaaede9f31fc8c7ea8d1
840fed12bcf2d201b2aa3ae9e69926fa6ff239d04eaca00209d2bc2f8753d7e0-1575010692	70	61	9398f817577a5e4e746901bc9019630c
892297c9f4ea0968c44174db99db117bb23ec7e142729124fbda518dc369f555-1575005430	70	59	07fb5fb393b14c3235d306401993c501
8965f327da83efab817eb4d49f7e434d62c618b42eb1da9e953b52dc2ac2bef1-1575007025	70	58	d38cdc1f56d2234792bc9817407f137e
8a746a3272a54fd49150ae4f1a7d729779c781c49bc33c45694ff8ca9ab2a894-1575005517	71	59	d10060a470a61f856e40897e3fe4baba
8fd5a6c8b2bd6a9aad499d09f69f44fd1c90326c5cbe94b82dc637cf7e57ace7-1575005893	71	60	db32013afdedee1634b6d3578131cd1c
90b50d2669b330ceb820afc53d3e39fbc7d52a6f01f8e4d69dc87ca378e4ce75-1575004297	71	60	e0c21abf8fc0b46cb7472d4b72f5d20a
937269ff8da00cc456856f3c72ef866a591870158d9d0ae4a35cac4517df88a9-1575005061	70	57	8be7156a0a98e48dcce11173e4e434b5
97fd48bdbecc974dcb8196a063986ae1527249098a9dc11c036639969bb98685-1575005831	70	58	c16c7005a823f17f5a4296b3a6a1c180
9e2a71910e4da2991c4c02fd42be5e6f28362e8ae333771a85835ad3069eb72d-1575005474	71	59	12b5f53d4606a3a5192c53473722e202
9f3dd48976c606abb8890e3b2cb609799bd8abbd23d15906def6a6f3a808d624-1575004759	69	57	66be1d398ac9f14bfe93acbbc02db721
a19fadbd2ee9c068ef8230830d4f42a36af3742abd0a74bdd06eccc2133daf15-1575005425	71	60	6257057009dc28177db44744716ae088
a26ba78dcef59a4b9dff514ac1b552caf551ec4e219f8e2f0cd522b91d71667c-1575005133	70	59	0f8f25fdd4616b5de969a659ef68df22
a3876077dc6d1b8e67bbe573da7a57117d101ea7e5bc151d67f5670997aeb6ef-1575006003	69	58	b4fd87a7d2e209a0e3a4f3fb44da74b9
a9c9ce8fc90b40ef4ee4d6284fba70b15f5903dd40b002b937623baf2347fc7d-1575005842	70	62	4b3093c79f52ca55205da722fde1fbe0
aa44cf4991260488f10f72cee92cd70b63fa85ab188e186be06c159b207d187a-1575008461	68	58	c42358e341018a6cc299f5416149a112
ad21bb33548b5b2440bca331e85a961a306ed1b12928eb9d5dddc16bceeaefe5-1575005693	70	59	a1e194ecb49ebb9c0a72b4c0b77b7a31
b22caad0d7b176aec7973303d6813f612a8de9796429536455aeaaf7c81d75cc-1575010216	70	58	aaea11afd842e9e1313d4eea039ac639
b5dbcddce16bdf1754e51130c781fabba44f7564f7e6e1873b1fffa4478e4514-1575005622	71	60	9b6b88743364e8e47de6766b04773e53
b74967b37cdb1caea5a8f2690d26db6d46749b7ce36df680f1dc05e75ea8bda9-1575010914	68	55	3f4d18228203f89d96e34d000b2d9454
bb9a7c685e88fad953feff9a5240b0da1b9bf1ea9016ed8e0b813936467cf6e2-1575007787	70	55	8289d796692c7b2499e09a590e2cf93b
bbc632e5d92e9a5f248a6aac5de89067a9b72b46d5e628d3701e348cbb3306cc-1575005391	69	56	04d125e2d9298eab488585515d75a1a0
bc7e267df48ca871a22a5ec95187671b9f96eda0fa709575389c263a00849c8a-1575005112	70	59	15e6ab43252a8273a5548ae10b80d47c
bd19d4ec4627e879efe45fd74156be762f3ebba2842e5d947e3110cf5a0988e1-1575005760	71	60	052268e9c885655d4a8828df51183c7c
c56f552d4e78bea25a724327d8c66a6f52d851e44d445c5007e3c03e5b33b867-1575005161	68	57	0e0d8e497739b603c854ee2ee77f1422
c72070c36836e756b65d067f1b138372810c0064fffeefef6e903cf00d9e92c5-1575005639	70	57	a854da031f41d683984fcbaa84845e97
cc5086d45fd6e6634d178d5f4fd0c380bead0563245e9b807c8141fc95bcdc9b-1575005933	71	60	6cb327ac993a169c4fc27a0424021c5a
d4b7be2aac157bc6a9d62b65a9352abf588f357f5fd667e9bf89a8dc121a6358-1575009316	70	59	14933dce422f27f759d0d62fc014c601
d594f397f7a0f9b01f10366de92dd766230b48863e8d7c031cd9b32752cb0bb5-1575007376	70	56	edac72a01d98145ad5fcd6ea7505241c
d68878bf45f9021c2bee7fd6d22faf97c8b1ece461ce1d5178d39f642d359f12-1575005693	70	57	dcfae691602f294f5f6e93eb3827b07e
d700121bca2f6d5d3ad494168ce468816666a99201171194f6ac1289f73847ea-1575005183	69	58	0e89d5295027605e591057b839400ca6
d8be8c397524abbfc1e464812514dd862cb751dd7c63a0699753b42695d4a1f7-1575006196	70	60	5492734fee43dbf17414b79be0a19c08
dd5cb29ed0f95b9a575b051a43b478f5efa705ce65d4ebd3b7be75f79ec76980-1575005445	70	57	02fce33ddcd7561c32f12a2873b10598
dea5eb7270f0ec4d65279077d6fc77d2adf63debdb6745ae20c20b12f7e66de5-1575005107	70	58	017cb5c582a9a0c7a0e93513fa3aec06
e97105212386621821a9dfa35e904d99d826645733d4858204869f7548f56ab5-1575005889	70	58	b852b649964c449b345a7bc6ba1c77d2
eb2084b44b16dad5708ccae412f44ca5834e93c1de3c7faadc4ff54b89d1eadc-1575005546	70	58	647fb12a1bddffe0328a92891d3b8e4b
ebf203ea4348c25bfd167272597cb5c5bf39a1692efb0d442a18563b41327afc-1575006223	70	57	061e4dbb95edd3b5abce65d32723dfa4
ed1ab219e8e440e50881edead7b8b9fbd109c7840be21b8e98e1df5b9d761a91-1575005149	69	58	dccb7a4252d3574f0d90073fd1a8e1f2
ed3725cc0097878e5e6904163cb30c9e76d299837d72033159285c7066c86bb4-1575006263	70	57	fd20a3f98424ef24b5210fcba76377b8
efeb19c7fa864afa5817d3fd2bfd12c22b592a27c67912fc55f882063c02bde5-1575005620	71	61	9bb8cdc58bc24032f2bccc8b0990f50f
f13c477ae96c78a1aac0505b461fa37a900362c065bff74f49f50a4456d546bb-1575005134	71	58	02d9b29c62f71876b760b51204243e0e
f1f70bcc8220888c51153b8f4dbe159d407266c0f0df090e759cec0b57054b45-1575007139	70	58	b06d346b49621c738e34280cd99e6016
f508204cd6c5906e1281d453f163b3ef96712b84479c522522432cb110bf0bea-1575007936	71	59	741be618a44352b88d9b4d846bdc0bb6
f5dd4898a3c1ce3158b5ea463f18922f2c25bd10e277001759d24a347b1162bf-1575010278	70	59	0882db084f9b429452a125db1bdac5a2
fabf95b68a5e9a3d2112fb9b6c93d27bc1b53d0ba8ecd781df05178221c82329-1575006607	70	58	b1849b03795853db6d88ba92b15dc670
fc0fbfb159719262afcfd769447dc16fdc73f17761941f7edd287af3d2f87e89-1575004983	69	57	13b2adb2360452247140f0892ab4edb4
fd9e4b91a026f8cd7403929ba8573a6c30bd8ca0614889594e69eced1aa45257-1575004563	70	59	df7d0a1d008b32b0579fc5e1a22e5d93
ff65de9e6413aeb3b48f8bc53d58904fbca14f126dd7be134933b06db285f95e-1575005479	70	58	048177f23c5e70bbc07aa690a4556797
