md5	function_names
12ab2e0b7d6e6a54ef9a0b3b04124059	CreateProcessA
12ab2e0b7d6e6a54ef9a0b3b04124059	SizeofResource
12ab2e0b7d6e6a54ef9a0b3b04124059	LoadResource
12ab2e0b7d6e6a54ef9a0b3b04124059	LockResource
12ab2e0b7d6e6a54ef9a0b3b04124059	WriteFile
12ab2e0b7d6e6a54ef9a0b3b04124059	CloseHandle
12ab2e0b7d6e6a54ef9a0b3b04124059	CreateFileA
12ab2e0b7d6e6a54ef9a0b3b04124059	FindResourceA
12ab2e0b7d6e6a54ef9a0b3b04124059	_adjust_fdiv
12ab2e0b7d6e6a54ef9a0b3b04124059	_initterm
12ab2e0b7d6e6a54ef9a0b3b04124059	malloc
12ab2e0b7d6e6a54ef9a0b3b04124059	free
12ab2e0b7d6e6a54ef9a0b3b04124059	sprintf
e9c7680e62b429a453a356c6429f9c03	CreateProcessA
e9c7680e62b429a453a356c6429f9c03	SizeofResource
e9c7680e62b429a453a356c6429f9c03	LoadResource
e9c7680e62b429a453a356c6429f9c03	LockResource
e9c7680e62b429a453a356c6429f9c03	WriteFile
e9c7680e62b429a453a356c6429f9c03	CloseHandle
e9c7680e62b429a453a356c6429f9c03	CreateFileA
e9c7680e62b429a453a356c6429f9c03	FindResourceA
e9c7680e62b429a453a356c6429f9c03	_adjust_fdiv
e9c7680e62b429a453a356c6429f9c03	_initterm
e9c7680e62b429a453a356c6429f9c03	malloc
e9c7680e62b429a453a356c6429f9c03	free
e9c7680e62b429a453a356c6429f9c03	sprintf
d97b7a813774ee9af6db3775421617ce	CreateProcessA
d97b7a813774ee9af6db3775421617ce	SizeofResource
d97b7a813774ee9af6db3775421617ce	LoadResource
d97b7a813774ee9af6db3775421617ce	LockResource
d97b7a813774ee9af6db3775421617ce	WriteFile
d97b7a813774ee9af6db3775421617ce	CloseHandle
d97b7a813774ee9af6db3775421617ce	CreateFileA
d97b7a813774ee9af6db3775421617ce	FindResourceA
d97b7a813774ee9af6db3775421617ce	_adjust_fdiv
d97b7a813774ee9af6db3775421617ce	_initterm
d97b7a813774ee9af6db3775421617ce	malloc
d97b7a813774ee9af6db3775421617ce	free
d97b7a813774ee9af6db3775421617ce	sprintf
8a60c5b26e7a3bda3934b22618791a2a	CreateProcessA
8a60c5b26e7a3bda3934b22618791a2a	SizeofResource
8a60c5b26e7a3bda3934b22618791a2a	LoadResource
8a60c5b26e7a3bda3934b22618791a2a	LockResource
8a60c5b26e7a3bda3934b22618791a2a	WriteFile
8a60c5b26e7a3bda3934b22618791a2a	CloseHandle
8a60c5b26e7a3bda3934b22618791a2a	CreateFileA
8a60c5b26e7a3bda3934b22618791a2a	FindResourceA
8a60c5b26e7a3bda3934b22618791a2a	_adjust_fdiv
8a60c5b26e7a3bda3934b22618791a2a	_initterm
8a60c5b26e7a3bda3934b22618791a2a	malloc
8a60c5b26e7a3bda3934b22618791a2a	free
8a60c5b26e7a3bda3934b22618791a2a	sprintf
792e9d465e86235a9279a7bd356dc869	CreateProcessA
792e9d465e86235a9279a7bd356dc869	SizeofResource
792e9d465e86235a9279a7bd356dc869	LoadResource
792e9d465e86235a9279a7bd356dc869	LockResource
792e9d465e86235a9279a7bd356dc869	WriteFile
792e9d465e86235a9279a7bd356dc869	CloseHandle
792e9d465e86235a9279a7bd356dc869	CreateFileA
792e9d465e86235a9279a7bd356dc869	FindResourceA
792e9d465e86235a9279a7bd356dc869	_adjust_fdiv
792e9d465e86235a9279a7bd356dc869	_initterm
792e9d465e86235a9279a7bd356dc869	malloc
792e9d465e86235a9279a7bd356dc869	free
792e9d465e86235a9279a7bd356dc869	sprintf
f86d9b9e04f2926f2e0e322376a83a50	CreateProcessA
f86d9b9e04f2926f2e0e322376a83a50	SizeofResource
f86d9b9e04f2926f2e0e322376a83a50	LoadResource
f86d9b9e04f2926f2e0e322376a83a50	LockResource
f86d9b9e04f2926f2e0e322376a83a50	WriteFile
f86d9b9e04f2926f2e0e322376a83a50	CloseHandle
f86d9b9e04f2926f2e0e322376a83a50	CreateFileA
f86d9b9e04f2926f2e0e322376a83a50	FindResourceA
f86d9b9e04f2926f2e0e322376a83a50	_adjust_fdiv
f86d9b9e04f2926f2e0e322376a83a50	_initterm
f86d9b9e04f2926f2e0e322376a83a50	malloc
f86d9b9e04f2926f2e0e322376a83a50	free
f86d9b9e04f2926f2e0e322376a83a50	sprintf
747b122d2ac5005ca8f29a5b8dc4a510	CreateProcessA
747b122d2ac5005ca8f29a5b8dc4a510	SizeofResource
747b122d2ac5005ca8f29a5b8dc4a510	LoadResource
747b122d2ac5005ca8f29a5b8dc4a510	LockResource
747b122d2ac5005ca8f29a5b8dc4a510	WriteFile
747b122d2ac5005ca8f29a5b8dc4a510	CloseHandle
747b122d2ac5005ca8f29a5b8dc4a510	CreateFileA
747b122d2ac5005ca8f29a5b8dc4a510	FindResourceA
747b122d2ac5005ca8f29a5b8dc4a510	_adjust_fdiv
747b122d2ac5005ca8f29a5b8dc4a510	_initterm
747b122d2ac5005ca8f29a5b8dc4a510	malloc
747b122d2ac5005ca8f29a5b8dc4a510	free
747b122d2ac5005ca8f29a5b8dc4a510	sprintf
36631678ad952e3a0f7dd5bccfa3d6f9	CreateProcessA
36631678ad952e3a0f7dd5bccfa3d6f9	SizeofResource
36631678ad952e3a0f7dd5bccfa3d6f9	LoadResource
36631678ad952e3a0f7dd5bccfa3d6f9	LockResource
36631678ad952e3a0f7dd5bccfa3d6f9	WriteFile
36631678ad952e3a0f7dd5bccfa3d6f9	CloseHandle
36631678ad952e3a0f7dd5bccfa3d6f9	CreateFileA
36631678ad952e3a0f7dd5bccfa3d6f9	FindResourceA
36631678ad952e3a0f7dd5bccfa3d6f9	_adjust_fdiv
36631678ad952e3a0f7dd5bccfa3d6f9	_initterm
36631678ad952e3a0f7dd5bccfa3d6f9	malloc
36631678ad952e3a0f7dd5bccfa3d6f9	free
36631678ad952e3a0f7dd5bccfa3d6f9	sprintf
8825da30f90c04688eb33c3f78cbd195	CreateProcessA
8825da30f90c04688eb33c3f78cbd195	SizeofResource
8825da30f90c04688eb33c3f78cbd195	LoadResource
8825da30f90c04688eb33c3f78cbd195	LockResource
8825da30f90c04688eb33c3f78cbd195	WriteFile
8825da30f90c04688eb33c3f78cbd195	CloseHandle
8825da30f90c04688eb33c3f78cbd195	CreateFileA
8825da30f90c04688eb33c3f78cbd195	FindResourceA
8825da30f90c04688eb33c3f78cbd195	_adjust_fdiv
8825da30f90c04688eb33c3f78cbd195	_initterm
8825da30f90c04688eb33c3f78cbd195	malloc
8825da30f90c04688eb33c3f78cbd195	free
8825da30f90c04688eb33c3f78cbd195	sprintf
51b2d63e9620e8cc494f44c9fe856a09	CreateProcessA
51b2d63e9620e8cc494f44c9fe856a09	SizeofResource
51b2d63e9620e8cc494f44c9fe856a09	LoadResource
51b2d63e9620e8cc494f44c9fe856a09	LockResource
51b2d63e9620e8cc494f44c9fe856a09	WriteFile
51b2d63e9620e8cc494f44c9fe856a09	CloseHandle
51b2d63e9620e8cc494f44c9fe856a09	CreateFileA
51b2d63e9620e8cc494f44c9fe856a09	FindResourceA
51b2d63e9620e8cc494f44c9fe856a09	_adjust_fdiv
51b2d63e9620e8cc494f44c9fe856a09	_initterm
51b2d63e9620e8cc494f44c9fe856a09	malloc
51b2d63e9620e8cc494f44c9fe856a09	free
51b2d63e9620e8cc494f44c9fe856a09	sprintf
17ce16bf307c1059fe2fb55c0c48a483	CreateProcessA
17ce16bf307c1059fe2fb55c0c48a483	SizeofResource
17ce16bf307c1059fe2fb55c0c48a483	LoadResource
17ce16bf307c1059fe2fb55c0c48a483	LockResource
17ce16bf307c1059fe2fb55c0c48a483	WriteFile
17ce16bf307c1059fe2fb55c0c48a483	CloseHandle
17ce16bf307c1059fe2fb55c0c48a483	CreateFileA
17ce16bf307c1059fe2fb55c0c48a483	FindResourceA
17ce16bf307c1059fe2fb55c0c48a483	_adjust_fdiv
17ce16bf307c1059fe2fb55c0c48a483	_initterm
17ce16bf307c1059fe2fb55c0c48a483	malloc
17ce16bf307c1059fe2fb55c0c48a483	free
17ce16bf307c1059fe2fb55c0c48a483	sprintf
8d7129d1ad154ae0f261b44b37b6ca01	CreateProcessA
8d7129d1ad154ae0f261b44b37b6ca01	SizeofResource
8d7129d1ad154ae0f261b44b37b6ca01	LoadResource
8d7129d1ad154ae0f261b44b37b6ca01	LockResource
8d7129d1ad154ae0f261b44b37b6ca01	WriteFile
8d7129d1ad154ae0f261b44b37b6ca01	CloseHandle
8d7129d1ad154ae0f261b44b37b6ca01	CreateFileA
8d7129d1ad154ae0f261b44b37b6ca01	FindResourceA
8d7129d1ad154ae0f261b44b37b6ca01	_adjust_fdiv
8d7129d1ad154ae0f261b44b37b6ca01	_initterm
8d7129d1ad154ae0f261b44b37b6ca01	malloc
8d7129d1ad154ae0f261b44b37b6ca01	free
8d7129d1ad154ae0f261b44b37b6ca01	sprintf
7b8359d33138f036077cdb02d70d9e37	CreateProcessA
7b8359d33138f036077cdb02d70d9e37	SizeofResource
7b8359d33138f036077cdb02d70d9e37	LoadResource
7b8359d33138f036077cdb02d70d9e37	LockResource
7b8359d33138f036077cdb02d70d9e37	WriteFile
7b8359d33138f036077cdb02d70d9e37	CloseHandle
7b8359d33138f036077cdb02d70d9e37	CreateFileA
7b8359d33138f036077cdb02d70d9e37	FindResourceA
7b8359d33138f036077cdb02d70d9e37	_adjust_fdiv
7b8359d33138f036077cdb02d70d9e37	_initterm
7b8359d33138f036077cdb02d70d9e37	malloc
7b8359d33138f036077cdb02d70d9e37	free
7b8359d33138f036077cdb02d70d9e37	sprintf
e47b15b0137d90824863a9dc6d105647	CreateProcessA
e47b15b0137d90824863a9dc6d105647	SizeofResource
e47b15b0137d90824863a9dc6d105647	LoadResource
e47b15b0137d90824863a9dc6d105647	LockResource
e47b15b0137d90824863a9dc6d105647	WriteFile
e47b15b0137d90824863a9dc6d105647	CloseHandle
e47b15b0137d90824863a9dc6d105647	CreateFileA
e47b15b0137d90824863a9dc6d105647	FindResourceA
e47b15b0137d90824863a9dc6d105647	_adjust_fdiv
e47b15b0137d90824863a9dc6d105647	_initterm
e47b15b0137d90824863a9dc6d105647	malloc
e47b15b0137d90824863a9dc6d105647	free
e47b15b0137d90824863a9dc6d105647	sprintf
b9a3acb4c93f368acd8977476ab3d0b8	CreateProcessA
b9a3acb4c93f368acd8977476ab3d0b8	SizeofResource
b9a3acb4c93f368acd8977476ab3d0b8	LoadResource
b9a3acb4c93f368acd8977476ab3d0b8	LockResource
b9a3acb4c93f368acd8977476ab3d0b8	WriteFile
b9a3acb4c93f368acd8977476ab3d0b8	CloseHandle
b9a3acb4c93f368acd8977476ab3d0b8	CreateFileA
b9a3acb4c93f368acd8977476ab3d0b8	FindResourceA
b9a3acb4c93f368acd8977476ab3d0b8	_adjust_fdiv
b9a3acb4c93f368acd8977476ab3d0b8	_initterm
b9a3acb4c93f368acd8977476ab3d0b8	malloc
b9a3acb4c93f368acd8977476ab3d0b8	free
b9a3acb4c93f368acd8977476ab3d0b8	sprintf
b005e31fe349236eb2043983be930c84	CreateProcessA
b005e31fe349236eb2043983be930c84	SizeofResource
b005e31fe349236eb2043983be930c84	LoadResource
b005e31fe349236eb2043983be930c84	LockResource
b005e31fe349236eb2043983be930c84	WriteFile
b005e31fe349236eb2043983be930c84	CloseHandle
b005e31fe349236eb2043983be930c84	CreateFileA
b005e31fe349236eb2043983be930c84	FindResourceA
b005e31fe349236eb2043983be930c84	_adjust_fdiv
b005e31fe349236eb2043983be930c84	_initterm
b005e31fe349236eb2043983be930c84	malloc
b005e31fe349236eb2043983be930c84	free
b005e31fe349236eb2043983be930c84	sprintf
ce494e90f5ba942a3f1c0fe557e598bf	CreateProcessA
ce494e90f5ba942a3f1c0fe557e598bf	SizeofResource
ce494e90f5ba942a3f1c0fe557e598bf	LoadResource
ce494e90f5ba942a3f1c0fe557e598bf	LockResource
ce494e90f5ba942a3f1c0fe557e598bf	WriteFile
ce494e90f5ba942a3f1c0fe557e598bf	CloseHandle
ce494e90f5ba942a3f1c0fe557e598bf	CreateFileA
ce494e90f5ba942a3f1c0fe557e598bf	FindResourceA
ce494e90f5ba942a3f1c0fe557e598bf	_adjust_fdiv
ce494e90f5ba942a3f1c0fe557e598bf	_initterm
ce494e90f5ba942a3f1c0fe557e598bf	malloc
ce494e90f5ba942a3f1c0fe557e598bf	free
ce494e90f5ba942a3f1c0fe557e598bf	sprintf
17464a712d66c4dc954e392394f920dd	CreateProcessA
17464a712d66c4dc954e392394f920dd	SizeofResource
17464a712d66c4dc954e392394f920dd	LoadResource
17464a712d66c4dc954e392394f920dd	LockResource
17464a712d66c4dc954e392394f920dd	WriteFile
17464a712d66c4dc954e392394f920dd	CloseHandle
17464a712d66c4dc954e392394f920dd	CreateFileA
17464a712d66c4dc954e392394f920dd	FindResourceA
17464a712d66c4dc954e392394f920dd	_adjust_fdiv
17464a712d66c4dc954e392394f920dd	_initterm
17464a712d66c4dc954e392394f920dd	malloc
17464a712d66c4dc954e392394f920dd	free
17464a712d66c4dc954e392394f920dd	sprintf
ee9ca4f8f8ed58d719013d25637dcab5	CreateProcessA
ee9ca4f8f8ed58d719013d25637dcab5	SizeofResource
ee9ca4f8f8ed58d719013d25637dcab5	LoadResource
ee9ca4f8f8ed58d719013d25637dcab5	LockResource
ee9ca4f8f8ed58d719013d25637dcab5	WriteFile
ee9ca4f8f8ed58d719013d25637dcab5	CloseHandle
ee9ca4f8f8ed58d719013d25637dcab5	CreateFileA
ee9ca4f8f8ed58d719013d25637dcab5	FindResourceA
ee9ca4f8f8ed58d719013d25637dcab5	_adjust_fdiv
ee9ca4f8f8ed58d719013d25637dcab5	_initterm
ee9ca4f8f8ed58d719013d25637dcab5	malloc
ee9ca4f8f8ed58d719013d25637dcab5	free
ee9ca4f8f8ed58d719013d25637dcab5	sprintf
7bbb6787fb351f808ce0f2a414ecc506	CreateProcessA
7bbb6787fb351f808ce0f2a414ecc506	SizeofResource
7bbb6787fb351f808ce0f2a414ecc506	LoadResource
7bbb6787fb351f808ce0f2a414ecc506	LockResource
7bbb6787fb351f808ce0f2a414ecc506	WriteFile
7bbb6787fb351f808ce0f2a414ecc506	CloseHandle
7bbb6787fb351f808ce0f2a414ecc506	CreateFileA
7bbb6787fb351f808ce0f2a414ecc506	FindResourceA
7bbb6787fb351f808ce0f2a414ecc506	_adjust_fdiv
7bbb6787fb351f808ce0f2a414ecc506	_initterm
7bbb6787fb351f808ce0f2a414ecc506	malloc
7bbb6787fb351f808ce0f2a414ecc506	free
7bbb6787fb351f808ce0f2a414ecc506	sprintf
1ab81777afef8020251e6b7b9adfea17	CreateProcessA
1ab81777afef8020251e6b7b9adfea17	SizeofResource
1ab81777afef8020251e6b7b9adfea17	LoadResource
1ab81777afef8020251e6b7b9adfea17	LockResource
1ab81777afef8020251e6b7b9adfea17	WriteFile
1ab81777afef8020251e6b7b9adfea17	CloseHandle
1ab81777afef8020251e6b7b9adfea17	CreateFileA
1ab81777afef8020251e6b7b9adfea17	FindResourceA
1ab81777afef8020251e6b7b9adfea17	_adjust_fdiv
1ab81777afef8020251e6b7b9adfea17	_initterm
1ab81777afef8020251e6b7b9adfea17	malloc
1ab81777afef8020251e6b7b9adfea17	free
1ab81777afef8020251e6b7b9adfea17	sprintf
b7aaeb286309a92f575247014054dc9a	CreateProcessA
b7aaeb286309a92f575247014054dc9a	SizeofResource
b7aaeb286309a92f575247014054dc9a	LoadResource
b7aaeb286309a92f575247014054dc9a	LockResource
b7aaeb286309a92f575247014054dc9a	WriteFile
b7aaeb286309a92f575247014054dc9a	CloseHandle
b7aaeb286309a92f575247014054dc9a	CreateFileA
b7aaeb286309a92f575247014054dc9a	FindResourceA
b7aaeb286309a92f575247014054dc9a	_adjust_fdiv
b7aaeb286309a92f575247014054dc9a	_initterm
b7aaeb286309a92f575247014054dc9a	malloc
b7aaeb286309a92f575247014054dc9a	free
b7aaeb286309a92f575247014054dc9a	sprintf
3b22590fd6990e183b7ee20a4f0a698c	CreateProcessA
3b22590fd6990e183b7ee20a4f0a698c	SizeofResource
3b22590fd6990e183b7ee20a4f0a698c	LoadResource
3b22590fd6990e183b7ee20a4f0a698c	LockResource
3b22590fd6990e183b7ee20a4f0a698c	WriteFile
3b22590fd6990e183b7ee20a4f0a698c	CloseHandle
3b22590fd6990e183b7ee20a4f0a698c	CreateFileA
3b22590fd6990e183b7ee20a4f0a698c	FindResourceA
3b22590fd6990e183b7ee20a4f0a698c	_adjust_fdiv
3b22590fd6990e183b7ee20a4f0a698c	_initterm
3b22590fd6990e183b7ee20a4f0a698c	malloc
3b22590fd6990e183b7ee20a4f0a698c	free
3b22590fd6990e183b7ee20a4f0a698c	sprintf
6d79ba975f8108d77440c5c47efd7c0a	CreateProcessA
6d79ba975f8108d77440c5c47efd7c0a	SizeofResource
6d79ba975f8108d77440c5c47efd7c0a	LoadResource
6d79ba975f8108d77440c5c47efd7c0a	LockResource
6d79ba975f8108d77440c5c47efd7c0a	WriteFile
6d79ba975f8108d77440c5c47efd7c0a	CloseHandle
6d79ba975f8108d77440c5c47efd7c0a	CreateFileA
6d79ba975f8108d77440c5c47efd7c0a	FindResourceA
6d79ba975f8108d77440c5c47efd7c0a	_adjust_fdiv
6d79ba975f8108d77440c5c47efd7c0a	_initterm
6d79ba975f8108d77440c5c47efd7c0a	malloc
6d79ba975f8108d77440c5c47efd7c0a	free
6d79ba975f8108d77440c5c47efd7c0a	sprintf
6a75c79078d884b91588891f2e6e8447	CreateProcessA
6a75c79078d884b91588891f2e6e8447	SizeofResource
6a75c79078d884b91588891f2e6e8447	LoadResource
6a75c79078d884b91588891f2e6e8447	LockResource
6a75c79078d884b91588891f2e6e8447	WriteFile
6a75c79078d884b91588891f2e6e8447	CloseHandle
6a75c79078d884b91588891f2e6e8447	CreateFileA
6a75c79078d884b91588891f2e6e8447	FindResourceA
6a75c79078d884b91588891f2e6e8447	_adjust_fdiv
6a75c79078d884b91588891f2e6e8447	_initterm
6a75c79078d884b91588891f2e6e8447	malloc
6a75c79078d884b91588891f2e6e8447	free
6a75c79078d884b91588891f2e6e8447	sprintf
95ae8e32eb8635e7eabe14ffbfaa777b	CreateProcessA
95ae8e32eb8635e7eabe14ffbfaa777b	SizeofResource
95ae8e32eb8635e7eabe14ffbfaa777b	LoadResource
95ae8e32eb8635e7eabe14ffbfaa777b	LockResource
95ae8e32eb8635e7eabe14ffbfaa777b	WriteFile
95ae8e32eb8635e7eabe14ffbfaa777b	CloseHandle
95ae8e32eb8635e7eabe14ffbfaa777b	CreateFileA
95ae8e32eb8635e7eabe14ffbfaa777b	FindResourceA
95ae8e32eb8635e7eabe14ffbfaa777b	_adjust_fdiv
95ae8e32eb8635e7eabe14ffbfaa777b	_initterm
95ae8e32eb8635e7eabe14ffbfaa777b	malloc
95ae8e32eb8635e7eabe14ffbfaa777b	free
95ae8e32eb8635e7eabe14ffbfaa777b	sprintf
